15:34:0,-29.452002018827002
15:34:1,-29.971598916043497
15:34:3,-28.037084332016722
15:34:4,-27.700782500593387
15:34:5,-26.381932593963203
15:34:7,-29.454122868970053
15:34:8,-27.09274762114791
15:34:9,-28.958477287819168
15:34:11,-30.462427248005103
15:34:12,-29.587510340149766
15:34:14,-29.10689999476066
15:34:15,-29.6625597637499
15:34:16,-30.93532853289149
15:34:18,-30.008647539693378
15:34:19,-29.907238817982407
15:34:20,-28.10452400735602
15:34:22,-28.217261377391907
15:34:23,-29.32793524279596
15:34:25,-28.657071779737496
15:34:26,-27.102508927086273
15:34:27,-25.50567295058496
15:34:29,-27.35890835905625
15:34:30,-26.63468104579185
15:34:32,-26.530036692541486
15:34:33,-24.65780312967989
15:34:34,-25.425377998958034
15:34:36,-25.686476568443496
15:34:37,-25.498462986641016
15:34:38,-25.38106539957245
15:34:40,-25.691320122918167
15:34:41,-27.9876973366032
15:34:42,-24.7645979723119
15:34:44,-28.31841479784403
15:34:45,-26.86127967195994
15:34:47,-27.046752066646185
15:34:48,-27.303284355306076
15:34:50,-25.726731717058904
15:34:51,-24.487671647819123
15:34:52,-26.993446455062333
15:34:54,-26.571941848200893
15:34:55,-25.928245791343162
15:34:56,-26.612908961169815
15:34:58,-27.400312376200894
15:34:59,-25.342715247632434
15:35:0,-26.23088755657113
15:35:2,-26.03333217914495
15:35:3,-26.340789873446504
15:35:5,-26.028644332471373
15:35:6,-26.231468089855436
15:35:7,-25.90355154535784
15:35:9,-28.241024389437253
15:35:10,-25.61376565152605
15:35:11,-25.914826886742212
15:35:13,-25.844406115043736
15:35:14,-27.350730168191767
15:35:16,-28.129919222896817
15:35:17,-26.162483815939233
15:35:18,-27.77758435320029
15:35:20,-26.639854683925826
15:35:21,-27.93936050091794
15:35:22,-27.504784661927786
15:35:24,-26.85381471381888
15:35:25,-25.588537034765725
15:35:26,-25.811159305143114
15:35:28,-25.458673447340207
15:35:29,-26.3513740574438
15:35:31,-27.67943697035381
15:35:32,-27.165465791568106
15:35:33,-24.955267558830315
15:35:35,-25.77191540082149
15:35:36,-25.401310746425754
15:35:38,-23.565557191954994
15:35:39,-25.13817977646815
15:35:40,-23.75786160093616
15:35:42,-26.23327966794968
15:35:43,-25.514942999871412
15:35:44,-26.936729496038197
15:35:46,-23.225271938651378
15:35:47,-27.26711409217274
15:35:49,-26.788216198791005
15:35:50,-25.419415130912213
15:35:51,-25.755424826937606
15:35:53,-26.90142408539395
15:35:54,-24.08781860436754
15:35:55,-25.466247259060992
15:35:57,-26.084033981696724
15:35:58,-25.864524989729745
15:36:0,-23.90495006407276
15:36:1,-29.849708143292982
15:36:2,-26.71960562268247
15:36:4,-25.824824136074117
15:36:5,-25.113708223874838
15:36:6,-25.052200515266318
15:36:8,-25.23933389193374
15:36:9,-25.229592142235624
15:36:10,-26.73594412555118
15:36:12,-25.96454390954864
15:36:13,-26.40206349600648
15:36:15,-26.15004217059822
15:36:16,-24.29109430497176
15:36:17,-25.519470297399852
15:36:19,-27.809282639807957
15:36:20,-27.168077684240725
15:36:21,-28.435486520354214
15:36:23,-27.634858081246442
15:36:24,-24.301884771095107
15:36:25,-22.46003229755017
15:36:27,-27.438029577686905
15:36:28,-29.484968455584777
15:36:30,-28.400880008933235
15:36:31,-25.873866447513443
15:36:32,-23.492547492022645
15:36:34,-22.44137414703582
15:36:35,-24.40434883333004
15:36:37,-29.46548095816306
15:36:38,-27.446401154230685
15:36:39,-25.8374263233952
15:36:41,-24.27923609409458
15:36:42,-26.018943335968473
15:36:43,-26.411829556166587
15:36:45,-27.126694540609357
15:36:46,-27.172977446309687
15:36:48,-25.340754811427058
15:36:49,-28.469910958256662
15:36:50,-27.813921433071357
15:36:52,-29.669712996949276
15:36:53,-29.786281411535164
15:36:54,-31.73701707411164
15:36:56,-28.472645980114663
15:36:57,-30.940546350269912
15:36:58,-27.51708003771396
15:37:0,-25.008356383221873
15:37:1,-27.018426182657066
15:37:3,-30.20028467030125
15:37:4,-32.19549875613196
15:37:5,-30.376858305465134
15:37:7,-31.417681818187702
15:37:8,-30.55111842434432
15:37:10,-28.49118067261704
15:37:11,-27.784394576688772
15:37:12,-31.006273608827065
15:37:14,-29.87286085019472
15:37:15,-30.214084879123053
15:37:16,-29.64783807568159
15:37:18,-30.120457695790492
15:37:19,-29.10896337589003
15:37:21,-30.93733028622602
15:37:22,-34.84167439855291
15:37:23,-31.855710973934777
15:37:25,-32.165255323002924
15:37:26,-30.79500695805237
15:37:27,-29.986329157376087
15:37:29,-30.3996151348121
15:37:30,-31.478123198155075
15:37:31,-31.638763130225055
15:37:33,-29.18848758598127
15:37:34,-31.484017309712357
15:37:36,-29.287006359279427
15:37:37,-30.94708152599535
15:37:38,-29.139925738827372
15:37:40,-30.0960608693942
15:37:41,-29.687991236124557
15:37:42,-29.68435639722894
15:37:44,-31.084457645096897
15:37:45,-29.890502191026194
15:37:47,-31.365351379113466
15:37:48,-32.46511164691176
15:37:49,-31.912059753422298
15:37:51,-29.92827317267959
15:37:52,-31.31068878318827
15:37:53,-32.0812711551915
15:37:55,-30.17251193180837
15:37:56,-30.075503871207424
15:37:58,-32.266908847893475
15:37:59,-30.503317112911713
15:38:0,-30.769816371814915
15:38:2,-31.021798216648673
15:38:3,-27.692446025101987
15:38:4,-28.03144212465408
15:38:6,-30.911923968739767
15:38:7,-31.20386840275394
15:38:8,-29.59659194429357
15:38:10,-28.60523288604788
15:38:11,-30.141023651492496
15:38:13,-29.296141069159674
15:38:14,-29.510665173410242
15:38:15,-31.997995720280183
15:38:17,-30.286758671708913
15:38:18,-30.422812558693472
15:38:19,-30.397274433128366
15:38:21,-29.863607735061883
15:38:22,-27.954668530194134
15:38:24,-26.868732912275846
15:38:25,-25.202000153195034
15:38:26,-22.936410964688893
15:38:28,-20.706773359779568
15:38:29,-28.063929116272043
15:38:30,-25.14943288574184
15:38:32,-24.56007893963548
15:38:33,-25.688769765489962
15:38:35,-23.970294736884235
15:38:36,-24.333970039935203
15:38:37,-27.569386176373637
15:38:39,-24.720308690678365
15:38:40,-28.53897974683251
15:38:41,-27.985246570312235
15:38:43,-27.73115471901135
15:38:44,-27.293143722413532
15:38:45,-27.21392377258117
15:38:47,-27.848220881164558
15:38:48,-27.237347451500703
15:38:50,-27.490985822665095
15:38:51,-24.712101300805305
15:38:52,-25.097003499393985
15:38:54,-23.795447739944677
15:38:55,-25.09506826870718
15:38:57,-25.686443675204387
15:38:58,-28.263388887387745
15:38:59,-28.62730593674349
15:39:1,-26.89815840399454
15:39:2,-26.992684363831106
15:39:3,-27.033089384722647
15:39:5,-28.011053691278313
15:39:6,-28.41982236350631
15:39:7,-29.39223286614213
15:39:9,-28.92527131647973
15:39:10,-25.949423136554024
15:39:12,-29.536366893218798
15:39:13,-25.986631842486865
15:39:14,-27.909711364480945
15:39:16,-28.770693445470048
15:39:17,-29.400927394269864
15:39:18,-28.991732365781733
15:39:20,-30.286184246163018
15:39:21,-28.13896656058073
15:39:23,-28.251130850828194
15:39:24,-28.879918394038647
15:39:25,-28.736449392903385
15:39:27,-28.384530188121964
15:39:28,-28.301881574766107
15:39:29,-28.54818463019489
15:39:31,-26.78355652964826
15:39:32,-28.199361307883656
15:39:33,-28.09861304476335
15:39:35,-27.172273899489472
15:39:36,-27.400302331387802
15:39:38,-26.575355160793652
15:39:39,-28.89381905762313
15:39:40,-26.915870762453995
15:39:42,-28.656766530966355
15:39:43,-25.648631928730083
15:39:45,-28.28675968142813
15:39:46,-25.057388565513
15:39:47,-27.21864902460886
15:39:49,-27.809205855269997
15:39:50,-27.97340412093771
15:39:51,-27.69873381448534
15:39:53,-30.179563703890857
15:39:54,-30.781222661165828
15:39:55,-28.7274737802063
15:39:57,-29.47012677552753
15:39:58,-29.36545952995107
15:40:0,-28.183597825471175
15:40:1,-29.22806774518839
15:40:2,-28.419267563241547
15:40:4,-27.600599265429466
15:40:5,-28.159123768002736
15:40:6,-27.527744421234512
15:41:16,-27.18394728560987
15:41:17,-29.30248969385771
15:41:18,-28.36334976459611
15:41:20,-27.363406297367078
15:41:21,-27.373118553276807
15:41:22,-27.136494758262888
15:41:24,-21.442744498014488
15:41:25,-26.10577373607232
15:41:26,-26.262962456386596
15:41:28,-29.273215654151997
15:41:29,-27.138087154243525
15:41:31,-28.76452507754211
15:41:32,-28.52122684684207
15:41:33,-30.189977366348618
15:41:35,-28.22361980641855
15:41:36,-29.22266936740534
15:41:37,-29.168953410441212
15:41:39,-28.42614788986868
15:41:40,-27.481049580620464
15:41:41,-28.03749618967476
15:41:43,-28.98813814543368
15:41:44,-28.055432821858055
15:41:45,-24.616482303242314
15:41:47,-26.996090586267684
15:41:48,-28.210349325974747
15:41:50,-28.785038502054153
15:41:51,-27.76948330222516
15:41:52,-29.271842752272875
15:41:54,-30.756666380362848
15:41:55,-31.815699214158805
15:42:16,-29.369955448374792
15:42:18,-29.051085305753034
15:42:19,-30.785096201851996
15:42:21,-25.402501040991243
15:42:22,-27.7726027537372
15:42:23,-28.367788687844108
15:42:25,-30.320721127005953
15:42:26,-31.751804956305044
15:42:28,-28.975939723327446
15:42:29,-28.849261663603766
15:42:30,-29.40787234951582
15:42:32,-29.03196665039855
15:42:33,-30.69088568695168
15:42:34,-28.240246812673178
15:42:36,-26.067417071894393
15:42:37,-26.1211290576384
15:42:39,-25.512894668733487
15:42:40,-25.39074360973015
15:42:41,-24.836648827432416
15:42:43,-24.672049910585145
15:42:44,-27.44518308417827
15:42:45,-29.65294807819397
15:42:47,-30.247257804187186
15:42:48,-28.899746976507373
15:42:50,-28.62630273093203
15:42:51,-27.361473373795487
15:42:52,-29.53015661802442
15:42:54,-27.58935476787009
15:42:55,-27.999622259902928
15:42:56,-28.05492346134926
15:42:58,-27.954649532429197
15:42:59,-30.79322968360298
15:43:1,-28.33686679070641
15:43:2,-27.121972680351355
15:43:3,-29.91396067428122
15:43:5,-31.75211806292484
15:43:6,-30.02730199959546
15:43:8,-30.70100169139947
15:43:9,-31.461678307748766
15:43:10,-31.431774200674045
15:43:12,-27.889649062492804
15:43:13,-31.292617663054987
15:43:15,-26.727464953382018
15:43:16,-29.27329060779808
15:43:17,-29.640661314482337
15:43:19,-28.38150352964221
15:43:20,-30.388944615000206
15:43:21,-26.95886115493472
15:43:23,-23.397052801925234
15:43:24,-30.057715635825733
15:43:25,-30.16211427440188
15:43:27,-30.91348241649957
15:43:28,-31.0069800771309
15:43:30,-29.323516481131445
15:43:31,-28.22415242832852
15:43:32,-28.47956224453991
15:43:34,-30.17228042245948
15:43:35,-30.605966698285485
15:43:36,-29.525863998814184
15:43:38,-25.166188179116688
15:43:39,-28.121609553863326
15:43:41,-29.837275116480836
15:43:42,-25.609512865026005
15:43:43,-24.906177991811994
15:43:45,-29.053837821937766
15:43:46,-25.378197374239633
15:43:48,-31.23838693502048
15:43:49,-30.9250553057081
15:43:50,-26.30883420075294
15:43:52,-29.090016884556928
15:43:53,-27.145398403828473
15:43:54,-23.075478542562585
15:43:56,-24.415174008970162
15:43:57,-24.88614383961146
15:44:58,-27.697106031401262
15:44:59,-26.369824546143754
15:45:0,-27.694063323438186
15:45:2,-28.46516993806912
15:45:3,-28.528655534718283
15:45:5,-27.11048500923819
15:45:6,-26.543678612983236
15:45:7,-29.328080344042817
15:45:9,-28.63295351507363
15:45:10,-28.076065842889403
15:45:11,-30.811693339829812
15:45:13,-28.925580598606064
15:45:14,-31.800463285410903
15:45:15,-29.43682130856932
15:45:17,-30.319266438864094
15:45:18,-28.561354069538503
15:45:20,-29.487345220620192
15:45:21,-29.751675501305748
15:45:22,-27.954649296773102
15:45:24,-30.801828532745436
15:45:25,-26.78928056654188
15:45:26,-31.48610687380224
15:45:28,-31.32442578496014
15:45:29,-27.708000187049947
15:45:31,-30.412129840871973
15:45:32,-26.213459045445802
15:45:33,-25.789442871597053
15:45:35,-25.6266396834773
15:45:36,-28.020522634823998
15:45:37,-26.590011557360917
15:45:39,-30.103256164903517
15:45:40,-26.038345424850693
15:45:42,-27.665329601180506
15:45:43,-30.46031550384267
15:45:44,-30.62477681818762
15:45:46,-29.95454123352517
15:45:47,-30.91229913322573
15:45:48,-29.856610712104104
15:45:50,-28.573620133614636
15:45:51,-30.684811689238842
15:45:53,-29.245487042498006
15:45:54,-27.273226390230146
15:45:55,-26.017241358434887
15:45:57,-30.289909206176695
15:45:58,-27.067061724838155
15:45:59,-27.648243673236323
15:46:1,-27.144271165251453
15:46:2,-27.551371238661883
15:46:3,-27.68514719519784
15:46:5,-27.63410129994574
15:46:6,-31.60130827584139
15:46:8,-30.04735897699589
15:46:9,-25.65029888048713
15:46:10,-27.80459848895812
15:46:12,-29.531027144849414
15:46:13,-28.516754342848387
15:46:14,-30.06056060013007
15:46:16,-30.24835942919085
15:46:17,-24.80433594208307
15:46:18,-32.200996987320984
15:46:20,-28.983590708664643
15:46:21,-25.018071682207392
15:46:23,-26.81811729539099
15:46:24,-29.690469294619955
15:46:25,-26.390200963530983
15:46:27,-27.348849526906843
15:46:28,-30.031234279372043
15:46:29,-30.677135086128647
15:46:31,-30.702491512424167
15:46:32,-31.598287726247875
15:46:34,-26.02248377840013
15:46:35,-29.31359675753476
15:46:36,-25.917985379867012
15:46:38,-28.16703001296387
15:46:39,-28.11088268002336
15:46:40,-29.653869008586287
15:46:42,-29.66658750647289
15:46:43,-28.719693709519618
15:46:45,-30.224736374923133
15:46:46,-31.1291753513207
15:46:47,-28.055128026182906
15:46:49,-28.524031731788124
15:46:50,-30.331535348128682
15:46:51,-30.055773817595657
15:46:53,-30.000674138425197
15:46:54,-31.77321264079969
15:46:56,-32.34447005404361
15:46:57,-28.943985377879237
15:46:58,-31.30613880315019
15:47:0,-29.478665856551626
15:47:1,-25.020927856046576
15:47:2,-19.80645003001691
15:47:4,-28.293647045398963
15:47:5,-26.694982566568846
15:47:7,-25.878549050769966
15:47:8,-29.20556033144681
15:47:9,-31.146396663233027
15:47:11,-25.192458534471122
15:47:12,-25.729203989815822
15:47:13,-24.393530112679237
15:47:15,-27.91215311651229
15:47:16,-25.017319160962227
15:47:18,-23.69610145819483
15:47:19,-26.198054170746413
15:47:20,-21.768386533626256
15:47:22,-28.478351211975188
15:47:23,-27.766935085086885
15:47:24,-27.214413266982895
15:47:26,-27.62446839910907
15:47:27,-24.577459164407117
15:47:28,-29.69387112960064
15:47:30,-28.647016270113784
15:47:31,-27.961457427198816
15:47:33,-25.58766765452979
15:47:34,-32.87351592915781
15:47:35,-32.3330736667547
15:47:37,-26.680440699755703
15:47:38,-31.966446741500825
15:47:40,-25.359019785955223
15:47:41,-24.28819353726224
15:47:42,-26.76747667483728
15:47:44,-29.289393103322986
15:47:45,-29.387854999462924
15:47:47,-31.221536832614678
15:47:48,-28.684038122418226
15:47:49,-32.7071544686645
15:47:51,-31.56889612029499
15:47:52,-29.197840688679673
15:47:53,-30.204880051643496
15:47:55,-30.23021035445951
15:47:56,-31.447985921302177
15:47:58,-32.78970386823936
15:47:59,-25.857327453458254
15:48:0,-32.37417528079004
15:48:2,-24.586126973055865
15:48:3,-26.16584105632484
15:48:5,-28.951294393170897
15:48:6,-19.833688109694027
15:48:7,-25.01281354771916
15:48:9,-25.186730603499377
15:48:10,-27.236442622484716
15:48:11,-30.042811269303385
15:48:13,-28.811124430324636
15:48:14,-22.574819414955513
15:48:15,-27.74353887262411
15:48:17,-31.29566288288848
15:48:18,-30.1001859570284
15:48:20,-28.710315662588123
15:49:8,-31.430266830944298
15:49:10,-27.480712878567925
15:49:11,-29.109867957302434
15:49:12,-25.489761216962567
15:49:14,-25.66793371975843
15:49:15,-26.354672242947487
15:49:16,-25.221515937329247
15:49:18,-25.585743666593544
15:49:19,-25.063764469779738
15:49:21,-30.9324174309589
15:49:22,-30.82729785320168
15:49:23,-31.92346104314487
15:49:25,-31.5586570191992
15:49:26,-26.895140931303274
15:49:27,-27.210452166022296
15:49:29,-28.73988047430246
15:49:30,-30.82407434896424
15:49:32,-29.04498168394403
15:49:33,-24.938071493356194
15:49:34,-31.25587895176677
15:49:36,-31.720066533431694
15:49:37,-31.150899908442142
15:49:38,-29.002169475784584
15:49:40,-31.071929631640977
15:49:41,-29.256291354396396
15:49:43,-28.75494272344103
15:49:44,-32.00417067147989
15:49:45,-31.55608097154635
15:49:47,-31.343877927451626
15:49:48,-30.144301007554702
15:49:49,-28.820971140570137
15:49:51,-29.591545529664064
15:49:52,-30.07505852144344
15:49:54,-29.56335763079099
15:49:55,-30.871518153056343
15:49:56,-29.293617851357578
15:49:58,-29.1327076634297
15:49:59,-30.048696655276483
15:50:0,-28.506123313673086
15:50:2,-28.079139773226863
15:50:3,-25.616071163070565
15:50:4,-28.528567032509496
15:50:6,-29.44261893932901
15:50:7,-28.637510154543833
15:50:8,-31.474918963728562
15:50:10,-29.829381190518788
15:50:11,-30.95488927401671
15:50:13,-32.41598545712249
15:50:14,-32.17554304403135
15:50:15,-31.045459148495347
15:50:17,-29.32934411848911
15:50:18,-30.615168863279433
15:50:19,-30.586265870169317
15:50:21,-29.609779143150096
15:50:22,-29.51982244901543
15:50:24,-28.578823044762007
15:50:25,-24.323063359499784
15:50:26,-31.687347700487692
15:50:28,-29.853257127610107
15:50:29,-32.05221392225365
15:50:30,-32.015936803555114
15:50:32,-30.51062830834323
15:50:33,-24.85053624304836
15:50:35,-26.32723085253722
15:50:36,-24.671022386854673
15:50:37,-30.57726845292468
15:50:39,-24.283346985372077
15:50:40,-24.6867606520385
15:50:41,-28.84934764030021
15:50:43,-27.003819684524935
15:50:44,-30.870847865885274
15:50:46,-24.26581351075167
15:50:47,-28.90581275420413
15:50:48,-28.998270515303762
15:50:50,-26.046727224760975
15:50:51,-30.66415127472259
15:50:53,-25.116183781941935
15:50:54,-29.022421578495585
15:50:55,-23.36602515101234
15:50:57,-30.623553815800165
15:50:58,-30.059573598670095
15:50:59,-28.168402806567478
15:51:1,-24.456907628115
15:51:2,-30.110929557449193
15:51:4,-29.47815185256914
15:51:5,-29.909775914596302
15:51:6,-23.365443705988906
15:51:8,-32.3623293802262
15:51:9,-25.171341384510747
15:51:10,-31.52794663530981
15:51:12,-31.52251529747753
15:51:13,-30.663598858481347
15:51:15,-30.429331966414072
15:51:16,-32.21966916661042
15:51:17,-28.534089831315384
15:51:19,-28.520410814142025
15:51:20,-31.26719612219035
15:51:21,-29.52654436339271
15:51:23,-31.0450135119156
15:51:24,-28.89845392235282
15:51:25,-30.25754027041101
15:51:27,-29.681676576004733
15:51:28,-30.018301045242374
15:51:30,-24.623275584944786
15:51:31,-28.973468741235248
15:51:32,-23.265919190730898
15:51:34,-28.062708233523274
15:51:35,-25.105619485277376
15:51:36,-15.285272553738142
15:51:38,-27.016113304535956
15:51:39,-23.177334689179947
15:51:41,-30.86759976882592
15:51:42,-25.89297594903856
15:51:43,-29.021917493397716
15:51:45,-30.183740800445985
15:51:46,-21.477642577989098
15:51:47,-27.12438280731043
15:51:49,-27.738775748102622
15:51:50,-19.493518613977272
15:51:51,-24.111232751698417
15:51:53,-29.79490841296469
15:51:54,-26.54224096452836
15:51:56,-26.902406605467032
15:51:57,-28.484370168450962
15:51:58,-23.542495496462394
15:52:0,-26.789489172013287
15:52:1,-23.990599923482453
15:52:2,-28.290620370769734
15:52:4,-15.982866112712856
15:52:5,-29.522513819092566
15:52:6,-28.040661626400556
15:52:8,-19.587571725822137
15:52:9,-24.82211975490816
15:52:11,-20.31893112014066
15:52:12,-21.012894292452398
15:52:13,-19.56975424649427
15:52:15,-24.253535201575318
15:52:16,-28.74170194000223
15:52:18,-28.04065409909377
15:52:19,-25.65194756126928
15:52:20,-29.176909757936244
15:52:22,-24.76385789802925
15:52:23,-23.111217654080328
15:52:24,-16.28615789169849
15:52:26,-23.9866000309948
15:52:27,-25.525888145084874
15:52:29,-24.4366418098803
15:52:30,-17.690783162101265
15:52:31,-25.558097658139353
15:52:33,-28.502792399220276
15:52:34,-17.068415075607863
15:52:36,-27.422133742682057
15:52:37,-23.845078379599848
15:52:38,-23.014332889476034
15:52:40,-15.764687598999842
15:52:41,-30.921120149086313
15:52:42,-27.78484053438416
15:52:44,-30.67846389910659
15:52:45,-24.785139421141086
15:52:46,-25.099463629404276
15:52:48,-23.954569018709734
15:52:49,-27.534688401298144
15:52:51,-24.542288237114896
15:52:52,-25.807702813735794
15:52:53,-27.18992735796554
15:52:55,-16.073279562078685
15:52:56,-27.526257449099422
15:52:57,-28.52460796360974
15:52:59,-26.48078327045822
15:53:0,-22.10801390949213
15:53:2,-28.800281192521982
15:53:3,-28.9985118012618
15:53:4,-33.60150996382308
15:53:6,-26.592297336330773
15:53:7,-30.216549822226252
15:53:9,-29.084340552578144
15:53:10,-20.04727144861168
15:53:11,-28.588600277726833
15:53:13,-28.056664493956248
15:53:14,-28.850092772509335
15:53:15,-24.33803342625724
15:53:17,-24.13281659009519
15:53:18,-20.733716693734078
15:53:20,-26.55300153825523
15:53:21,-23.57541932902997
15:53:22,-22.157184992508817
15:53:24,-20.489379009642974
15:53:25,-19.558082822248107
15:53:26,-23.74024826249013
15:53:28,-20.196741008867683
15:53:29,-17.348997296899338
15:53:30,-20.442408402053765
15:53:32,-24.150521820321504
15:53:33,-23.91364927037497
15:53:35,-20.524049730286087
15:53:36,-23.39771627884073
15:53:37,-24.006050542914057
15:53:39,-25.211834759886813
15:53:40,-20.30427801319917
15:53:41,-22.59866877645138
15:53:43,-24.736378790357556
15:53:44,-26.07439342224769
15:53:46,-22.587973613901813
15:53:47,-23.875630323000884
15:53:48,-24.942476669059445
15:53:50,-22.99158901862652
15:53:51,-25.979785861095404
15:53:52,-25.313805789281375
15:53:54,-25.56154225416282
15:53:55,-21.362719306364546
15:53:57,-25.40195309999199
15:53:58,-26.644793157654085
15:53:59,-26.17471204663846
15:54:1,-25.797733195535454
15:54:2,-27.641069322247475
15:54:3,-23.524283775643426
15:55:27,-23.968968546758692
15:55:29,-28.90840759131372
15:55:30,-23.430377481258247
15:55:32,-24.553441053473648
15:55:33,-26.098818541091234
15:55:34,-24.566772583614362
15:55:36,-26.010300093042346
15:55:37,-21.513144344936496
15:55:38,-25.74229982857429
15:55:40,-26.768758780023152
15:55:41,-26.691815093501923
15:55:42,-16.91247044144166
15:55:44,-25.81161399557626
15:55:45,-23.565559388742507
15:55:47,-24.599320175555
15:55:48,-24.800126165988647
15:55:49,-26.938072848980358
15:55:51,-18.393279839426878
15:55:52,-16.38508872615838
15:55:54,-23.737931371326404
15:55:55,-26.590172988551547
15:55:56,-25.056840080600246
15:55:58,-27.0577672745299
15:55:59,-25.12369711808461
15:56:1,-17.507252686075457
15:56:2,-24.57358467468188
15:56:3,-26.620264395963286
15:56:5,-23.334428279197283
15:56:6,-23.42782201090307
15:56:7,-29.84651809735697
15:56:9,-28.164611902327067
15:56:10,-23.763916467354683
15:56:11,-23.956055722996705
15:56:13,-28.54532047236106
15:56:14,-20.31627982025892
15:56:16,-26.822643209396986
15:56:17,-17.258868490374656
15:56:18,-18.338009236336895
15:56:20,-15.703450382989462
15:56:21,-20.37392486383988
15:56:23,-17.571193017133066
15:56:24,-17.55621159324281
15:56:25,-17.3678580558979
15:56:27,-18.682602094712564
15:56:28,-16.826353219639003
15:56:29,-18.226655268296227
15:56:31,-19.36582556559321
15:56:32,-17.115500506855096
15:56:33,-16.0094083181432
15:56:35,-16.62277406875637
15:56:36,-16.829338965562123
15:56:37,-16.83011146718658
15:56:39,-17.5605881786186
15:56:40,-16.808330547656638
15:56:42,-18.94845528132262
15:56:43,-16.466714614045426
15:56:44,-17.408771326625228
15:56:46,-18.68492702756095
15:56:47,-17.86707077996609
15:56:49,-18.912500864752133
15:56:50,-25.11227254378047
15:56:51,-27.367405746300555
15:56:53,-17.027215599985887
15:56:54,-25.228310519745314
15:56:56,-24.41894120620217
15:56:57,-24.573682036538788
15:56:58,-24.32181323065383
15:57:0,-26.059893970709883
15:57:1,-24.92477360773577
15:57:2,-28.38019895671698
15:57:4,-24.158696985308854
15:57:5,-26.061591636167982
15:57:7,-24.19562220348421
15:57:8,-21.76882843205278
15:57:9,-25.954440975656254
15:57:11,-29.56963744389491
15:57:12,-28.20813324221801
15:57:13,-25.863905193068316
15:57:15,-25.687112571909786
15:57:16,-20.138868708752625
15:57:18,-29.55287179154555
15:57:19,-25.887729984915975
15:57:20,-24.163782656996794
15:57:22,-28.92726154128517
15:57:23,-30.131697636805196
15:57:24,-30.865789708271638
15:57:26,-28.235320223865223
15:57:27,-26.853155405783063
15:57:29,-29.218033153570172
15:57:30,-29.074796089902726
15:57:31,-29.02925190292397
15:57:33,-31.29069559912658
15:57:34,-29.345898707533692
15:57:35,-26.82534685311857
15:57:37,-24.906810046039677
15:57:38,-27.993392175267424
15:57:40,-27.998277471908985
15:57:41,-29.940090710378144
15:57:42,-26.562164891715035
15:57:44,-28.28847167394041
15:57:45,-30.208166596579133
15:57:46,-27.73097505779898
15:57:48,-26.095818956998915
15:57:49,-26.47650720609182
15:57:51,-24.319830102937516
15:57:52,-27.059508832726213
15:57:53,-23.246057171674384
15:57:55,-20.454409013215084
15:57:56,-20.56047259146694
15:57:57,-23.423397509642825
15:57:59,-22.70899057875023
15:58:0,-21.167408438244056
15:58:1,-23.22308238889464
15:58:3,-21.335689337296202
15:58:46,-27.016096903355383
15:58:47,-23.68061683543189
15:58:48,-24.174455460550483
15:58:50,-26.488952126368982
15:58:51,-26.4234355645435
15:58:53,-25.354687213861375
15:58:54,-26.197372753833086
15:58:55,-24.359816446751932
15:58:57,-26.311166565743687
15:58:58,-26.807215294178995
15:58:59,-27.326373935809332
15:59:1,-23.325647491241735
15:59:2,-21.890632841132785
15:59:3,-23.147825223701034
15:59:5,-25.013455221240406
15:59:6,-25.284111803868797
15:59:8,-25.298437598836014
15:59:9,-22.768639268583684
15:59:10,-19.025785595835373
15:59:12,-24.603933017833725
15:59:13,-23.860749276943398
15:59:14,-23.423426301938747
15:59:16,-22.988494717589756
15:59:17,-23.311625675133286
15:59:20,-23.60400731921881
15:59:21,-23.578704777118094
15:59:23,-23.476160002730264
15:59:24,-23.842934329731822
15:59:25,-27.54622883516952
15:59:27,-25.942610104288605
15:59:28,-25.61956604059059
15:59:30,-25.46691431568839
15:59:31,-27.027812728425644
15:59:32,-25.897213314631355
15:59:34,-24.961569704583233
15:59:35,-26.6835002603126
15:59:36,-26.51186543982609
15:59:38,-30.221912111630424
15:59:39,-25.91074249924096
15:59:41,-25.294696820494288
15:59:42,-30.505629087216978
15:59:43,-28.02652598650488
15:59:45,-30.69763656184206
15:59:46,-34.41370029869795
15:59:47,-35.003733797363125
15:59:49,-29.939465327844257
15:59:50,-32.34940123354648
15:59:51,-35.663861332716515
15:59:53,-26.892445660197914
15:59:54,-28.455912065738747
15:59:55,-32.03547858644522
15:59:57,-31.88126931852188
15:59:58,-35.353256091579105
16:0:0,-28.01203880929952
16:0:1,-26.716535693755063
16:0:2,-31.083930585838402
16:0:4,-27.536181508225116
16:0:5,-29.056056732352253
16:0:6,-29.834438357830656
16:0:8,-31.936154760248723
16:0:9,-31.21150048244322
16:0:10,-24.511025291467003
16:0:12,-25.476180884405146
16:0:13,-26.286693640313615
16:0:15,-32.93489740631991
16:0:16,-31.144477897552655
16:0:17,-27.74439412938003
16:0:19,-28.487799189654005
16:0:20,-28.025058070484334
16:0:21,-27.726986603440796
16:0:23,-26.915041537194195
16:0:24,-27.655678621047667
16:0:25,-28.489248037527368
16:0:27,-27.080735644944607
16:0:28,-28.53016179075371
16:0:30,-31.42475241817143
16:0:31,-27.66164690048879
16:0:32,-27.122087225816564
16:0:34,-33.79589828281671
16:0:35,-33.59009696852056
16:0:36,-35.98000883259957
16:0:38,-25.779915540426877
16:0:39,-33.32672044863109
16:0:40,-30.91987347464184
16:0:42,-30.88917622849907
16:0:43,-31.47196340375045
16:0:45,-31.08647406807527
16:0:46,-25.661955917070017
16:0:47,-31.531528136789646
16:0:49,-30.913791615218514
16:0:50,-26.083810760063052
16:0:51,-34.67971049319165
16:0:53,-31.87266021066612
16:0:54,-33.019067423984254
16:0:56,-25.21188069301532
16:0:57,-32.120130605566885
16:0:58,-31.694166929143883
16:1:0,-29.863923889230833
16:1:1,-30.01968349712537
16:1:2,-33.32022887898811
16:1:4,-34.79198214020197
16:1:5,-25.830779490651352
16:1:6,-30.216779177204202
16:1:8,-29.98661000837487
16:1:9,-32.42598983691918
16:1:11,-34.64409941500999
16:1:12,-31.270791464014703
16:1:13,-33.4701556111778
16:1:15,-32.8462569128509
16:1:16,-31.226478139060276
16:1:17,-29.935260608551783
16:1:19,-28.349265706414922
16:1:20,-29.59937977095
16:1:22,-24.07247205295702
16:1:23,-25.831845124961394
16:1:24,-25.747345950984126
16:1:26,-30.71842872116659
16:1:27,-27.338239126885146
16:1:28,-29.322480622712376
16:1:30,-26.430517082307095
16:1:31,-27.308673365804047
16:2:16,-24.401324133595203
16:2:17,-23.533931630080552
16:2:19,-25.427727171215643
16:2:20,-24.999362176892944
16:2:21,-23.513168591736164
16:2:23,-25.125203002920745
16:2:24,-23.81551485935634
16:2:25,-21.98406121175751
16:2:27,-26.551512845303826
16:2:28,-23.90039371487053
16:2:29,-20.65174036768996
16:2:31,-23.821060870250207
16:2:32,-25.70107671386106
16:2:34,-24.79458900987039
16:2:35,-23.952773422948184
16:2:36,-28.665616310896695
16:2:38,-25.795264141187282
16:2:39,-25.731442331985804
16:2:40,-26.054334186065667
16:2:42,-22.189949035456344
16:2:43,-24.526309379121205
16:2:44,-24.934824040351877
16:2:46,-24.584601289158726
16:2:47,-24.262517451324324
16:2:49,-23.011827721236628
16:2:50,-23.689661912476076
16:2:51,-23.80350219757112
16:3:54,-33.253586283664134
16:3:55,-30.99980162241867
16:3:56,-31.624068147548243
16:3:58,-35.0885433201749
16:3:59,-33.640034128800515
16:4:1,-29.682238193821668
16:4:2,-32.33579333883942
16:4:3,-32.32628824885043
16:4:5,-30.976629101172275
16:4:6,-32.82962444413256
16:4:7,-32.73894026281779
16:4:9,-28.220447665663638
16:4:10,-29.9663864532172
16:4:12,-29.59437859431677
16:4:13,-31.07646331000555
16:4:14,-30.549377931175222
16:4:16,-33.997491004496766
16:4:17,-29.262353112641865
16:4:19,-24.329148818484757
16:4:20,-24.63300977220449
16:4:21,-32.71834139258411
16:4:23,-30.43081592570765
16:4:24,-29.856781748688572
16:4:25,-25.163589097441346
16:4:27,-30.380900140260138
16:4:28,-32.83128539361118
16:4:29,-31.81103018080141
16:4:31,-30.23761709672598
16:4:32,-27.76189112955974
16:4:34,-30.801448594992273
16:4:35,-30.26870378983732
16:4:36,-31.266702129049115
16:5:59,-32.18205520172272
16:6:1,-32.264969739377435
16:6:2,-32.5437051550056
16:6:4,-31.61196435357795
16:6:5,-32.518213399060826
16:6:6,-31.993149240813402
16:6:8,-34.37796638251844
16:6:9,-28.423316422259923
16:6:11,-26.604305930952748
16:6:12,-27.52796323173817
16:6:13,-27.57418360121274
16:6:15,-25.815093164494755
16:6:16,-29.67305694098782
16:6:17,-29.246152762152946
16:6:19,-28.945306979248898
16:6:20,-32.36561241849998
16:6:22,-31.533917475928636
16:6:23,-31.478269832375183
16:6:24,-27.437000473771626
16:6:26,-33.199745114541365
16:6:27,-35.169274792440845
16:6:28,-36.18778779632943
16:6:30,-32.81570520088272
16:6:31,-35.80271310080169
16:6:33,-33.28550139774146
16:6:34,-33.0727780299303
16:6:35,-29.7126998602173
16:6:37,-31.55292201139185
16:6:38,-33.01316084189844
16:6:39,-28.817737809114185
16:6:41,-30.643498233870634
16:6:42,-30.29755943389851
16:6:44,-34.3032924029788
16:6:45,-27.75642858870306
16:6:46,-27.494914683364655
16:6:48,-26.21254119168698
16:6:49,-30.163841137564887
16:6:50,-30.901705173417614
16:6:52,-27.42672312859999
16:6:53,-31.112319887429013
16:6:55,-33.65989961257383
16:6:56,-32.237405165596655
16:6:57,-33.883569951596
16:6:59,-28.263606699585043
16:7:0,-28.068745527338386
16:7:1,-27.09992269385262
16:7:3,-29.932827422585234
16:7:4,-31.628742882483635
16:7:6,-28.22275026663639
16:7:7,-33.04551554501082
16:7:8,-33.25458501473317
16:7:10,-33.425582568113384
16:7:11,-31.792852608237432
16:7:12,-29.47504263650899
16:7:14,-31.87133273266401
16:7:15,-29.003848669247184
16:7:17,-26.954345177527387
16:7:18,-28.909451422894353
16:7:19,-27.282137917743782
16:7:21,-26.17749035290052
16:7:22,-31.993602369222845
16:7:23,-31.020224705750326
16:7:25,-28.09943774003129
16:7:26,-30.61816199555092
16:7:28,-27.343039374640796
16:7:29,-27.459637269742476
16:7:30,-28.012810849845344
16:7:32,-27.752345006760212
16:7:33,-27.019442607461983
16:7:34,-26.30519107352213
16:7:36,-28.351414181283623
16:7:37,-30.119783118913197
16:7:39,-29.780683788288282
16:7:40,-31.418943092081978
16:7:41,-31.249855550450512
16:7:43,-28.117715865011412
16:7:44,-31.726858942010224
16:7:45,-30.983373339791278
16:7:47,-29.232006098229387
16:7:48,-32.842203097555924
16:7:50,-30.29258072000964
16:7:51,-26.76641828855545
16:7:52,-26.571309821806995
16:7:54,-30.693311415553758
16:7:55,-25.777262120842714
16:7:56,-24.91435053747221
16:7:58,-28.442843158648664
16:7:59,-32.499777394214675
16:8:0,-30.262212390526773
16:8:2,-29.613170388435037
16:8:3,-31.768120952363425
16:8:5,-30.501625588601122
16:8:6,-32.132825073943174
16:8:7,-27.953030500282935
16:8:9,-28.450022876738224
16:8:10,-31.288142676503696
16:8:11,-27.40950315114087
16:8:13,-31.68951773338916
16:8:14,-31.424334798909346
16:8:16,-25.809034656332216
16:8:17,-26.06217010479646
16:8:18,-26.30881120114146
16:8:20,-26.447612140959798
16:8:21,-31.162227913482003
16:8:22,-27.8099487212325
16:8:24,-23.92194968307232
16:8:25,-29.842537399982806
16:8:27,-25.76298898565883
16:8:28,-24.8006756919943
16:8:29,-22.54523943142086
16:8:31,-30.025297818558002
16:8:32,-26.71421419407736
16:8:33,-28.234807232186235
16:8:35,-18.10157627463084
16:8:36,-24.433058237237578
16:8:38,-29.180349619628096
16:8:39,-27.99579306358192
16:8:40,-28.72699930399811
16:8:42,-28.022412599210014
16:8:43,-28.893933817924417
16:8:44,-32.169782553419594
16:8:46,-28.87917508290787
16:8:47,-31.52923693207927
16:8:49,-25.900731827209782
16:8:50,-29.73551281484719
16:8:51,-29.822721944517593
16:8:53,-21.871819140548332
16:8:54,-24.869562962649713
16:8:55,-23.696350292161483
16:8:57,-24.895354149551707
16:8:58,-30.10552087970482
16:9:0,-28.607530479700817
16:9:1,-30.26704290687823
16:9:2,-29.839594042702714
16:9:4,-32.04606194553379
16:9:5,-29.07769516768214
16:9:7,-31.740779406280208
16:9:8,-29.839244711673437
16:9:9,-31.975963825251522
16:9:11,-21.795957647174227
16:9:12,-25.44986888262497
16:9:13,-31.200667462246795
16:9:15,-28.841945858956493
16:9:16,-32.144262760320544
16:9:18,-33.157950318722456
16:9:19,-32.68169035625189
16:9:20,-31.248629286084523
16:9:22,-32.3886042944264
16:9:23,-32.21673442818629
16:9:24,-30.13072902714643
16:9:26,-30.949471844210045
16:9:27,-33.50619565660151
16:9:29,-27.885634184201447
16:9:30,-32.658103420667565
16:9:31,-32.427198972908855
16:9:33,-33.23588009892899
16:9:34,-32.310787366754795
16:9:36,-29.020125029914738
16:9:37,-28.274903586639816
16:9:38,-31.68574548006898
16:9:40,-32.74239852252912
16:9:41,-32.827895991111625
16:9:42,-30.973350549579052
16:9:44,-33.80968123921633
16:9:45,-34.15968438024849
16:9:47,-28.159813030005402
16:9:48,-31.611339421263757
16:9:49,-23.0217854863291
16:9:51,-29.259383193499392
16:9:52,-27.578403071203
16:9:53,-31.15905165597845
16:9:55,-31.945702880103095
16:9:56,-33.172668164667975
16:9:58,-28.64302929388399
16:9:59,-32.131579647646326
16:10:0,-31.586258031062364
16:10:2,-30.158148865784867
16:10:3,-25.431821716442116
16:10:4,-31.562170489815777
16:10:6,-28.078133809237336
16:10:7,-27.302386517778405
16:10:8,-33.016889421799874
16:10:10,-28.7471849215509
16:10:11,-30.15557669419401
16:10:13,-31.28370373358575
16:10:14,-32.293280609610406
16:10:15,-32.049687059932275
16:10:17,-32.95573824204197
16:10:18,-33.09846632145877
16:10:19,-32.87920724107182
16:10:21,-30.248664237443347
16:10:22,-33.183964876501655
16:10:23,-26.17822763043027
16:10:25,-31.27907123599321
16:10:26,-32.69358162691358
16:10:28,-32.84816328478546
16:10:29,-33.13715304159998
16:10:30,-33.01500242747209
16:10:32,-30.455460986921203
16:10:33,-32.83617048527786
16:10:34,-31.223207025097828
16:10:36,-30.59142852760543
16:10:37,-24.390164079567995
16:10:39,-27.16544723462482
16:10:40,-27.932389550874955
16:10:41,-29.695797274382862
16:10:43,-26.171521418314867
16:10:44,-28.70391107951768
16:10:46,-27.634387579358986
16:10:47,-28.154094978255294
16:10:48,-30.88668165915964
16:10:50,-31.326901988100353
16:10:51,-28.488340136653704
16:10:52,-29.620141081012243
16:10:54,-27.316051744943554
16:10:55,-25.99219144448512
16:10:57,-29.556035810200008
16:10:58,-29.933111149994104
16:10:59,-33.03878554199105
16:11:1,-31.89405157590176
16:11:2,-30.450281143182956
16:11:3,-37.3607211288895
16:11:5,-32.684160540291586
16:11:6,-33.45148745092576
16:11:7,-33.798379999380295
16:11:9,-33.97233882762977
16:11:10,-33.84766678688227
16:11:12,-33.01526882900879
16:11:13,-29.00361640947913
16:11:14,-24.741591135465974
16:11:16,-31.350444192294017
16:11:17,-30.638214693784622
16:11:18,-32.17653262786361
16:11:20,-34.09542804544341
16:11:21,-34.20922335337265
16:11:22,-29.12806251035755
16:11:24,-33.87809531411986
16:11:25,-33.93065433509217
16:11:27,-32.74142201452638
16:11:28,-34.49293728793002
16:11:29,-31.743298978259965
16:11:31,-25.470980394576962
16:11:32,-33.21273839991226
16:11:33,-32.27364260823603
16:11:35,-34.893265970166226
16:11:36,-29.73780293451609
16:11:37,-30.897609928481998
16:11:39,-31.93632022307245
16:11:40,-28.187083118073314
16:11:42,-30.47086032293144
16:11:43,-30.032539727107597
16:11:44,-33.150568214004615
16:11:46,-28.541039219757046
16:11:47,-30.05642012636374
16:11:48,-28.741320912545095
16:11:50,-25.53315975039498
16:11:51,-28.52124912747428
16:11:52,-28.850193915291552
16:11:54,-24.08843384046221
16:11:55,-28.56337365938627
16:11:57,-27.97749885444358
16:11:58,-29.256239672081314
16:11:59,-28.737651080320106
16:12:1,-30.04399586766441
16:12:2,-29.27535457491028
16:12:3,-27.841962254850582
16:12:5,-32.28247817666349
16:12:6,-34.53695846472573
16:12:7,-35.097866724908464
16:12:9,-29.350617953013224
16:12:10,-32.654867013941946
16:12:12,-32.419011371652346
16:12:13,-31.485670865844707
16:12:14,-31.841056509924286
16:12:16,-32.88715085125241
16:12:17,-30.171959517399323
16:12:18,-32.20221244068211
16:12:20,-31.351054637580027
16:12:21,-33.11793610421478
16:12:22,-33.35099776679631
16:12:24,-33.73171863751778
16:12:25,-30.339779282424043
16:12:27,-33.974215869190985
16:12:28,-29.28754485032575
16:12:29,-34.761460836753
16:12:31,-30.010690268277337
16:12:32,-29.665624761294257
16:12:33,-33.02676873028428
16:12:35,-28.229497256198375
16:12:36,-27.23442040382234
16:12:38,-18.70233544007856
16:12:39,-29.56881604337447
16:12:40,-29.972654225033214
16:12:42,-29.179617409689055
16:12:43,-30.524135019948137
16:12:44,-29.91326715527968
16:12:46,-32.33184325047172
16:12:47,-31.963516764175374
16:12:49,-30.091037820488033
16:12:50,-31.715467039310784
16:12:51,-33.61654042627377
16:12:53,-34.475990535083156
16:12:54,-29.94588914736999
16:12:55,-31.484753212664188
16:12:57,-27.825078649256746
16:12:58,-30.67935454567289
16:12:59,-33.939896546244135
16:13:1,-33.000103140295344
16:13:2,-33.36710281856465
16:13:4,-36.12358998538507
16:13:5,-33.84461632512692
16:13:6,-33.856164909539146
16:13:8,-35.11690263063674
16:13:9,-35.28151192033401
16:13:11,-36.08890622803032
16:13:12,-35.01021375634803
16:13:13,-33.39712198444288
16:13:15,-35.20633127090903
16:13:16,-34.98485321890138
16:13:17,-31.538477445109557
16:13:19,-28.209353352266508
16:13:20,-32.95395911894651
16:13:22,-29.323802959869624
16:13:23,-28.780379412350623
16:13:24,-31.152524814563527
16:13:26,-35.87107557401387
16:13:27,-35.150724525287146
16:13:28,-31.066294098116217
16:13:30,-32.93652662406251
16:13:31,-31.521321359174863
16:13:32,-24.774589751016197
16:13:34,-32.329567127702646
16:13:35,-32.74020540375893
16:13:36,-35.70464431256323
16:13:38,-31.665883831387866
16:13:39,-32.325954567267715
16:13:41,-33.27843836845702
16:13:42,-32.39438250630367
16:13:43,-31.87717786118042
16:13:45,-35.25860083559046
16:13:46,-34.34973269755678
16:13:47,-32.340146689311325
16:13:49,-36.65206167644691
16:13:50,-36.587114852430666
16:13:52,-35.53852143072838
16:13:53,-36.88956256119091
16:13:54,-40.86043088809137
16:13:56,-41.75634439438077
16:13:57,-37.04203310616313
16:13:58,-38.44322670528292
16:14:0,-34.45010018147341
16:14:1,-33.08945487124771
16:14:3,-35.28537191195817
16:14:4,-39.284593185616146
16:14:5,-37.78331062857947
16:14:7,-39.486406283750874
16:14:8,-35.11895115475155
16:14:9,-38.150400721023125
16:14:11,-39.49200711899357
16:14:12,-39.956518066772
16:14:14,-39.686691110611115
16:14:15,-40.084244073771266
16:14:16,-37.152752984941245
16:14:18,-38.90127525498741
16:14:19,-36.53112689438423
16:14:21,-37.05318566150051
16:14:22,-38.586224071623015
16:14:23,-37.063024483690555
16:14:25,-34.15756667350191
16:14:26,-35.237600833323405
16:14:27,-37.80766246175216
16:14:29,-34.73022090813471
16:14:30,-35.014969388790234
16:14:31,-36.24127317168339
16:14:33,-35.40308543258939
16:14:34,-33.39327266049207
16:14:36,-33.51987318350312
16:14:37,-32.62228437998444
16:14:38,-32.2646524651417
16:14:40,-35.39478063359965
16:14:41,-37.92365969582174
16:14:42,-33.46865447031778
16:14:44,-34.266211293614994
16:14:45,-36.93199498301398
16:14:47,-35.221095660432894
16:14:48,-36.47947790248486
16:14:49,-35.014427215191944
16:14:51,-36.9422004877351
16:14:52,-33.62491801412375
16:14:53,-34.428787471525446
16:14:55,-36.16214826444105
16:14:56,-36.81249917262039
16:14:58,-35.54350764085853
16:14:59,-34.240690964391895
16:15:0,-34.6291052151509
16:15:2,-31.477419303179065
16:15:3,-36.65169275389636
16:15:4,-35.111392923149374
16:15:6,-36.54725534441648
16:15:7,-36.328003747563265
16:15:9,-34.9080828751745
16:15:10,-34.10211696418293
16:15:11,-35.207207000791854
16:15:13,-37.367826995579236
16:15:14,-36.39240431841426
16:15:15,-39.50375656164712
16:15:17,-36.56917167784924
16:15:18,-36.37965524206677
16:15:20,-34.99648926481828
16:15:21,-36.36597039309266
16:15:22,-33.61160173162588
16:15:24,-32.94106310803278
16:15:25,-36.619710222459766
16:15:27,-36.392820087590586
16:15:28,-33.02488626659192
16:15:29,-34.98829384593838
16:15:31,-37.19615987168194
16:15:32,-36.93437362084139
16:15:33,-38.34374036334977
16:15:35,-40.60903252511981
16:15:36,-33.65139715797065
16:15:37,-33.38866692487067
16:15:39,-35.96421040733575
16:15:40,-36.343783552855584
16:15:42,-35.55409316465664
16:15:43,-36.16648033094685
16:15:44,-34.40201439818749
16:15:46,-34.69228354559796
16:15:47,-36.25111560797834
16:15:48,-35.61383194560452
16:15:50,-36.257324664126635
16:15:51,-31.694936118105787
16:15:53,-33.160017808899845
16:15:54,-32.79858196083352
16:15:55,-31.86066586215112
16:15:57,-33.881859669581864
16:15:58,-34.31619648898722
16:15:59,-32.589828034837566
16:16:1,-32.67217847517385
16:16:2,-31.78818036078839
16:16:4,-33.43336651467252
16:16:5,-34.325130361080916
16:16:6,-34.09732682321242
16:16:8,-36.977864190017485
16:16:9,-34.60872555523041
16:16:10,-37.0565668244535
16:16:12,-35.37481028039425
16:16:13,-37.1639338091306
16:16:15,-32.37910027017084
16:16:16,-32.15137949874767
16:16:17,-32.01674174833363
16:16:19,-32.74998785600401
16:16:20,-33.9448568007011
16:16:21,-32.88115151702727
16:16:23,-32.71110145123509
16:16:24,-32.67545230583133
16:16:26,-32.90267939209373
16:16:27,-35.03895677364282
16:16:28,-33.50890678348304
16:16:30,-38.044277443251254
16:16:31,-34.069240611967146
16:16:33,-38.74172635667388
16:16:34,-33.53517699351505
16:16:35,-38.33268318004497
16:16:37,-35.391204266407044
16:16:38,-38.994528304680095
16:16:40,-36.246060723015574
16:16:41,-35.223448723180276
16:16:42,-33.418209068844014
16:16:44,-31.369704104345292
16:16:45,-33.988346406151905
16:16:46,-37.12058014800779
16:16:48,-38.0194254302278
16:16:49,-38.37201148782601
16:16:51,-36.495221246407155
16:16:52,-33.79224796630557
16:16:53,-35.468595541349785
16:16:55,-33.2935800343035
16:16:56,-37.80604045968023
16:16:57,-35.044120956781825
16:16:59,-31.954424205751405
16:17:0,-33.078978179727
16:17:2,-35.79387183704608
16:17:3,-37.409585175484054
16:17:4,-36.85284914950203
16:17:6,-37.83282349391973
16:17:7,-36.640549459885975
16:17:8,-36.85990803250753
16:17:10,-39.531100623824386
16:17:11,-37.22075469997637
16:17:13,-36.611118774191574
16:17:14,-40.01526410587206
16:17:16,-36.77409915976021
16:17:17,-37.696812530159406
16:17:18,-33.22540050107929
16:17:19,-35.49350707447446
16:17:21,-34.86952058985825
16:17:22,-36.425437560119946
16:17:24,-35.696214933377185
16:17:25,-38.872749471674865
16:17:26,-38.94668269317077
16:17:28,-38.52566022296309
16:17:29,-34.32319245962677
16:17:30,-38.180910337167376
16:17:32,-38.22212349698842
16:17:33,-36.5322202405119
16:17:35,-38.90180907122829
16:17:36,-36.786868612908165
16:17:37,-35.903535436474804
16:17:39,-37.957127762214945
16:17:40,-39.61768374001585
16:17:41,-37.68251390206759
16:17:43,-34.56327074136771
16:17:44,-36.61453859599036
16:17:46,-36.04444947157167
16:17:47,-39.266123052402364
16:17:48,-39.0117041160694
16:17:50,-38.10031141483381
16:17:51,-38.808829389938396
16:17:52,-36.86327895828513
16:17:54,-38.97974261178601
16:17:55,-35.84354167076732
16:17:57,-38.57960500534199
16:17:58,-40.30131628972154
16:17:59,-41.85492945383699
16:18:1,-37.9525185453758
16:18:2,-36.93557858386798
16:18:4,-37.34919183843532
16:18:5,-38.437841025537175
16:18:6,-39.26337931668162
16:18:8,-41.50168807196032
16:18:9,-41.766507225282616
16:18:10,-39.64751126852701
16:18:12,-42.11103682793024
16:18:13,-40.30086537989906
16:18:15,-40.7989571557713
16:18:16,-40.60071974553037
16:18:17,-40.785931379081674
16:18:19,-42.75325020778154
16:18:20,-42.82259720755462
16:18:22,-40.10215139471765
16:18:23,-40.10396386094574
16:18:24,-39.74333204700449
16:18:26,-39.088507254738005
16:18:27,-39.49896737967299
16:18:28,-38.27583711115672
16:18:30,-37.79052478225044
16:18:31,-37.99747387101157
16:18:33,-37.96618324489275
16:18:34,-36.39548577958509
16:18:35,-39.137463603964655
16:18:37,-38.26020497780158
16:18:38,-36.68141242729985
16:18:40,-41.7421095130894
16:18:41,-40.812689566190926
16:18:42,-40.19865357982078
16:18:44,-38.727391592709274
16:18:45,-39.266496892795956
16:18:46,-37.12464410610721
16:18:48,-38.57085157462935
16:18:49,-36.48818989845576
16:18:51,-37.89949628351108
16:18:52,-37.59554346974758
16:18:53,-37.27984203359871
16:18:55,-37.30171153955656
16:18:56,-38.64898560645757
16:18:58,-39.83516953947578
16:18:59,-38.09912947247987
16:19:0,-36.8778651751597
16:19:2,-39.32330642169859
16:19:3,-39.42876919751464
16:19:4,-36.69646063978248
16:19:6,-39.14249585020578
16:19:7,-39.22206287849494
16:19:9,-35.26359844363448
16:19:10,-35.324417195219695
16:19:11,-34.46257912643028
16:19:13,-39.36333719652218
16:19:14,-38.686362342803974
16:19:16,-39.4556122620523
16:19:17,-38.71803627753072
16:19:18,-39.49055701139745
16:19:20,-38.234583046604754
16:19:21,-38.63073762476464
16:19:23,-37.861137558340005
16:19:24,-38.024623409864176
16:19:25,-35.02164995351581
16:19:27,-36.39969351059835
16:19:28,-38.55408044428684
16:19:29,-37.34069612338861
16:19:31,-35.29280694498717
16:19:32,-35.880229679363666
16:19:34,-38.209938255621054
16:19:35,-34.65626203203989
16:19:36,-38.904251304918446
16:19:38,-35.631666369021325
16:19:39,-36.62287498995303
16:19:41,-36.99585307775187
16:19:42,-36.10739932218542
16:19:43,-37.023328063853825
16:19:45,-38.248600909537856
16:19:46,-37.035190838368194
16:19:48,-38.930610763847596
16:19:49,-37.642664029692085
16:19:50,-37.831519580383166
16:19:52,-38.13154677408096
16:19:53,-38.66741943324858
16:19:54,-37.51979273142824
16:19:56,-38.179302886715995
16:19:57,-38.21878462329048
16:19:59,-38.274060257325
16:20:0,-38.47680504189366
16:20:1,-38.29136592155524
16:20:3,-39.680209769717656
16:20:4,-37.941864639854316
16:20:5,-38.39802083738918
16:20:7,-34.54087840371072
16:20:8,-40.373076285787626
16:20:10,-38.836371836859
16:20:11,-37.08786656218367
16:20:12,-38.26113473633171
16:20:14,-37.35395922716803
16:20:15,-39.097663891861465
16:20:16,-37.764444560493615
16:20:18,-38.140928127380064
16:20:19,-39.21154001397827
16:20:21,-39.48533859653763
16:20:22,-35.47872631474378
16:20:23,-37.62981670308315
16:20:25,-37.20961916160625
16:20:26,-38.515656646822926
16:20:27,-36.53217720977623
16:20:29,-37.31316183995242
16:20:30,-37.761842949164716
16:20:32,-37.963190437574255
16:20:33,-39.23889649384269
16:20:34,-35.251984705707514
16:20:36,-37.86525441825281
16:20:37,-35.208918173457235
16:20:38,-37.099579307751156
16:20:40,-37.00407642779539
16:20:41,-35.93702143519205
16:20:42,-38.130905356837644
16:20:44,-37.37366952702357
16:20:45,-38.21447671254563
16:20:47,-36.13890976597389
16:20:48,-36.77376361511993
16:20:49,-39.53475320307766
16:20:51,-36.874772993941335
16:20:52,-31.73196048731558
16:20:54,-38.807427527710004
16:20:55,-35.24013926309694
16:20:56,-37.92112674071995
16:20:58,-37.2735408560422
16:20:59,-38.32118769678586
16:21:0,-39.05706678136376
16:21:2,-38.011313333690644
16:21:3,-38.31985825017804
16:21:5,-36.541632839098725
16:21:6,-36.50219461505682
16:21:7,-38.286193919392666
16:21:9,-37.66866463859074
16:21:10,-37.88805738562249
16:21:11,-37.78498825543939
16:21:13,-38.3572123756776
16:21:14,-36.84884879146798
16:21:16,-38.520913506945284
16:21:17,-39.36962790198092
16:21:18,-37.90393531880203
16:21:20,-34.69954821078546
16:21:21,-36.63197993624988
16:21:22,-36.044240528021334
16:21:24,-35.82571532836469
16:21:25,-37.55988953782335
16:21:27,-38.1770007139246
16:21:28,-37.86201099490482
16:21:29,-36.90065214557001
16:21:31,-37.01141530002049
16:21:32,-38.00725114217462
16:21:33,-38.511853290172084
16:21:35,-37.828921983930925
16:21:36,-39.072079542556594
16:21:38,-37.12325776362445
16:21:39,-36.82549348722728
16:21:40,-34.79719437201058
16:21:42,-38.7627375625794
16:21:43,-38.37766536560307
16:21:45,-36.340175308501294
16:21:46,-38.47571463038479
16:21:48,-37.33819957971143
16:22:26,-42.81625491427099
16:22:28,-42.170675312895625
16:22:29,-42.8304523882403
16:22:31,-41.93757838743875
16:22:32,-40.77031571888377
16:22:34,-43.020380399581484
16:22:35,-41.93110801819972
16:22:36,-40.062198029245984
16:22:38,-41.94676876410968
16:22:39,-43.097390505520366
16:22:41,-42.22194222264662
16:22:42,-44.52535858323961
16:22:43,-44.982770945595675
16:22:45,-45.12008508457327
16:22:46,-41.130926730667355
16:22:47,-38.89902498856519
16:22:49,-40.37372340697577
16:22:50,-42.43044735184894
16:22:52,-41.49565548585214
16:22:53,-41.59888843572907
16:22:54,-41.50504760366133
16:22:56,-42.74708197157
16:22:57,-41.98119211356563
16:22:58,-42.63443440515865
16:23:0,-40.085921832493206
16:23:1,-44.316149476255504
16:23:3,-43.56949432504755
16:23:4,-45.04077194872018
16:23:5,-43.22539949115047
16:23:7,-44.97611539007069
16:23:8,-44.626299270913734
16:23:9,-42.51339160061185
16:23:11,-40.460796697074635
16:23:12,-42.16554338821305
16:23:13,-42.62730310242443
16:23:15,-43.16128639726389
16:23:16,-44.67098147708107
16:23:18,-43.55816101555203
16:23:19,-42.71678189921266
16:23:20,-43.1667277869109
16:23:22,-44.73110785038174
16:23:23,-40.9399887158576
16:23:24,-39.97722592830728
16:23:26,-41.7665955471812
16:23:27,-38.431139999213414
16:23:29,-38.18244561276228
16:23:30,-34.243993904527244
16:23:31,-31.162727269741936
16:23:33,-34.3446462110428
16:23:34,-35.69402226199855
16:23:35,-30.702567949647896
16:23:37,-38.393048269371654
16:23:38,-43.05237827876038
16:23:40,-47.46755508922389
16:23:41,-46.77551056279742
16:23:42,-48.933211295252555
16:23:44,-46.72555563111053
16:23:45,-47.75630781165898
16:23:46,-46.1378254731102
16:23:48,-47.07869875398288
16:23:49,-45.69294171611443
16:23:51,-48.1828096838869
16:23:52,-49.6310983142801
16:23:53,-50.95006158469274
16:23:55,-49.64046734301278
16:23:56,-49.721197572034484
16:23:58,-48.42691839023064
16:23:59,-47.55927221303744
16:24:0,-49.61528234344651
16:24:2,-50.77306115477089
16:24:3,-49.82031026035632
16:24:4,-50.37298764062727
16:24:6,-49.540213387103535
16:24:7,-49.58587868954968
16:24:9,-50.8463214984102
16:24:10,-48.89035669644011
16:24:11,-46.898542239105026
16:24:13,-49.036485387500555
16:24:14,-51.207906362000635
16:24:15,-51.25878492625915
16:24:17,-49.07685728186599
16:24:18,-51.0799616445785
16:24:20,-51.34582166014876
16:24:21,-49.82035766351832
16:24:22,-50.94339780505187
16:24:24,-47.352216050594535
16:24:25,-49.183106461738376
16:24:27,-51.60764314088989
16:24:28,-52.06144618053017
16:24:29,-52.15674651811721
16:24:31,-51.83567877788861
16:24:32,-52.11020345330256
16:24:33,-51.234788185480575
16:24:35,-47.68544722420827
16:24:36,-51.385589516783774
16:24:38,-51.797631511287115
16:24:39,-47.174468265287494
16:24:40,-47.30383293528827
16:24:42,-50.152227717146154
16:24:43,-46.9802895637046
16:24:44,-46.61537575493874
16:24:46,-47.71548524298381
16:24:47,-47.90627506965069
16:24:49,-51.427598911984795
16:24:50,-50.942130768210475
16:24:52,-52.288515621643384
16:24:53,-48.739048940498186
16:24:54,-48.557738740255274
16:24:56,-52.12203263502879
16:24:57,-51.13636184380955
16:24:58,-51.23457853150345
16:25:0,-49.10580957999116
16:25:1,-48.050628816410956
16:25:3,-46.966672349244575
16:25:4,-47.31572104078513
16:25:5,-49.04358100265811
16:25:7,-47.74700571637461
16:25:8,-48.34352410571057
16:25:9,-52.15832881591482
16:25:11,-49.91300374644596
16:25:12,-47.37300122177584
16:25:14,-49.907070221954896
16:25:15,-52.90944496819526
16:25:16,-52.238914405526316
16:25:18,-53.851909923847366
16:25:19,-48.17661763205909
16:25:21,-50.904134407051785
16:25:22,-51.08773417738837
16:25:23,-51.655160110332375
16:25:25,-52.38519377003885
16:25:26,-52.38601532609745
16:25:27,-50.77360114482957
16:25:29,-52.558339636143145
16:25:30,-53.269400740816664
16:25:32,-52.9082938215877
16:25:33,-49.653588414468175
16:25:34,-50.55206629762641
16:25:36,-50.1421645084947
16:25:37,-51.1526663752685
16:25:39,-50.46519933993987
16:25:40,-49.83841391434779
16:25:41,-49.65502142355582
16:25:43,-50.43826743008032
16:25:44,-53.181251394108095
16:25:45,-53.38596705178945
16:25:47,-52.16620115764484
16:25:48,-52.55731993027712
16:25:50,-51.49883365815369
16:25:51,-50.69849594205894
16:25:52,-51.07467522980205
16:25:54,-51.762597296912475
16:25:55,-48.30856535186099
16:25:56,-48.83784169146411
16:25:58,-48.97541087812546
16:25:59,-51.5181411344168
16:26:1,-51.36969444916676
16:26:2,-52.73477223890009
16:26:3,-51.33276512069501
16:26:5,-51.488438591502046
16:26:6,-50.66732966642843
16:26:7,-50.06047859748722
16:26:9,-49.54987102228507
16:26:10,-50.04243373370181
16:26:12,-52.112011348465366
16:26:13,-50.95620394433802
16:26:14,-50.780773501592904
16:26:16,-51.694355461777604
16:26:17,-48.15401503194019
16:26:19,-53.190547170760034
16:26:20,-51.15440016285951
16:26:21,-52.36993765218923
16:26:23,-51.61326961131468
16:26:24,-51.63850612974342
16:26:25,-51.50108685250817
16:26:27,-51.589706303719105
16:26:28,-49.67017348518673
16:26:30,-49.27987336590363
16:26:31,-48.7239845270613
16:26:32,-51.801315954728324
16:26:34,-49.87544826290632
16:26:35,-51.0676295091882
16:26:37,-49.61528218798796
16:26:38,-51.96627701134558
16:26:39,-50.0057927885062
16:26:41,-53.49808838825198
16:26:42,-54.5046812715039
16:26:43,-51.086823749398874
16:26:45,-50.1744762226391
16:26:46,-51.24605927387714
16:26:48,-49.19901750228291
16:26:49,-50.35318996180542
16:26:50,-50.78286758384876
16:26:52,-50.31213143520461
16:26:53,-52.86806222600415
16:26:54,-50.825167983249635
16:26:56,-49.90424828816909
16:26:57,-52.33810486751161
16:26:59,-51.17248330374735
16:27:0,-49.30022299265077
16:27:1,-44.74091996450127
16:27:3,-45.560639998024214
16:27:4,-45.89832313060721
16:27:6,-44.70081973403155
16:27:7,-46.907626772998796
16:27:8,-48.15311501789826
16:27:10,-46.09479775218041
16:27:11,-49.37790950654009
16:27:12,-49.22030197875844
16:27:14,-47.92339351326098
16:27:15,-47.950518616982485
16:27:17,-46.28986862149424
16:27:18,-45.79859923090619
16:27:19,-45.631445280507556
16:27:21,-48.572461812219984
16:27:22,-41.27045855194211
16:27:24,-47.490806368825396
16:27:25,-45.94786943277133
16:27:26,-49.065589787246964
16:27:28,-45.497244177242365
16:27:29,-47.701518178629634
16:27:30,-53.75789001409175
16:27:32,-54.82093035385069
16:27:33,-53.23738698060861
16:27:35,-53.72079775952951
16:27:36,-50.85629353976641
16:27:37,-53.26982978584854
16:27:39,-53.25917033092927
16:27:40,-45.611305631811334
16:27:42,-47.016376104376675
16:27:43,-50.81954142858404
16:27:44,-49.9700169414045
16:27:46,-48.77160950249763
16:27:47,-50.21544076793791
16:27:48,-49.64047782066258
16:27:50,-48.39713580767934
16:27:51,-49.92382402030432
16:27:53,-49.06005947450602
16:27:54,-49.93544238979691
16:27:55,-47.536744285113514
16:27:57,-48.422085927358516
16:27:58,-49.46179744350245
16:28:0,-46.75067044113692
16:28:1,-49.557525835023014
16:28:3,-48.48577029715793
16:28:4,-49.3561073306273
16:28:5,-48.85609472985629
16:28:7,-47.375211573526016
16:28:8,-49.08217752311621
16:28:9,-47.73019235288235
16:28:11,-46.839309320824725
16:28:12,-46.226786826577865
16:28:14,-47.50703571099333
16:28:15,-48.357010944156784
16:28:16,-49.66365418147731
16:28:18,-47.40240278240928
16:28:19,-46.173322990089446
16:28:20,-48.661104836946606
16:28:22,-49.04474307825836
16:28:23,-48.9039638726663
16:28:25,-44.70045570067909
16:28:26,-45.513398783687656
16:28:27,-47.956576339083476
16:28:29,-49.31255500561158
16:28:30,-45.596377294883766
16:28:32,-46.31284640872523
16:28:33,-47.54502619255103
16:28:34,-48.34678309024986
16:28:36,-45.257951381739765
16:28:37,-47.34886990391501
16:28:38,-46.760865155267844
16:28:40,-47.40645937972722
16:28:41,-49.16428363655495
16:28:43,-47.25505514813966
16:28:44,-45.84003779044803
16:28:45,-47.794993680238626
16:28:47,-47.96132154953371
16:28:48,-46.449990124243826
16:28:49,-45.81969704482303
16:28:51,-48.31570770459039
16:28:52,-50.68398933481777
16:28:54,-48.19351472645899
16:28:55,-47.09229446406121
16:28:57,-50.13298538622044
16:28:58,-48.84341888891329
16:28:59,-50.24675482830294
16:29:1,-48.30980167941364
16:29:2,-48.246824199915544
16:29:3,-48.636701136247815
16:29:5,-46.74603301690161
16:29:6,-50.47135202328258
16:29:8,-49.96969643549044
16:29:9,-50.747671659896874
16:29:10,-50.31511469211779
16:29:12,-49.63282305045483
16:29:13,-49.785693729368674
16:29:14,-50.29107158163231
16:29:16,-50.50114990422134
16:29:17,-48.021953077428556
16:29:19,-48.650978438947156
16:29:20,-49.921227095584584
16:29:21,-47.78498240634882
16:29:23,-48.67579934415475
16:29:24,-46.427467829144874
16:29:25,-44.29356585901557
16:29:27,-45.505751580459005
16:29:28,-48.5692154713781
16:29:30,-49.4678692649239
16:29:31,-47.7870801796304
16:29:32,-49.85784123970066
16:29:34,-50.20613702696518
16:29:35,-50.1501114532764
16:29:36,-49.34764656276581
16:29:38,-48.519708418511414
16:29:39,-49.42903797273261
16:29:41,-49.8517029437873
16:29:42,-48.00896793953665
16:29:43,-50.47349606773078
16:29:45,-49.98442643879265
16:29:46,-48.371997516181004
16:29:48,-49.10101376088578
16:29:49,-47.91884076593597
16:29:50,-49.02903334707922
16:29:52,-49.69305200221903
16:29:53,-46.26392569038409
16:29:54,-48.97738004215206
16:29:56,-48.18914605481964
16:29:57,-48.243061934371234
16:29:59,-46.336738732473364
16:30:0,-47.23838563502107
16:30:1,-46.79506400726936
16:30:3,-46.124498552655034
16:30:4,-46.6586752078426
16:30:5,-46.24000361778418
16:30:7,-45.215256796190246
16:30:8,-45.734202059873176
16:30:10,-44.54598242606266
16:30:11,-45.364614496466245
16:30:12,-45.632495766818586
16:30:14,-45.90787397105671
16:30:15,-44.960454933191855
16:30:16,-47.38825484774165
16:30:18,-46.26715275739243
16:30:19,-45.59978108084107
16:30:21,-45.40480601908385
16:30:22,-45.31460452173235
16:30:23,-44.14132694281783
16:30:25,-48.55446925593127
16:30:26,-49.54089439283717
16:30:27,-47.62609895309035
16:30:29,-49.12951343448054
16:30:30,-48.26366093804947
16:30:31,-46.97045730341607
16:30:33,-45.54000622341646
16:30:34,-47.23954260884249
16:30:36,-48.18245950637419
16:30:37,-45.90390313571792
16:30:38,-49.090682242826404
16:30:40,-49.50992298863393
16:30:41,-47.071499823768974
16:30:43,-49.32582309478286
16:30:44,-47.9954015172155
16:30:45,-50.500846037546914
16:30:47,-47.236007577591934
16:30:48,-44.41241184849844
16:30:49,-45.84583531616148
16:30:51,-44.898851570902856
16:30:52,-44.45522297662944
16:30:53,-47.446275888409126
16:30:55,-43.38839722144776
16:30:56,-42.279449816433214
16:30:58,-42.51455090585801
16:30:59,-32.22633680547419
16:31:0,-34.518587025922976
16:31:2,-33.94323268626498
16:31:4,-34.137940704327136
16:31:5,-42.98753010259652
16:31:6,-41.83002215533521
16:31:8,-42.43712240129352
16:31:9,-40.25055409822446
16:31:10,-40.898074065459404
16:31:12,-42.0873671921797
16:31:13,-42.39124697691206
16:31:15,-42.08429369619748
16:31:16,-40.30791754634272
16:31:17,-41.99894055734654
16:31:19,-42.82205036775703
16:31:20,-45.747581320104096
16:31:22,-45.70021276301404
16:31:23,-42.59021419328349
16:31:24,-47.51624376725911
16:31:26,-42.92543828889929
16:31:27,-42.77932913913272
16:31:29,-47.04046967772827
16:31:30,-49.64205316244925
16:31:32,-45.20800804255061
16:31:33,-49.61581181883946
16:31:34,-49.4170213093532
16:31:36,-47.62926304525435
16:31:37,-46.94480358674792
16:31:39,-44.02601485064651
16:31:40,-41.43252500965768
16:31:41,-43.99616262099232
16:31:43,-43.745065954405945
16:31:44,-50.89494374728511
16:31:45,-49.53645757466826
16:31:47,-46.25553104920498
16:31:48,-49.95535245433643
16:31:50,-48.01271131742885
16:31:51,-48.06911484667034
16:31:52,-47.38727539004007
16:31:54,-49.84031823457559
16:31:55,-49.68991303338606
16:31:56,-46.56213876677842
16:31:58,-48.57569072057836
16:31:59,-47.682048371377334
16:32:1,-48.64520852395259
16:32:2,-48.3717005033854
16:32:3,-48.04694407757421
16:32:5,-48.15118502421637
16:32:6,-48.31318065892468
16:32:7,-47.04670465999301
16:32:9,-49.16199365018911
16:32:10,-48.89258772960831
16:32:12,-46.66103837407106
16:32:13,-50.05439284635769
16:32:14,-48.59292134221838
16:32:16,-49.20925633650938
16:32:17,-49.202154871276804
16:32:18,-46.69325639717086
16:32:20,-49.35924896292868
16:32:21,-48.90175601973354
16:32:22,-48.56017568878744
16:32:24,-48.845848614190295
16:32:25,-49.40424575375394
16:32:26,-47.376722559015214
16:32:28,-47.953814772877976
16:32:29,-47.40756237486566
16:32:31,-47.516315256489385
16:32:32,-46.28772676147128
16:32:33,-48.61661502502386
16:32:35,-48.695180464102336
16:32:36,-49.130764511549934
16:32:38,-43.99920856190217
16:32:39,-48.522975498338745
16:32:40,-48.03131966622803
16:32:42,-49.49491401331588
16:32:43,-47.11493817488054
16:32:44,-49.06983026636822
16:32:46,-45.393544195913684
16:32:47,-47.45325469312174
16:32:49,-46.921203016333024
16:32:50,-46.24640090574608
16:32:51,-50.12135935792468
16:32:53,-46.94484132825821
16:32:54,-48.60928330954346
16:32:56,-47.68533637709841
16:32:57,-44.36618028649975
16:32:58,-45.52685819527945
16:33:0,-46.30815038113863
16:33:1,-48.533050803210465
16:33:2,-44.20304009310246
16:33:4,-46.05443393571577
16:33:5,-47.71334421857623
16:33:7,-45.553393241065834
16:33:8,-49.5297512658865
16:33:9,-47.56116980189329
16:33:11,-48.09738481432218
16:33:12,-47.255267746389606
16:33:13,-46.7449120171277
16:33:15,-43.72070511095379
16:33:16,-45.17430051092368
16:33:18,-46.339810313924836
16:33:19,-42.722804730681325
16:33:20,-45.4791785158364
16:33:22,-45.611682322930285
16:33:23,-42.41269438987939
16:33:24,-48.02258892781439
16:33:26,-47.5839799854214
16:33:27,-50.13555168244518
16:33:28,-48.815117225579655
16:33:30,-48.85398982838258
16:33:31,-48.29380776504925
16:33:33,-46.3045435426627
16:33:34,-45.78641242126832
16:33:35,-48.03778070532105
16:33:37,-46.35310741596723
16:33:38,-46.803737121302305
16:33:39,-44.899782456333604
16:33:41,-44.61097338987383
16:33:42,-45.81671510014505
16:33:44,-46.915962025842866
16:33:45,-48.89718585982963
16:33:46,-46.29740237752056
16:33:48,-48.93609073361898
16:33:49,-45.83057154834289
16:33:51,-45.26168656553746
16:33:52,-44.56804699135325
16:33:53,-46.69703470865719
16:33:55,-47.07252848640656
16:33:56,-45.96604241107055
16:33:57,-46.11285688786576
16:33:59,-46.971211086672525
16:34:0,-46.68830366960016
16:34:2,-46.38286775744032
16:34:3,-44.267182894755834
16:34:4,-47.00357170702729
16:34:6,-42.335208839520305
16:34:7,-42.191481472697454
16:34:9,-44.961545379904386
16:34:10,-42.41858191314564
16:34:11,-44.563732260648514
16:34:13,-43.035483180160924
16:34:14,-47.396580486219776
16:34:15,-47.20146370289223
16:34:17,-40.37851707675122
16:34:18,-41.27179590715771
16:34:19,-45.48964964649045
16:34:21,-45.15772476484793
16:34:22,-45.27993639136408
16:34:24,-42.742886603864676
16:34:25,-43.02196296824615
16:34:26,-41.69370279898534
16:34:28,-44.94445680323246
16:34:29,-45.437152342458134
16:34:31,-47.850543581846
16:34:32,-46.88270430691794
16:34:33,-48.19780987758381
16:34:35,-51.544729392295764
16:34:36,-48.51535019500708
16:34:37,-50.783709476039235
16:34:39,-49.95999120468609
16:34:40,-49.755456179471
16:34:42,-47.44790111770687
16:34:43,-52.8977918715782
16:34:44,-50.870275674125736
16:34:46,-50.111846527908696
16:34:47,-47.129224218122715
16:34:49,-48.33513880553411
16:34:50,-51.8238921724894
16:34:51,-49.41685272593559
16:34:53,-47.913634900168745
16:34:54,-46.44858411229357
16:34:56,-55.6283051532624
16:34:57,-52.79007765855572
16:34:58,-54.019173846734965
16:35:0,-53.393193550765325
16:35:1,-51.91863813183349
16:35:2,-53.077684601461
16:35:4,-50.42787929005664
16:35:5,-54.56206928074201
16:35:7,-50.014988203156314
16:35:8,-49.4919828514844
16:35:9,-54.909607237833185
16:35:11,-53.550505963335276
16:35:12,-54.230189767525886
16:35:13,-55.42725246254606
16:35:15,-54.29800566005248
16:35:16,-49.26623046605862
16:35:18,-52.51191781991804
16:35:19,-50.18327361905492
16:35:20,-49.27983075566439
16:35:22,-51.552454125324246
16:35:23,-51.532917435182966
16:35:24,-47.78585579300084
16:35:26,-49.9395309031096
16:35:27,-52.624459722476836
16:35:29,-50.56101232823493
16:35:30,-52.75186244200696
16:35:31,-52.589761137183224
16:35:33,-52.47332830110386
16:35:34,-51.29488043078128
16:35:35,-49.08375283501985
16:35:37,-49.12374642272367
16:35:38,-51.49929804126573
16:35:39,-51.8346055842285
16:35:41,-49.847724230235514
16:35:42,-51.27120616104431
16:35:44,-51.27162052421802
16:35:45,-50.879337329398396
16:35:46,-52.80112087205576
16:35:48,-52.49002151786739
16:35:49,-52.794093334362586
16:35:50,-53.841587117874695
16:35:52,-53.82503395378687
16:35:53,-56.090060103087424
16:35:55,-54.861451707832515
16:35:56,-52.80677232329243
16:35:57,-52.47842615929284
16:35:59,-54.36001280410521
16:36:0,-53.11217673639292
16:36:1,-53.75669158285908
16:36:3,-52.95817451998397
16:36:4,-54.984289806102204
16:36:6,-53.55139270492838
16:36:7,-53.36762155990938
16:36:8,-53.12242848432195
16:36:10,-56.06474161044073
16:36:11,-55.02209479716373
16:36:12,-54.06724014478529
16:36:14,-52.45966877713303
16:36:15,-52.765560992583445
16:36:16,-54.371384056822805
16:36:18,-54.248174423184835
16:36:19,-52.86637578043204
16:36:21,-52.03820145488404
16:36:22,-52.528204887636356
16:36:23,-51.46313102294178
16:36:25,-50.912576612467824
16:36:26,-52.21588437034525
16:36:27,-52.81593777511855
16:36:29,-53.922615859571735
16:36:30,-52.1012367667914
16:36:31,-54.649351385532974
16:36:33,-54.39326857539842
16:36:34,-54.529700961096836
16:36:36,-55.284276455133224
16:36:37,-56.24493106623533
16:36:38,-53.78467959047774
16:36:40,-54.63441772721645
16:36:41,-55.77168207778289
16:36:42,-55.24069706901073
16:36:44,-54.30543612628141
16:36:45,-56.180513654652756
16:36:46,-55.168316195767716
16:36:48,-54.81938918066207
16:36:49,-54.21945853396274
16:36:51,-55.16713132616012
16:36:52,-55.380389071682394
16:36:53,-53.97614102296303
16:36:55,-55.08229780647102
16:36:56,-53.97595322466402
16:36:57,-54.979725560550285
16:36:59,-50.8881374671236
16:37:0,-52.72996051190908
16:37:2,-53.88135087446188
16:37:3,-53.75714316416176
16:37:4,-50.691693300829535
16:37:6,-48.66332325419373
16:37:7,-50.173261520088126
16:37:8,-54.35607124471346
16:37:10,-54.44189073654839
16:37:11,-55.62709668666184
16:37:12,-53.58325294796808
16:37:14,-54.299612830915
16:37:15,-53.540976494485406
16:37:17,-54.49739654809473
16:37:18,-54.75562660105061
16:37:19,-54.29756524486397
16:37:21,-52.91450143094487
16:37:22,-54.302785069922905
16:37:23,-53.91531401806226
16:37:25,-53.43541511808665
16:37:26,-52.852149184876964
16:37:28,-54.497828692701844
16:37:29,-54.14580111552113
16:37:30,-54.22644249986633
16:37:32,-54.85006529413893
16:37:33,-53.79372602220491
16:37:34,-51.73445668590304
16:37:36,-51.92230392097828
16:37:37,-51.43996056169822
16:37:38,-48.14099909677782
16:37:40,-48.918904115985825
16:37:41,-47.61922427038412
16:37:43,-51.80141222735817
16:37:44,-48.66173887283609
16:37:45,-48.68274471150856
16:37:47,-48.95865857844991
16:37:48,-47.867499116774006
16:37:50,-49.340863255122
16:37:51,-48.622307514353025
16:37:52,-49.60420037676765
16:37:54,-51.18259240049553
16:37:55,-48.15356920178153
16:37:56,-50.2846498728139
16:37:58,-48.66390405529301
16:37:59,-54.61409548849914
16:38:1,-51.030299040591146
16:38:2,-51.66151528497468
16:38:3,-52.83323085764586
16:38:5,-53.499232717142995
16:38:6,-52.11928596176541
16:38:7,-53.04711533683327
16:38:9,-53.864246422142664
16:38:10,-54.04999292066461
16:38:12,-52.800985707625834
16:38:13,-54.84080226625907
16:38:14,-52.852907469201675
16:38:16,-53.59124760383003
16:38:17,-52.8566924435211
16:38:18,-53.19303274281698
16:38:20,-53.49091659417118
16:38:21,-52.98209027326503
16:38:23,-52.79726512376263
16:38:24,-53.957235551651614
16:38:25,-53.5735712411659
16:38:27,-53.289202328018064
16:38:28,-53.02141196479276
16:38:29,-53.7361272115918
16:38:31,-54.444833780599524
16:38:32,-54.404870720450006
16:38:33,-53.556837597312104
16:38:35,-53.63497672199266
16:38:36,-54.02061684396341
16:38:38,-52.2965867323251
16:38:39,-53.465532101063545
16:38:40,-53.479853381069695
16:38:42,-53.4070401394462
16:38:43,-53.335069527527885
16:38:45,-51.58127560580543
16:38:46,-53.90492332997152
16:38:47,-53.622294193314985
16:38:49,-52.949700918587645
16:38:50,-54.780519853160065
16:38:51,-55.629986748814346
16:38:53,-55.22699331582039
16:38:54,-55.647443267253045
16:38:55,-55.29192226411062
16:38:57,-56.60479422715763
16:38:58,-56.92550250171054
16:39:0,-58.45378218087763
16:39:1,-57.574488487114564
16:39:2,-57.82476437681359
16:39:4,-57.56034728894595
16:39:5,-57.84841695737103
16:39:6,-57.73634010488913
16:39:8,-54.005806313148305
16:39:9,-56.43907684761321
16:39:11,-54.524328577585806
16:39:12,-56.33536685503841
16:39:13,-58.203534899645184
16:39:15,-57.89778639567678
16:39:16,-55.162650570640245
16:39:18,-55.79582468176588
16:39:19,-53.96998625596035
16:39:20,-56.27586591051811
16:39:22,-54.80148516352883
16:39:23,-54.38443664938208
16:39:24,-54.76019679464072
16:39:26,-54.04232657222821
16:39:27,-54.64849076370705
16:39:28,-54.60140919921754
16:39:30,-55.65109047020005
16:39:31,-55.36205641842403
16:39:33,-54.135325881495945
16:39:34,-54.62309191307537
16:39:35,-54.3042646381106
16:39:37,-54.8720714530411
16:39:38,-54.09333115588527
16:39:39,-51.134607486869754
16:39:41,-49.95372374429067
16:39:42,-52.51355980862706
16:39:44,-52.64222038235867
16:39:45,-51.977131731846136
16:39:46,-52.50379098523405
16:39:48,-52.25742057157448
16:39:49,-51.588347753130876
16:39:51,-48.92474508743155
16:39:52,-53.12526499397637
16:39:53,-53.54593081195957
16:39:55,-54.01000170869337
16:39:56,-54.97185186497524
16:39:57,-54.68796326130503
16:39:59,-49.97229077189864
16:40:0,-53.68739255812799
16:40:2,-52.51666261523488
16:40:3,-47.93036306393851
16:40:4,-47.31942116800981
16:40:6,-47.258805929343374
16:40:7,-50.27746010576749
16:40:8,-49.561552734881396
16:40:10,-53.06676444249761
16:40:11,-52.37840714399446
16:40:13,-53.41382451768866
16:40:14,-51.75799107927064
16:40:15,-53.35661278062635
16:40:17,-53.21977705366402
16:40:18,-49.85245018226438
16:40:19,-53.48872149044294
16:40:21,-51.599485325352276
16:40:22,-51.05440846052418
16:40:24,-53.11288616785063
16:40:25,-50.37080153534808
16:40:26,-53.50097705577295
16:40:28,-52.73320165988979
16:40:29,-53.41605282615879
16:40:31,-53.17762542223312
16:40:32,-54.05626319414055
16:40:33,-52.22552063016021
16:40:35,-53.948272433000255
16:40:36,-52.488429296594454
16:40:38,-51.905452912011384
16:40:39,-52.005049366187265
16:40:40,-51.93986289619013
16:40:42,-52.50118369234375
16:40:43,-51.06089568774556
16:40:45,-49.84343912170968
16:40:46,-52.67910520346044
16:40:47,-53.23452194336909
16:40:49,-52.973632448652204
16:40:50,-52.08376859060682
16:40:51,-52.645483142848434
16:40:53,-52.92146592029744
16:40:54,-52.47480784690546
16:40:56,-51.936596709270816
16:40:57,-52.50223694779993
16:40:58,-52.66152655582759
16:41:0,-51.31087705010068
16:41:1,-52.360612137276405
16:41:2,-53.02513267927624
16:41:4,-54.22349377574988
16:41:5,-52.80205171519073
16:41:7,-52.86530028766181
16:41:8,-50.67378626312167
16:41:9,-52.02987930884143
16:41:11,-53.34454844568527
16:41:12,-51.06778748950788
16:41:13,-52.52816034839414
16:41:15,-53.88069213400436
16:41:16,-52.76017096917926
16:41:18,-52.80800741560725
16:41:19,-53.92409874762571
16:41:20,-54.24004264906099
16:41:22,-53.37658502102623
16:41:23,-52.94244997569179
16:41:25,-52.62470307798647
16:41:26,-52.406794197902514
16:41:27,-53.24466545932289
16:41:29,-53.748656323489705
16:41:30,-52.148149563489234
16:41:31,-53.45265491012992
16:41:33,-53.94469025658036
16:41:34,-53.46406913192475
16:41:35,-51.8050293077779
16:41:37,-53.49561089979755
16:41:38,-51.98337039259436
16:41:40,-54.191430219031034
16:41:41,-53.2138569198266
16:41:42,-53.65582035306322
16:41:44,-53.172819853275975
16:41:45,-52.22246479119032
16:41:46,-54.24769479434478
16:41:48,-53.435128695878845
16:41:49,-51.897847984884116
16:41:50,-52.44567429260917
16:41:52,-54.74985679583125
16:41:53,-54.462178277429
16:41:55,-54.31020862525461
16:41:56,-53.71768647975379
16:41:57,-51.81956828763107
16:41:59,-54.208896499591354
16:42:0,-54.08602684495003
16:42:1,-55.13309113919834
16:42:3,-54.940742350666085
16:42:4,-54.92262448438268
16:42:5,-54.39797838393314
16:42:7,-54.680714177286916
16:42:8,-54.7607377963588
16:42:10,-53.8497691932058
16:42:11,-53.18534898368928
16:42:12,-52.92773610783943
16:42:14,-53.61637806826092
16:42:15,-52.85862307647962
16:42:16,-48.75486744982254
16:42:18,-50.064081283433836
16:42:19,-48.066505987856615
16:42:20,-48.446925189670445
16:42:22,-50.472304127213505
16:42:23,-48.33181825572966
16:42:25,-48.08457326576331
16:42:26,-49.403758506301365
16:42:27,-47.58007887874909
16:42:29,-47.80319344350375
16:42:30,-45.96427920449938
16:42:32,-47.37776075028784
16:42:33,-47.32638808626657
16:42:34,-44.53055062635059
16:42:36,-48.06807396602785
16:42:37,-47.81053193253299
16:42:38,-43.803891250006444
16:42:40,-42.05440382299262
16:42:41,-46.184271228249116
16:42:43,-44.22261702812957
16:42:44,-49.54083172466841
16:42:45,-46.58634407345696
16:42:47,-41.93236720582351
16:42:48,-49.0370009295581
16:42:49,-46.24163878633027
16:42:51,-47.89009721039969
16:42:52,-51.56887461764575
16:42:54,-47.93407299342338
16:42:55,-47.51274596959008
16:42:56,-44.84504135535928
16:42:58,-46.55678224895965
16:42:59,-48.671326281857674
16:43:0,-50.42941069907097
16:43:2,-48.95334829719601
16:43:3,-51.46520753295902
16:43:5,-45.339787974368775
16:43:6,-46.354841940154394
16:43:7,-43.4975365025555
16:43:9,-43.296424997075036
16:43:10,-44.04144299243869
16:43:11,-45.58396039974526
16:43:13,-48.39298016257417
16:43:14,-49.41186668689219
16:43:16,-51.25267461863898
16:43:17,-50.24208062708173
16:43:18,-50.48792551138131
16:43:20,-50.27749440345475
16:43:21,-48.860775636359186
16:43:23,-47.366047215210976
16:43:24,-50.8491999866076
16:43:25,-49.5446459715488
16:43:27,-47.38858595692611
16:43:28,-46.439510241021324
16:43:29,-47.29450369236454
16:43:31,-46.7570685801614
16:43:32,-44.15859795279738
16:43:34,-44.28724899246941
16:43:35,-41.71449645896409
16:43:36,-46.6610149719678
16:43:38,-49.46567706560913
16:43:39,-46.777630189556504
16:43:41,-47.68151367217693
16:43:42,-45.88828023815563
16:43:43,-42.69450714380443
16:43:45,-40.95198094919817
16:43:46,-42.44038843923717
16:43:48,-44.92854989027789
16:43:49,-41.89090139745311
16:43:50,-45.33322939034089
16:43:52,-41.39678225788039
16:43:53,-45.910659135121165
16:43:55,-44.59060947750849
16:43:56,-43.20632278450206
16:43:57,-40.73751695616317
16:43:59,-41.11214064244318
16:44:0,-40.04131643043165
16:44:1,-40.409396482528415
16:44:3,-42.72397914502225
16:44:4,-42.21435971227531
16:44:6,-37.61083960354446
16:44:7,-39.02426125980712
16:44:8,-36.77272611077323
16:44:10,-36.74523175799385
16:44:11,-38.646716864903446
16:44:12,-39.15431968807505
16:44:14,-36.74851367206034
16:44:15,-33.776771788193756
16:44:17,-35.10395162404697
16:44:18,-35.88871995180593
16:44:19,-38.73568022252492
16:44:21,-38.815038768541505
16:44:22,-37.20121706642233
16:44:24,-37.568385349361854
16:44:25,-36.11382837634436
16:44:26,-36.22593591630857
16:44:28,-37.636164045958
16:44:29,-43.05033331169704
16:44:30,-41.99462775562374
16:44:32,-38.36768469536379
16:44:33,-43.227827877704485
16:44:35,-40.43213240172132
16:44:36,-40.78808454070442
16:44:37,-38.03128585491705
16:44:39,-38.681433784585444
16:44:40,-38.01090966374609
16:44:42,-35.865950311031234
16:44:43,-35.54508001938662
16:44:44,-35.82587750827077
16:44:46,-37.38718040388432
16:44:47,-37.0893596877348
16:44:48,-43.13819479869079
16:44:50,-40.729636794281525
16:44:51,-45.09835382575224
16:44:53,-42.70113305411971
16:44:54,-42.29170842016913
16:44:55,-42.81258611550154
16:44:57,-42.24014043886146
16:44:58,-42.75233725763921
16:44:59,-41.273768672297294
16:45:1,-40.933202143584346
16:45:2,-40.832611234990964
16:45:4,-40.33477126732822
16:45:5,-40.787832989095506
16:45:6,-42.97395572452327
16:45:8,-41.84783387326696
16:45:9,-40.50653994832187
16:45:10,-43.78388418121732
16:45:12,-40.50795399121423
16:45:13,-41.946296699270896
16:45:15,-39.30322443173533
16:45:16,-42.77064680668222
16:45:17,-42.585037472955165
16:45:19,-39.328203358981945
16:45:20,-38.76860128315717
16:45:22,-39.98013832862098
16:45:23,-38.53820397032327
16:45:24,-40.07604875248209
16:45:26,-36.07878139775884
16:45:27,-37.439383407659605
16:45:28,-37.94484595309563
16:45:30,-37.1415645659535
16:45:31,-39.24022358686289
16:45:33,-39.383634697950114
16:45:34,-41.64614227704915
16:45:35,-41.80358169514357
16:45:37,-41.22219742221869
16:45:38,-40.43685696045288
16:45:39,-41.29323695765355
16:45:41,-41.59005812630718
16:45:42,-39.14659833611106
16:45:44,-37.0016158561275
16:45:45,-41.191282730643934
16:45:46,-42.931372604402156
16:45:48,-42.769371811739234
16:45:49,-42.76574928034378
16:45:51,-40.3292300160286
16:45:52,-41.662278813191705
16:45:53,-41.59301383322915
16:45:55,-41.73531233478593
16:45:56,-42.58928189283785
16:45:58,-41.66479136533788
16:45:59,-39.66541479141972
16:46:0,-44.93807852862722
16:46:2,-41.33941512509071
16:46:3,-44.51030023864598
16:46:5,-42.027959373330674
16:46:6,-41.95557234781852
16:46:7,-41.606111693781436
16:46:9,-43.660149466171646
16:46:10,-41.74045668721509
16:46:11,-42.32519515967229
16:46:13,-41.78699555979393
16:46:14,-40.533426185277214
16:46:15,-38.44808142632787
16:46:17,-40.2223462197674
16:46:18,-41.670590520697
16:46:20,-38.847202047821035
16:46:21,-38.46343759693601
16:46:22,-40.3746639271546
16:46:24,-39.55076248038016
16:46:25,-38.59944444693015
16:46:26,-42.332367348806955
16:46:28,-41.77505830327494
16:46:29,-41.6496496674332
16:46:30,-40.189443838170654
16:46:32,-41.73020106600746
16:46:33,-41.84730502415802
16:46:34,-40.58252275659272
16:46:36,-39.96106711659335
16:46:37,-40.67952103249125
16:46:39,-42.11747405263058
16:46:40,-40.851221222114596
16:46:41,-40.38784531932742
16:46:43,-39.33127417671603
16:46:44,-40.842405935470005
16:46:45,-40.45206644029178
16:46:47,-42.41612711369914
16:46:48,-41.50951549500742
16:46:50,-41.624649616515626
16:46:51,-42.40657488205706
16:46:52,-41.08605251798409
16:46:54,-41.57344862564547
16:46:55,-41.44299351195967
16:46:56,-38.44128913761998
16:46:58,-41.13455697534451
16:46:59,-39.05790773930992
16:47:1,-40.35594098829335
16:47:2,-41.04341033235906
16:47:3,-38.86183042681686
16:47:5,-40.568220336108865
16:47:6,-40.0249926271706
16:47:7,-39.628661521045046
16:47:9,-41.59143730846015
16:47:10,-38.10845827207551
16:47:11,-37.153812892259474
16:47:13,-37.02508213358675
16:47:14,-36.046354827415556
16:47:16,-41.93552538275635
16:47:17,-35.46243446350369
16:47:18,-35.89130516207113
16:47:20,-38.82737866088291
16:47:21,-37.793718611566895
16:47:22,-39.43531882141574
16:47:24,-39.867412977468504
16:47:25,-39.402908552804455
16:47:26,-38.76541930590968
16:47:28,-34.93507540892956
16:47:29,-35.73918074032201
16:47:31,-34.64889104062426
16:47:32,-36.594916443717224
16:47:33,-35.244392581444046
16:47:35,-34.21909266977576
16:47:36,-37.05167159431912
16:47:37,-36.31490390290589
16:47:39,-37.20388850950051
16:47:40,-37.330403532132756
16:47:41,-34.93255228789196
16:47:43,-34.16269662515954
16:47:44,-36.28617701649021
16:47:45,-38.236019955286594
16:47:47,-38.307399400580735
16:47:48,-40.75878106540472
16:47:50,-40.531131342431614
16:47:51,-39.65124230645167
16:47:52,-38.83715967193139
16:47:54,-39.66295902144948
16:47:55,-40.25643785087384
16:47:56,-39.12849916621349
16:47:58,-40.10857114717129
16:47:59,-39.07449817420238
16:48:1,-39.477772253062426
16:48:2,-36.12068745454548
16:48:3,-38.048008107307446
16:48:5,-37.82107835863934
16:48:6,-37.16555119098143
16:48:7,-39.96563965494562
16:48:9,-39.51591444167023
16:48:10,-39.197679422935416
16:48:12,-39.31038507453247
16:48:13,-39.3786893908143
16:48:14,-40.09769326414811
16:48:16,-39.43989567904697
16:48:17,-40.05226146512619
16:48:18,-39.389919782807404
16:48:20,-41.275650682852785
16:48:21,-40.11141928382057
16:48:22,-38.404277368247854
16:48:24,-38.32789569808765
16:48:25,-39.38380942131716
16:48:27,-40.879609584928616
16:48:28,-39.816443539356754
16:48:29,-40.59169305842717
16:48:31,-40.15955389215179
16:48:32,-39.616431474269206
16:48:33,-37.03654842238558
16:48:35,-40.549538391457894
16:48:36,-43.89873645696956
16:48:38,-41.37710335199418
16:48:39,-42.21183535114605
16:48:40,-40.3360950819654
16:48:42,-41.91118025647303
16:48:43,-41.68947457172611
16:48:44,-39.899791293540176
16:48:46,-40.73174104146644
16:48:47,-39.89268614794588
16:48:48,-37.06532444596883
16:48:50,-39.81607871335848
16:48:51,-36.49479787145585
16:48:53,-39.07904934989545
16:48:54,-35.60739651188773
16:48:55,-34.89129131014411
16:48:57,-40.985660890782924
16:48:58,-39.5124116091713
16:48:59,-41.2745700418866
16:49:1,-44.7876046748253
16:49:2,-43.42715053439136
16:49:4,-42.46768628555102
16:49:5,-43.35661719534742
16:49:6,-45.98989438575465
16:49:8,-42.61937585656775
16:49:9,-44.74927193465688
16:49:11,-47.150431793818456
16:49:12,-46.20198095850974
16:49:13,-44.508976081674874
16:49:15,-45.80784447405815
16:49:16,-43.461537625339176
16:49:18,-47.15959016740474
16:49:19,-45.24027973466093
16:49:20,-41.352183574592246
16:49:22,-44.69557785258608
16:49:23,-42.536940787260974
16:49:25,-45.783319772423965
16:49:26,-42.12862620105702
16:49:27,-42.63638541180654
16:49:29,-45.16368142245771
16:49:30,-44.90987137095517
16:49:31,-40.78271394982636
16:49:33,-47.09667999259345
16:49:34,-44.28662658617765
16:49:35,-45.6491751852589
16:49:37,-46.685574135735294
16:49:38,-45.466072145447924
16:49:40,-44.866979706246525
16:49:41,-44.50197223568501
16:49:42,-41.91614405002633
16:49:44,-41.380141302728035
16:49:45,-40.461324328283474
16:49:47,-40.61160734549248
16:49:48,-42.38642110947601
16:49:49,-42.167384723510835
16:49:51,-41.9669416397352
16:49:52,-41.60593072763149
16:49:54,-44.56815741180249
16:49:55,-41.923258304982554
16:49:56,-42.04047106226686
16:49:58,-36.43068280762145
16:49:59,-38.610569850032654
16:50:1,-41.8144171997931
16:50:2,-40.08021515079644
16:50:4,-42.99064670598048
16:50:5,-43.44295785811739
16:50:6,-39.73495924401288
16:50:8,-42.93687364008237
16:50:9,-42.45405999556658
16:50:10,-40.03866123871555
16:50:12,-43.72406165625394
16:50:13,-43.45929911917895
16:50:15,-41.703803936109935
16:50:16,-43.12215077962332
16:50:17,-44.26990081625796
16:50:19,-40.9486722904081
16:50:20,-46.480433811978735
16:50:21,-43.97867997402904
16:50:23,-46.432990758120276
16:50:24,-47.07407273642502
16:50:25,-46.852073186626704
16:50:27,-47.342378181750306
16:50:28,-46.9186048233136
16:50:30,-46.803894917029716
16:50:31,-46.968458464843685
16:50:32,-43.66667172122921
16:50:34,-41.45438216357707
16:50:35,-48.52443867313532
16:50:36,-43.85630133561569
16:50:38,-46.443448460024605
16:50:39,-50.963542163596344
16:50:41,-45.81031760352506
16:50:42,-48.210338608859395
16:50:43,-50.129367766979314
16:50:45,-46.26587730676496
16:50:46,-43.71477961094697
16:50:48,-40.99258869842271
16:50:49,-39.467721386341815
16:50:50,-40.282680707382966
16:50:52,-47.99013363139032
16:50:53,-49.36958242680849
16:50:55,-46.39640515608954
16:50:56,-49.12726763856842
16:50:57,-49.0870912947123
16:50:59,-44.4988457636839
16:51:0,-49.25140669445601
16:51:1,-44.52077650409892
16:51:3,-43.9697606247655
16:51:4,-41.32792503627779
16:51:5,-43.87973849722529
16:51:7,-46.169597202912804
16:51:8,-44.72123372089143
16:51:10,-42.59166378290851
16:51:11,-46.017041864738445
16:51:12,-46.846270649298006
16:51:14,-45.73117469543547
16:51:15,-42.65430664944361
16:51:16,-43.62220184720929
16:51:18,-40.540542547744785
16:51:19,-43.15422017045855
16:51:21,-43.38652999737752
16:51:22,-45.237898751786325
16:51:23,-42.73893645978273
16:51:25,-37.675845825706
16:51:26,-41.82173553551781
16:51:28,-41.40254831723279
16:51:29,-43.15758901908312
16:51:30,-41.24533418631259
16:51:32,-40.50133409252646
16:51:33,-41.33788849600763
16:51:34,-41.51046288559762
16:51:36,-37.51710264815734
16:51:37,-38.27628738224745
16:51:39,-35.13642371180446
16:51:40,-34.716630308088625
16:51:41,-39.73300007743888
16:51:43,-38.808760509031195
16:51:44,-39.137529879262345
16:51:46,-39.12841966031086
16:51:47,-37.5173237247176
16:51:48,-33.86368968270429
16:51:50,-33.51414642039732
16:51:51,-35.288455161781094
16:51:52,-29.43211557444434
16:51:54,-36.14789412960849
16:51:55,-32.747764918050954
16:51:57,-35.408862636144406
16:51:58,-35.30994066811531
16:51:59,-29.551418414980052
16:52:1,-30.04597227205558
16:52:2,-35.24079278461581
16:52:4,-37.41113437228462
16:52:5,-36.939958388785094
16:52:6,-34.718757842569566
16:52:8,-38.23923802326083
16:52:9,-39.02275553543192
16:52:10,-42.10941044900053
16:52:12,-42.65991364456485
16:52:13,-40.75379064120081
16:52:15,-35.920380847107694
16:52:16,-40.907659409994196
16:52:17,-39.15123763965091
16:52:19,-39.31910070127141
16:52:20,-39.48768990513598
16:52:21,-40.68185500645224
16:52:23,-38.58506169771158
16:52:24,-39.93626606338733
16:52:26,-36.088002844539886
16:52:27,-38.17385974197792
16:52:28,-37.422630698439946
16:52:30,-40.45569135712035
16:52:31,-42.13635223500251
16:52:32,-41.11135831370581
16:52:34,-39.35821218353483
16:52:35,-40.08625200229554
16:52:36,-41.138732480428466
16:52:38,-42.28357787868869
16:52:39,-42.136678082872095
16:52:41,-41.67052574919255
16:52:42,-40.99239689658786
16:52:43,-38.07986420422632
16:52:45,-39.02809574633501
16:52:46,-39.779194160606636
16:52:47,-39.90397641478203
16:52:49,-40.37889180126838
16:52:50,-34.33824316389759
16:52:51,-39.70895286794291
16:52:53,-36.992736373127364
16:52:54,-36.138309962237294
16:52:56,-40.59749796285431
16:52:57,-37.939943871385076
16:52:58,-39.05990776693288
16:53:0,-41.84638921062274
16:53:1,-38.953673740860815
16:53:2,-40.26898000360815
16:53:4,-37.951240792415575
16:53:5,-38.10879640292636
16:53:6,-39.57141332426115
16:53:8,-38.51037905452367
16:53:9,-38.163877630697336
16:53:11,-40.38528310606723
16:53:12,-37.134937021058306
16:53:13,-38.06519872912557
16:53:15,-39.46703746514474
16:53:16,-41.067698084386336
16:53:17,-39.53769744847682
16:53:19,-40.8179477677415
16:53:20,-41.48484367273262
16:53:22,-41.16276585780813
16:53:23,-39.33909351072014
16:53:24,-39.556737196112174
16:53:26,-39.151293369802616
16:53:27,-40.00653024251299
16:53:28,-38.799972582173915
16:53:30,-39.36440711542154
16:53:31,-38.19341530375334
16:53:32,-37.730404840032705
16:53:34,-36.8120307765292
16:53:35,-37.44049896237287
16:53:37,-40.626352902856944
16:53:38,-39.79577974412609
16:53:39,-39.59262995811123
16:53:41,-35.88493688736315
16:53:42,-38.92635340979942
16:53:43,-37.98052705171473
16:53:45,-38.82743317482983
16:53:46,-39.20109319200415
16:53:47,-41.57451569474178
16:53:49,-37.31346175779472
16:53:50,-38.07559756849876
16:53:51,-39.14047224341094
16:53:53,-38.22856222985395
16:53:54,-40.286310574075195
16:53:56,-38.13259258818101
16:53:57,-38.33000848673525
16:53:58,-37.9603838689131
16:54:0,-39.65448236532841
16:54:1,-40.407075793964474
16:54:3,-39.80741523722776
16:54:4,-38.801429953968515
16:54:5,-37.98008660576723
16:54:7,-39.511108817867935
16:54:8,-40.16582101825114
16:54:10,-39.43613031104455
16:54:11,-37.6311026406255
16:54:12,-39.253467527560375
16:54:14,-39.778939877172064
16:54:15,-37.13709265420722
16:54:16,-39.40858717993282
16:54:18,-40.2004764794261
16:54:19,-41.43632811793367
16:54:20,-40.76685488080319
16:54:22,-40.226134214801554
16:54:23,-39.938723019128595
16:54:24,-40.72156217884222
16:54:26,-37.59694464786205
16:54:27,-38.2742200175971
16:54:29,-38.041147092388535
16:54:30,-40.495109637683704
16:54:31,-41.28802473735581
16:54:33,-39.79379135534615
16:54:34,-34.800599581365525
16:54:35,-34.3264968492394
16:55:59,-33.97262224649276
16:56:0,-32.3440181926529
16:56:2,-37.730852563266694
16:56:3,-34.873997074490795
16:56:4,-33.56311527419638
16:56:6,-35.23142285068635
16:56:7,-33.83232852518425
16:56:8,-35.383621692049466
16:56:10,-35.28887995062806
16:56:11,-33.13436148760803
16:56:13,-35.84402923334408
16:56:14,-35.49088089867458
16:56:15,-31.258490186847766
16:56:17,-34.11274308404862
16:56:18,-28.206555412991907
16:56:20,-29.09582533683691
16:56:21,-32.50827483179472
16:56:22,-34.57614930921568
16:56:24,-29.73954704850112
16:56:25,-29.473078414281296
16:56:26,-31.671656278673403
16:56:55,-35.89193820449383
16:56:56,-30.795006445123427
16:56:58,-33.62983922879559
16:56:59,-33.79735705452737
16:57:0,-35.68327732822774
16:57:2,-33.32595887382056
16:57:3,-37.02291352005616
16:57:4,-35.78021173503962
16:57:6,-34.076732477629335
16:57:7,-35.67715892705635
16:57:9,-33.06163909999548
16:57:10,-34.06220283068499
16:57:11,-33.63741990420125
16:57:13,-31.082865034385172
16:57:14,-30.502105970880876
16:57:15,-29.868438052823436
16:57:17,-24.981128820750538
16:57:18,-34.290030271147444
16:57:20,-27.90758782391645
16:57:21,-33.821519200313254
16:57:22,-34.50033368940627
16:57:24,-32.323630768757006
16:57:25,-36.69472663476269
16:57:26,-35.87508311390745
16:57:28,-35.45112335292329
16:57:29,-33.240609108288666
16:57:30,-34.75513546857643
16:57:32,-34.27700756941925
16:57:33,-34.619779855046616
16:57:35,-36.25433994265129
16:57:36,-34.368115704735104
16:57:37,-31.506513052177574
16:57:39,-30.541255199252767
16:57:40,-35.836715531006035
16:57:41,-33.79693347060539
16:57:43,-35.24422437873801
16:57:44,-34.00354863054205
16:57:46,-32.26284006416233
16:57:47,-34.53173244459683
16:57:48,-33.459397410041596
16:57:50,-33.263179336998796
16:57:51,-34.655039451762164
16:57:52,-33.71908809085382
16:57:54,-31.34199610859308
16:57:55,-33.882700593005204
16:57:57,-30.536435243413802
16:57:58,-32.34785336231234
16:57:59,-33.2750063872447
16:58:1,-31.993222025021378
16:58:2,-36.120140387806885
16:58:3,-31.700478378503046
16:58:5,-34.52090154811964
16:58:6,-32.80394220219331
16:58:8,-34.59036695302166
16:58:9,-29.862263772627458
16:58:10,-28.980840091636356
16:58:12,-32.96064556551173
16:58:13,-31.95416753288706
16:58:14,-31.226034434688792
16:58:16,-33.00807306857195
16:58:17,-30.042146845548704
16:58:19,-32.720797692690084
16:58:20,-31.457024734568027
16:58:21,-37.34637651788876
16:58:23,-29.206141979919895
16:58:24,-28.960016160293943
16:58:25,-28.743261493454675
16:58:27,-26.167768856605257
16:58:28,-25.38954177347275
16:58:30,-28.37516029500926
16:58:31,-33.825039644985665
16:58:32,-34.838745358247635
16:58:34,-29.034017308231206
16:58:35,-32.3577380752996
16:58:37,-30.12536295274245
16:58:38,-31.398064657884653
16:58:39,-26.550972407076724
16:58:41,-31.1668716519534
16:58:42,-31.49940673992557
16:58:43,-28.35873071478119
16:58:45,-30.168496626725513
16:58:46,-32.227753354099626
16:58:47,-30.49678827127312
16:58:49,-32.00782501916243
16:58:50,-33.694191979455105
16:58:52,-34.63197867252393
16:58:53,-29.565809803234284
16:58:54,-30.69109944974609
16:58:56,-32.80559163743668
16:58:57,-35.34270928324808
16:58:58,-36.91824341424243
16:59:0,-26.901049034481233
16:59:1,-34.303994857028954
16:59:2,-35.59567243608579
16:59:4,-33.90228314748518
16:59:5,-33.535467466938485
16:59:7,-32.5512325070041
16:59:8,-32.40959954738097
16:59:9,-29.413167583713893
16:59:11,-29.773702626911344
16:59:12,-33.801362776299
16:59:14,-37.79411899810197
16:59:15,-40.096336507126836
16:59:16,-36.84075739958384
16:59:18,-37.2992990427717
16:59:19,-39.90299942719539
16:59:21,-40.9045516252087
16:59:22,-42.03621146948686
16:59:23,-34.20249497522131
16:59:25,-39.29433655065633
16:59:26,-34.434940064061536
16:59:27,-38.65156173481328
16:59:29,-37.279490721582235
16:59:30,-41.50997654351173
16:59:32,-38.67152953985486
16:59:33,-40.21499779059812
16:59:34,-39.93496340869196
16:59:36,-37.94268285134623
16:59:37,-31.029761605676107
16:59:38,-39.494031548766976
16:59:40,-38.74417471509881
16:59:41,-31.584623226411416
16:59:43,-38.704449087522356
16:59:44,-37.152434027238954
16:59:45,-38.13653688773254
16:59:47,-35.458742338578816
16:59:48,-29.447917705476353
16:59:50,-26.04643690915796
16:59:51,-30.456277805084476
16:59:52,-31.822861666990924
16:59:54,-32.840711753565316
16:59:55,-31.825690836733145
16:59:56,-34.567848156023736
16:59:58,-33.68717677851321
16:59:59,-33.294937851244406
17:0:1,-32.79842038219911
17:0:2,-34.21912214055802
17:0:3,-33.80987245999128
17:0:5,-33.94015799264147
17:0:6,-32.501313091132474
17:0:7,-32.773260293086736
17:0:9,-31.707806019149597
17:0:10,-36.49459052570607
17:0:12,-37.40528737242887
17:0:13,-36.15088340193139
17:0:14,-36.59022598633999
17:0:16,-34.90046747612139
17:0:17,-36.857102652223624
17:0:19,-35.571050458710026
17:0:20,-33.453797116851426
17:0:21,-36.47619330027138
17:0:23,-34.195324144847376
17:0:24,-34.578010883661534
17:0:25,-36.2423888075182
17:0:27,-36.48622090706484
17:0:28,-32.66520266362856
17:0:30,-35.01271927434431
17:0:31,-31.44320546580022
17:0:32,-33.696073688090756
17:0:34,-36.285836210010395
17:0:35,-34.46632968723816
17:0:36,-35.341414712616995
17:0:38,-36.91932593177094
17:0:39,-36.064635715406695
17:0:41,-36.04705646656501
17:0:42,-32.012472660296254
17:0:43,-35.43323211256016
17:0:45,-35.86994218464005
17:0:46,-35.29942110921625
17:0:48,-34.43262755204448
17:0:49,-32.172956649603876
17:0:50,-36.36094068122925
17:0:52,-35.17035537956238
17:0:53,-37.02722346617924
17:0:54,-37.197179828917115
17:0:56,-35.8974244511024
17:0:57,-34.42877173660572
17:0:59,-36.933164504332744
17:1:0,-35.766137689957176
17:1:1,-36.40784944536584
17:1:3,-34.95266217142274
17:1:4,-37.07484182768119
17:1:6,-37.47318038357322
17:1:7,-35.863403231204025
17:1:8,-37.08435645898372
17:1:10,-37.99919284426664
17:1:11,-35.50446927419725
17:1:12,-36.99171069600362
17:1:14,-38.11140220456476
17:1:15,-37.28723749275632
17:1:17,-36.61964881726541
17:1:18,-36.596852654349746
17:1:19,-36.897111416081486
17:1:21,-37.83617656921139
17:1:22,-35.60852282001479
17:1:23,-37.02658124992958
17:1:25,-35.08796711348963
17:1:26,-34.20406390131225
17:1:28,-33.47126059712844
17:1:29,-36.40619155728604
17:1:30,-33.10145381259352
17:1:32,-34.13054472598397
17:1:33,-33.500940252276244
17:1:34,-33.94233215214963
17:1:36,-30.255088664490298
17:1:37,-32.64320328384984
17:1:39,-33.404223757279745
17:1:40,-32.28857047411474
17:1:41,-31.839827945074145
17:1:43,-32.77034839950413
17:1:44,-36.39993775954964
17:1:46,-34.78532624606582
17:1:47,-34.540702123748744
17:1:48,-32.85487177573489
17:1:50,-35.62231575036134
17:1:51,-33.73551278237158
17:1:52,-37.139028796792374
17:1:54,-36.19375569800756
17:1:55,-36.220186670321425
17:1:57,-34.923516888676154
17:1:58,-33.29194715724088
17:1:59,-33.857408310456215
17:2:1,-33.40945955451013
17:2:2,-31.06389245970935
17:2:3,-34.11316236302609
17:2:5,-33.39337623199909
17:2:6,-30.87508750517983
17:2:8,-30.348900317052564
17:2:9,-30.703809576484403
17:2:10,-34.06537534043346
17:2:12,-36.22994358413297
17:2:13,-32.605408654128425
17:2:15,-34.92514822017433
17:2:16,-31.2648809076591
17:2:17,-29.59329506211205
17:2:19,-24.52875035209931
17:2:20,-29.107912848187215
17:2:21,-30.529173187286943
17:2:23,-29.09601503051476
17:2:24,-31.316251212397937
17:2:26,-37.08272395157949
17:2:27,-38.20958352357909
17:2:28,-34.26905797843145
17:2:30,-34.90344953577746
17:2:31,-36.82240186847203
17:2:32,-40.24876619953779
17:2:34,-37.18412805087293
17:2:35,-36.92462720253044
17:2:36,-34.9635582453474
17:2:38,-34.266472811623764
17:2:39,-33.90841993543364
17:2:41,-35.150410934921304
17:2:42,-35.329618483190956
17:2:43,-31.19173564561656
17:2:45,-37.445435726458086
17:2:46,-31.4722090284874
17:2:47,-37.02832707162452
17:2:49,-33.5033278872753
17:2:50,-36.10145512235269
17:2:52,-37.50931481413834
17:2:53,-32.631629844222644
17:2:54,-35.665191503874595
17:2:56,-36.092930756563185
17:2:57,-34.2451250118742
17:2:58,-29.72748103967449
17:3:0,-33.29818779775713
17:3:1,-38.76519833280194
17:3:3,-40.96177074548586
17:3:4,-35.873111415156245
17:3:5,-36.953926454633795
17:3:7,-38.34012652586394
17:3:8,-36.68628144517498
17:3:10,-36.0553558735586
17:3:11,-36.550951563705986
17:3:12,-32.647299605176826
17:3:14,-36.383755544936975
17:3:15,-35.00346374421508
17:3:16,-32.952705228481435
17:3:18,-29.92362306744093
17:3:19,-36.006339516615235
17:3:20,-35.504688129628974
17:3:22,-36.08836380180181
17:3:23,-37.18571320464315
17:3:25,-38.343861013689505
17:3:26,-38.523578621702285
17:3:27,-36.84778225361655
17:3:29,-35.661897912237364
17:3:30,-31.728199701924407
17:3:31,-33.05937235180841
17:3:33,-34.856496827881934
17:3:34,-35.322245620996
17:3:36,-34.253329502180655
17:3:37,-37.64894604097801
17:3:38,-37.55695483731217
17:3:40,-35.41484485705824
17:3:41,-36.96576271699391
17:3:43,-37.09612842856352
17:3:44,-35.69740039713419
17:3:45,-37.30234012832568
17:3:47,-36.59916631613552
17:3:48,-37.33207929924789
17:3:49,-37.22440893123499
17:3:51,-37.91504464496043
17:3:52,-36.49984661035398
17:3:54,-35.50827480851439
17:3:55,-34.37059617999422
17:3:56,-37.838634298493496
17:3:58,-34.38434824006406
17:3:59,-35.6288789310138
17:4:0,-35.669146348384785
17:4:2,-28.87949157939961
17:4:3,-34.02009348231373
17:4:5,-33.45642439991306
17:4:6,-31.839103089562766
17:4:7,-36.83752041487819
17:4:9,-35.711266509521835
17:4:10,-37.18798760694872
17:4:11,-35.173729747974704
17:4:13,-34.121290935608314
17:4:14,-34.21880095394668
17:4:16,-36.892476482562685
17:4:17,-34.17056189523572
17:4:19,-34.125651894331526
17:4:20,-36.01984008778946
17:4:21,-36.31444385839182
17:4:23,-35.80070036700194
17:4:24,-36.29116059551793
17:4:25,-35.39472169953371
17:4:27,-33.63531799194184
17:4:28,-35.48643781989844
17:4:30,-34.14937115770965
17:4:31,-36.08284701421481
17:4:32,-34.614537173509795
17:4:34,-35.30971726947241
17:4:35,-35.218153315478745
17:4:36,-36.42509659246864
17:4:38,-36.17791557186321
17:4:39,-35.18954515788577
17:4:41,-36.51585863589292
17:4:42,-35.07281510409055
17:4:43,-35.26062584834341
17:4:45,-32.475841030976596
17:4:46,-34.55147067077969
17:4:47,-35.66730033886999
17:4:49,-33.73856775217872
17:4:50,-34.77104513871946
17:4:51,-35.52296096118765
17:4:53,-35.80971135577938
17:4:54,-36.48753433753598
17:4:55,-33.59369857752035
17:4:57,-32.40931098965006
17:4:58,-33.12472754769358
17:5:0,-33.67364827767953
17:5:1,-33.708187361347626
17:5:2,-35.20973371797672
17:5:4,-34.3013740574045
17:5:5,-33.15929482848225
17:5:7,-33.55671659100561
17:5:8,-32.8458141889313
17:5:9,-35.6837747523759
17:5:11,-37.61577828900608
17:5:12,-33.499390545058056
17:5:14,-36.744630159769955
17:5:15,-29.356645646302248
17:5:16,-37.052040238761165
17:5:18,-34.59113408073489
17:5:19,-33.13883630475933
17:5:20,-32.94522398632114
17:5:22,-31.70054722690427
17:5:23,-30.869134826511512
17:5:25,-32.09466346426159
17:5:26,-36.635162149544314
17:5:28,-32.02491995679364
17:5:29,-32.662071814074224
17:5:31,-37.78125441310871
17:5:32,-36.43450562520002
17:5:33,-35.42549486173818
17:5:35,-29.89719733857403
17:5:36,-34.49232144854511
17:5:37,-35.669971928051
17:5:39,-35.33730538835934
17:5:40,-31.306951363647823
17:5:42,-33.273548384706416
17:5:43,-30.31898794643009
17:5:44,-33.74251763875609
17:5:46,-32.59387720043692
17:5:47,-30.7771863252255
17:5:48,-29.279094401447857
17:5:50,-33.460839604850456
17:5:51,-36.070501279727914
17:5:53,-31.772037093631088
17:5:54,-31.243688871126864
17:5:55,-36.02358897566843
17:5:57,-30.45845739861697
17:5:58,-34.86229052333192
17:6:0,-36.65438054291506
17:6:1,-34.74120195008435
17:6:2,-32.15914196518114
17:6:4,-33.34808780495278
17:6:5,-35.53584878395874
17:6:6,-34.652838483489916
17:6:8,-37.59477086081591
17:6:9,-32.18911516371661
17:6:10,-33.42390468472315
17:6:12,-37.28480421765474
17:6:13,-34.35268244026385
17:6:15,-29.822096397842014
17:6:16,-38.145276787107115
17:6:18,-31.926595247173054
17:6:19,-30.182556316221607
17:6:20,-28.176350419601768
17:6:22,-34.74075886925978
17:6:23,-33.1586749953222
17:6:24,-33.98525811400278
17:6:26,-34.1700639468512
17:6:27,-32.73269248471403
17:6:29,-29.483666959105758
17:6:30,-28.887041019574685
17:6:31,-27.171845281154766
17:6:33,-32.33159277523699
17:6:34,-32.93007011647782
17:6:36,-32.66018437552565
17:6:37,-32.184615291131294
17:6:38,-31.846252896395328
17:6:40,-31.0486247288084
17:6:41,-31.550152480245586
17:6:43,-28.576666139669662
17:6:44,-32.53393307592958
17:6:45,-32.62565851994922
17:6:47,-30.288297156228452
17:6:48,-30.733442898397392
17:6:50,-32.34440533038039
17:6:51,-29.92881677562718
17:6:52,-29.386600102111487
17:6:54,-24.657699070066847
17:6:55,-31.897980886322934
17:6:57,-29.287400564021343
17:6:58,-26.369452975663975
17:7:0,-27.13867384975419
17:7:1,-24.960961240478955
17:7:2,-19.378147858448735
17:7:4,-23.873258363776454
17:7:5,-24.38242028960786
17:7:7,-27.15021955996375
17:7:8,-25.52849404849367
17:7:9,-28.085987285411896
17:7:11,-24.48634555652514
17:7:12,-27.461732534402255
17:7:13,-29.57572021505505
17:7:15,-18.56921939574446
17:7:16,-25.432898993890845
17:7:18,-23.990608615223408
17:7:19,-22.610161489684586
17:7:20,-22.2647964718091
17:7:22,-17.604522722515867
17:7:23,-15.082241705038157
17:7:24,-17.664573944657818
17:7:26,-20.501658003797466
17:7:27,-19.417625162384812
17:7:29,-23.954884965912164
17:7:30,-19.21971275724928
17:7:31,-20.6847749512739
17:7:33,-19.907649650360018
17:7:34,-15.546241949371458
17:7:36,-21.326257892360502
17:7:37,-22.89107552664926
17:7:38,-18.301930152901914
17:7:40,-17.145302906139495
17:7:41,-12.195619189148964
17:7:43,-16.218597832983143
17:7:44,-19.368915709479065
17:7:45,-16.44714576971554
17:7:47,-18.40650372736779
17:7:48,-25.533893602492643
17:7:50,-23.519198512990982
17:7:51,-20.24930979409405
17:7:52,-16.137077427819946
17:7:54,-19.09475696643655
17:7:55,-15.876179087259157
17:7:56,-15.079044077164385
17:7:58,-16.784426005574424
17:7:59,-18.844643387617886
17:8:1,-18.471370364198176
17:8:2,-16.316102559887938
17:8:3,-19.740315012647766
17:8:5,-19.737604592565315
17:8:6,-19.14911546828717
17:8:8,-17.96936920572143
17:8:9,-17.72889063382204
17:8:10,-19.482809153043764
17:8:12,-20.115418117995787
17:8:13,-16.78822245422873
17:8:15,-18.526667108392253
17:8:16,-16.659979580424938
17:8:17,-18.912464714134632
17:8:19,-18.86265336744755
17:8:20,-15.844784651308014
17:8:21,-15.39585932740184
17:8:23,-18.03429567410585
17:8:24,-16.144476270003803
17:8:26,-15.291226488822257
17:8:27,-14.386523501540145
17:8:28,-15.035283190538788
17:8:30,-14.434414931408906
17:8:31,-16.215963826751857
17:8:33,-16.64072355256539
17:8:34,-16.373689489017217
17:8:35,-16.834438870727045
17:8:37,-18.69200217583813
17:8:38,-17.321716073375992
17:8:39,-14.930606222937055
17:8:41,-18.246211026009174
17:8:42,-21.4382325123673
17:8:44,-21.495596925312
17:8:45,-16.10050592514905
17:8:46,-19.086116062268506
17:8:48,-20.74329840138595
17:8:49,-21.525415924831044
17:8:51,-18.910086449114672
17:8:52,-22.0203202362856
17:8:53,-20.83563287326293
17:8:55,-16.106175434230195
17:8:56,-24.052155525263508
17:8:57,-19.764980504416542
17:8:59,-21.39136370620909
17:9:0,-16.130192683326257
17:9:2,-21.488285745701422
17:9:3,-20.230614116749447
17:9:4,-17.54691044303039
17:9:6,-16.28944519654343
17:9:7,-21.673403545440276
17:9:9,-21.865242113270945
17:9:10,-16.038023331305787
17:9:11,-16.177114044371613
17:9:13,-22.272855908872696
17:9:14,-22.93287574296666
17:9:15,-21.764262659708127
17:9:17,-21.0272384431298
17:9:18,-22.729280421472367
17:9:20,-21.057900488076694
17:9:21,-20.86309714630221
17:9:22,-20.637373764826755
17:9:24,-22.944745579175493
17:9:25,-15.12729722989793
17:9:27,-23.71968939131619
17:9:28,-23.44959535833627
17:9:29,-21.922540981175423
17:9:31,-21.915534477104295
17:9:32,-23.20127537077109
17:9:33,-22.195630587747154
17:9:35,-24.41577465839338
17:9:36,-17.841463122114167
17:9:38,-22.840758437695644
17:9:39,-20.16539161320764
17:9:40,-21.30094407547852
17:9:42,-19.12745835426699
17:9:43,-20.42960667845209
17:9:44,-15.55666658221702
17:9:46,-16.78558645688712
17:9:47,-19.438795370783232
17:9:49,-20.62964765644682
17:9:50,-20.678802528594403
17:9:51,-19.861071968683575
17:9:53,-19.001901918054006
17:9:54,-19.098664453299065
17:9:56,-20.500682240188382
17:9:57,-20.370731728854807
17:9:58,-14.772397746235171
17:10:0,-16.0807065270274
17:10:1,-21.30887716614643
17:10:3,-20.32922559433341
17:10:4,-20.545665435672667
17:10:5,-20.574269261165586
17:10:7,-19.59703017936352
17:10:8,-19.73884081790388
17:10:10,-20.062045158109516
17:10:11,-19.25034141246448
17:10:12,-15.934143045468376
17:10:14,-15.252501786697161
17:10:15,-19.165008933007087
17:10:17,-16.110518091620488
17:10:18,-13.306329386246155
17:10:19,-13.384526808373362
17:10:21,-10.720141860620762
17:10:22,-15.378983771049935
17:10:23,-14.010276815440058
17:10:25,-18.202090779034528
17:10:26,-14.824142951658486
17:10:27,-14.409342656556682
17:10:29,-12.74191126303153
17:10:30,-13.558426667128336
17:10:32,-17.093116561046052
17:10:33,-20.893328022527843
17:10:35,-19.970299537409588
17:10:36,-21.06528795080763
17:10:37,-24.80566371741045
17:10:39,-20.576253819952623
17:10:40,-20.24029583490417
17:10:41,-20.581283564983487
17:10:43,-22.08250698538135
17:10:44,-22.060058077535786
17:10:46,-22.18738084158818
17:10:47,-14.415154895241972
17:10:49,-20.29549300726524
17:10:50,-26.42860359964677
17:10:51,-22.07269984694445
17:10:53,-25.97272840067236
17:10:54,-15.975084309785345
17:10:56,-15.953707527012085
17:10:57,-17.84536283441351
17:10:59,-18.37115061720909
17:11:59,-16.76421357587293
17:12:1,-17.614408694737637
17:12:2,-16.8673830804981
17:12:4,-19.660354009266186
17:12:5,-19.9164243198925
17:12:6,-19.584813548048267
17:12:8,-16.859157876296027
17:12:9,-19.169634093048447
17:12:11,-13.17855354096811
17:12:12,-15.560737604187212
17:12:13,-19.28958789876355
17:12:15,-18.764671191048436
17:12:16,-15.617517127681126
17:12:17,-19.778743767202684
17:12:19,-20.385161138969828
17:12:20,-19.84490246788392
17:12:21,-15.508803791937723
17:12:23,-21.09252237736255
17:12:24,-19.435392804723964
17:12:26,-20.38261547652878
17:12:27,-17.24709821599363
17:12:28,-21.881350352734344
17:12:30,-17.169835915455348
17:12:31,-19.320926073126564
17:12:32,-18.830113400534817
17:12:34,-16.4868365425201
17:12:35,-15.820144643688232
17:12:37,-17.2341604676252
17:12:38,-20.00581843016
17:12:39,-17.10525422880513
17:12:41,-14.336958157433022
17:12:42,-16.937770376682344
17:12:43,-21.906405840196253
17:12:45,-21.653106743103606
17:13:56,-21.886862233745287
17:13:58,-21.006044794412034
17:13:59,-21.776837294550916
17:14:1,-22.532471715646608
17:14:2,-22.852031585686152
17:14:4,-18.366332236688805
17:14:5,-17.20574766347157
17:14:6,-21.572240418976875
17:14:8,-20.540858776902724
17:14:9,-20.10210699750718
17:14:10,-21.385759627848376
17:14:12,-21.725419150923962
17:14:13,-20.24392824454148
17:14:15,-20.57967173732594
17:14:16,-19.9229764265284
17:14:18,-21.42549104411732
17:14:19,-20.149034633907597
17:14:20,-17.578575468063796
17:14:22,-19.504910671537314
17:14:23,-19.190875938967622
17:14:24,-21.1360674073117
17:14:26,-20.839466840391125
17:14:27,-19.149207409891083
17:14:29,-22.788165721097684
17:14:30,-22.461098418249158
17:14:31,-21.190645817715875
17:14:33,-20.929633388240205
17:14:34,-24.751707587339133
17:14:35,-20.811893976034483
17:14:37,-17.26952557743439
17:14:38,-20.055851730653202
17:14:39,-19.03049170124518
17:14:41,-22.33706124593022
17:14:42,-21.299231035193404
17:14:44,-22.692320116116647
17:14:45,-21.29653725562141
17:14:46,-20.19780935798458
17:14:48,-19.318867004050347
17:14:49,-21.570370244204817
17:14:51,-21.61025387254228
17:14:52,-22.483118132184885
17:14:53,-20.44022403942308
17:14:55,-20.084791708529252
17:14:56,-19.87698571537051
17:14:58,-20.654694390815717
17:14:59,-22.02596290253358
17:15:0,-21.419806164291973
17:15:2,-19.38063967273993
17:15:3,-21.351122319234427
17:15:4,-23.08980847074882
17:15:6,-23.87573904277916
17:15:7,-21.352101033308188
17:15:9,-19.143020303858776
17:15:10,-21.60992562230713
17:15:11,-21.43553734413448
17:15:13,-20.289453719880797
17:15:14,-21.38609608124728
17:15:16,-17.03367165255476
17:15:17,-20.51997367041341
17:15:18,-21.372307357288975
17:15:20,-21.767972791061744
17:15:21,-19.522868411833862
17:15:23,-17.816532124868083
17:15:24,-19.200151074096997
17:15:25,-22.172811233362406
17:15:27,-21.17931141309628
17:15:28,-20.074354624012493
17:15:29,-22.904129505973497
17:15:31,-22.175973452416425
17:15:32,-18.073320208456845
17:15:34,-19.01159388939389
17:15:35,-19.477189310032013
17:15:36,-18.584590214408692
17:15:38,-16.439053241047866
17:15:39,-19.178145026282706
17:15:40,-22.390420734288135
17:15:42,-17.445243398505312
17:15:43,-23.48274971980127
17:15:45,-20.65527210784819
17:15:46,-22.24855472692579
17:15:47,-20.99611365930027
17:15:49,-21.848142925120403
17:15:50,-23.119884548206706
17:15:52,-22.64223811100471
17:15:53,-17.929194497095867
17:15:54,-22.250778089707985
17:15:56,-21.893932917462955
17:15:57,-20.840797398296864
17:15:58,-22.11730858273597
17:16:0,-24.566339896415084
17:16:1,-25.029733232503904
17:16:3,-22.400993560768086
17:16:4,-24.471718214000017
17:16:5,-27.90279122820321
17:16:7,-24.046997296325472
17:16:8,-26.476815061780115
17:16:9,-29.77253591752583
17:16:11,-27.88614861425777
17:16:12,-25.595035639921267
17:16:14,-24.502487873314458
17:16:15,-27.10993130309465
17:16:16,-28.197458056299254
17:16:18,-28.307372377766832
17:16:19,-30.25560093433373
17:16:21,-28.64114188817822
17:16:22,-32.448700808789404
17:16:23,-30.913005503453483
17:16:25,-30.551489517604683
17:16:26,-32.630811228945255
17:16:27,-31.63922719820426
17:16:29,-29.964492335521452
17:16:30,-31.34913104529229
17:16:32,-28.938275807071445
17:16:33,-31.367447195605113
17:16:34,-33.2777778650883
17:16:36,-31.69431115274271
17:16:37,-31.894048727201767
17:16:39,-28.76584889034553
17:16:40,-25.444893075037637
17:16:42,-25.870867346311304
17:16:43,-24.755534842722675
17:16:44,-26.2075925848227
17:16:46,-26.666007642981878
17:16:47,-26.720127194104943
17:16:48,-27.98016578703156
17:16:50,-25.51215217431526
17:16:51,-25.3260892536409
17:16:53,-28.076150194000316
17:16:54,-26.64212083166879
17:16:55,-27.79520962119686
17:16:57,-27.811665807787662
17:16:58,-27.64512693601101
17:17:0,-27.49780156098215
17:17:1,-27.912986570343563
17:17:2,-29.503173495828765
17:17:4,-27.604689534925985
17:17:5,-28.69828849703513
17:17:6,-25.517584621557184
17:17:8,-25.835831087220733
17:17:9,-24.806326207490045
17:17:11,-28.198874899875428
17:17:12,-26.7590093753561
17:17:13,-28.436860475544073
17:17:15,-29.738048843980913
17:17:16,-26.810413596442984
17:17:17,-23.679496520027413
17:17:19,-25.97451696284102
17:17:20,-27.31589794054186
17:17:22,-28.44657109783105
17:19:4,-27.71367650044855
17:19:6,-29.185608570062122
17:19:7,-29.98035791813861
17:19:8,-28.121298384586424
17:19:10,-27.022773525827482
17:19:11,-29.14639041813028
17:19:12,-26.52393909795734
17:19:14,-21.83978029922878
17:19:15,-27.877269616432187
17:19:17,-35.016628812990504
17:19:18,-33.60313163791796
17:19:19,-33.27986532156383
17:19:21,-33.91461300929878
17:19:22,-29.360168797299377
17:19:23,-33.52229145849966
17:19:25,-31.616293739031896
17:19:26,-26.276890220949014
17:19:28,-28.248397404902047
17:19:29,-28.81560826682611
17:19:30,-25.99456782049139
17:19:32,-31.187423126385234
17:19:33,-32.44948056183554
17:19:35,-31.89195391677973
17:19:36,-30.51288430895468
17:19:37,-25.823923534483836
17:19:39,-29.431298559840332
17:19:40,-25.600587987987936
17:19:42,-34.93131371962637
17:19:43,-37.9906235707024
17:19:45,-34.94511849286652
17:19:46,-35.98263324304139
17:19:47,-35.49988841428197
17:19:49,-34.81408598713534
17:19:50,-36.641548401758
17:19:52,-35.19426191985316
17:19:53,-34.45576825828785
17:19:54,-34.84036129055725
17:19:56,-36.18365428681922
17:19:57,-34.533916597741545
17:19:58,-33.384754153913704
17:20:0,-35.653571882003796
17:20:1,-33.16315799541319
17:20:3,-33.98412270328922
17:20:4,-37.91528077022282
17:20:5,-39.306171752508924
17:20:7,-37.10840273233997
17:20:8,-38.02145070601903
17:20:10,-37.22937415497497
17:20:11,-35.08565993422418
17:20:12,-35.56741844232578
17:20:14,-36.37114406016673
17:20:15,-39.07799930872954
17:20:17,-40.39427841385678
17:20:18,-40.06811140762558
17:20:19,-39.28012969031956
17:20:21,-42.38657328750702
17:20:22,-35.622789889899465
17:20:24,-34.99165469622463
17:20:25,-32.36568244086846
17:20:26,-32.74512659839441
17:20:28,-34.39704126144769
17:20:29,-38.131442631488454
17:20:31,-37.07563531953661
17:20:32,-38.574141465337235
17:20:33,-37.903559294668256
17:20:35,-36.34275807445007
17:20:36,-38.8633709067292
17:20:38,-37.91695139307596
17:20:39,-38.46894435728369
17:20:40,-37.5022626411137
17:20:42,-35.975707568623285
17:20:43,-37.40941097396723
17:20:44,-35.57170516847572
17:20:46,-35.11562040328764
17:20:47,-35.13910548115341
17:20:49,-34.48272131574913
17:20:50,-36.059985887882824
17:20:51,-37.2829663399215
17:20:53,-37.90714784034617
17:20:54,-37.24416318142651
17:20:56,-36.654947592765616
17:20:57,-36.44456601759472
17:20:58,-37.739175902356884
17:21:0,-35.717138212631404
17:21:1,-33.609801275474034
17:21:3,-33.8181441049188
17:21:4,-35.69670193448248
17:21:5,-38.023042079973045
17:21:7,-35.78846736954119
17:21:8,-37.35676899103744
17:21:10,-38.086003022233605
17:21:11,-38.36398567064667
17:21:12,-33.929946375052104
17:21:14,-36.00725824609667
17:21:15,-37.306548859403804
17:21:16,-35.446030341794824
17:21:18,-36.98928682667181
17:21:19,-37.50205663037525
17:21:21,-36.3584213273218
17:21:22,-35.38740621723022
17:21:23,-37.605926066366834
17:21:25,-37.23224817921762
17:21:26,-37.4357755184344
17:21:27,-35.20935390080528
17:21:29,-36.344873211209254
17:21:30,-36.7437106708125
17:21:32,-34.42381069077931
17:21:33,-34.37941483884285
17:21:34,-35.34939562811709
17:21:36,-38.10534151262941
17:21:37,-36.318311018606074
17:21:39,-37.586721871738476
17:21:40,-35.820649105655875
17:21:41,-37.3000696020959
17:21:43,-33.797662566326274
17:21:44,-36.59273840882541
17:21:46,-38.405501089018465
17:21:47,-34.87104983544584
17:21:48,-34.64400695661118
17:21:50,-34.14020469002595
17:21:51,-34.4405942209545
17:21:53,-35.67724407766467
17:21:54,-37.696318811866156
17:21:55,-37.07699681643991
17:21:57,-37.9343991875578
17:21:58,-35.89333864955189
17:22:0,-36.280929707628495
17:22:1,-33.628153089091
17:22:2,-34.199699876422486
17:22:4,-38.281642623067405
17:22:5,-38.19374043063152
17:22:7,-37.08585497352674
17:22:8,-35.0547536874838
17:22:9,-35.23489355838089
17:22:11,-37.69454188728479
17:22:12,-37.27085092492407
17:22:14,-37.69626620506757
17:22:15,-34.44412610501778
17:22:16,-35.144467486728956
17:22:18,-35.047225807555655
17:22:19,-36.43143287201293
17:22:21,-33.835262122879854
17:22:22,-34.42242733134413
17:22:23,-36.22736260780619
17:22:25,-34.74021891574852
17:22:26,-34.15703122572198
17:22:28,-35.18958238655381
17:22:29,-34.70999154194005
17:22:30,-37.74105661260332
17:22:32,-39.21757776550988
17:22:33,-39.398767090323695
17:22:35,-40.31611147242017
17:22:36,-37.07502008257925
17:22:38,-33.55662324673617
17:22:39,-37.58063971049802
17:22:40,-35.964646386965015
17:22:42,-35.44333922778878
17:22:43,-36.95336857130789
17:22:44,-37.5865856863788
17:22:46,-38.706347614880016
17:22:47,-37.70986048445138
17:22:49,-35.75678441315702
17:22:50,-41.1773959516928
17:22:51,-39.14773601753203
17:22:53,-34.76716094867175
17:22:54,-36.56334414992561
17:22:56,-35.430760353500425
17:22:57,-36.05735328254698
17:22:58,-35.981363951592705
17:23:0,-36.86333852989772
17:23:1,-36.75793394719797
17:23:3,-36.38223607785288
17:23:4,-35.25505576861218
17:23:5,-36.856679963620614
17:23:7,-36.038440267864246
17:23:8,-36.00865121545806
17:23:10,-34.27076285749935
17:23:11,-35.56854483468566
17:23:13,-33.341702996858785
17:23:14,-34.73523836810799
17:23:15,-35.2478005242632
17:23:17,-38.45014571543327
17:23:18,-38.227166849717314
17:23:20,-32.30344900278675
17:23:21,-33.7488276111839
17:23:23,-30.999141880126686
17:23:24,-37.489493172788826
17:23:25,-34.68616596157376
17:23:27,-33.00249850995235
17:23:28,-32.7032994372503
17:23:30,-37.12610698005169
17:23:31,-34.78522330934053
17:23:32,-35.24006611497959
17:23:34,-34.19403245752263
17:23:35,-28.641658359272668
17:23:37,-31.853795875047332
17:23:38,-32.47551220136812
17:23:39,-32.88600999622836
17:23:41,-35.157319009940565
17:23:42,-30.742897241984085
17:23:44,-36.33962614574194
17:23:45,-34.0006835594138
17:23:47,-32.576120792095686
17:23:48,-36.02730640748717
17:23:49,-31.830838303944535
17:23:51,-36.85431204646568
17:23:52,-35.37643826211395
17:23:53,-36.7403391970526
17:23:55,-39.691659063230425
17:23:56,-39.43261361948269
17:23:58,-35.677406170727544
17:23:59,-37.08547809411727
17:24:0,-33.97811329748538
17:24:2,-35.67988528570447
17:24:3,-37.076840238401914
17:24:5,-38.63324927421893
17:24:6,-36.546163820375924
17:24:8,-33.4190598689169
17:24:9,-36.840761627178736
17:24:10,-36.1064854632451
17:24:12,-41.125332225560115
17:24:13,-39.898401539089456
17:24:14,-42.022483329376485
17:24:16,-35.5210088093048
17:24:17,-39.2063414458264
17:24:19,-35.77696087152659
17:24:20,-38.2885727934202
17:24:21,-39.36586082372003
17:24:23,-42.7679998239241
17:24:24,-39.472538266081166
17:24:25,-42.09754521101062
17:24:27,-43.57619818053937
17:24:28,-41.793262084415744
17:24:30,-40.83209949148282
17:24:31,-41.605868520029645
17:24:32,-40.12914395699174
17:24:34,-41.33164472527455
17:24:35,-41.091032507511486
17:24:37,-39.883482052761494
17:24:38,-42.182957975251504
17:24:39,-40.33386148409139
17:24:41,-41.64225092568732
17:24:42,-39.39542413932567
17:24:43,-40.48574189150657
17:24:45,-36.62532000953186
17:24:46,-38.73337169122435
17:24:48,-40.26927751181377
17:24:49,-39.7285968803909
17:24:50,-42.1529194937508
17:24:52,-39.60729213698603
17:24:53,-38.6560182026029
17:24:55,-39.800185092902346
17:24:56,-43.130162796958416
17:24:58,-42.82206017432137
17:24:59,-40.77097463402956
17:25:0,-41.63414446776844
17:25:2,-43.96053770707721
17:25:3,-42.584388465216314
17:25:5,-43.11879073696163
17:25:6,-40.999756034571035
17:25:7,-40.74272621480392
17:25:9,-42.98577299647957
17:25:10,-41.79127081814684
17:25:12,-42.19552597915574
17:25:13,-35.27185970260744
17:25:14,-40.18691501886077
17:25:16,-42.36987276999602
17:25:17,-42.04674394034977
17:25:18,-39.713639996436974
17:25:20,-40.73743379644581
17:25:21,-43.25914881284394
17:25:23,-40.684175105217705
17:25:24,-41.921924748428985
17:25:25,-40.47360148956673
17:25:27,-39.93850764506093
17:25:28,-41.62303492138374
17:25:30,-40.5957251204584
17:25:31,-41.55414477137434
17:25:32,-42.573734032358956
17:25:34,-42.06264267755678
17:25:35,-41.283674870864445
17:25:36,-43.380377209932426
17:25:38,-43.147668058748735
17:25:39,-41.19578705416256
17:25:41,-42.734207466168705
17:25:42,-42.28283744538808
17:25:43,-43.52701149974926
17:25:45,-41.84940347410637
17:25:46,-42.121836143584645
17:25:48,-42.690889899394755
17:25:49,-40.78918138060136
17:25:50,-40.0779535423506
17:25:52,-40.428711865564125
17:25:53,-42.17630199275927
17:25:55,-40.72476327435684
17:25:56,-41.45276968373922
17:25:57,-43.653853966398906
17:25:59,-41.23622969800796
17:26:0,-42.7096410052874
17:26:1,-41.57713277360472
17:26:3,-42.02616779994428
17:26:4,-41.98432694316218
17:26:6,-42.9244844930437
17:26:7,-40.80639541601581
17:26:8,-42.84988885749886
17:26:10,-42.79390009685307
17:26:11,-41.435557337630826
17:26:13,-41.1686878652299
17:26:14,-41.451871940016176
17:26:15,-40.57041514603219
17:26:17,-42.32054085961337
17:26:18,-43.31989982351237
17:26:20,-39.656304936234285
17:26:21,-41.20000738567669
17:26:22,-40.21227762742309
17:26:24,-42.287499524067385
17:26:25,-39.55413366611043
17:26:27,-40.794903064025775
17:26:28,-42.002965616827304
17:26:29,-39.1479115576994
17:26:31,-41.59837105781138
17:26:32,-40.475513106644556
17:26:33,-40.45987949020088
17:26:35,-40.079800719154015
17:26:36,-40.96097901584297
17:26:38,-40.90574696826158
17:26:39,-40.65185155071292
17:26:40,-39.722768030024596
17:26:42,-41.18976148618426
17:26:43,-38.91474840914391
17:26:45,-39.68792018190181
17:26:46,-42.44001220092133
17:26:47,-41.80579507495438
17:26:49,-40.72389294570485
17:26:50,-39.03461733286028
17:26:52,-40.92080898289162
17:26:53,-35.86093346861652
17:26:54,-38.948524403035115
17:26:56,-35.71941334505018
17:26:57,-36.14498708047354
17:26:59,-32.99201943782306
17:27:0,-36.581484542410806
17:27:1,-37.242584596179505
17:27:3,-38.39454811402119
17:27:4,-35.99382976843567
17:27:6,-33.42365194734635
17:27:7,-37.614318531207765
17:27:8,-39.58776495338091
17:27:10,-39.8003772771648
17:27:11,-40.699429875525716
17:27:13,-40.81605609998906
17:27:14,-41.48793054985977
17:27:15,-38.3345890590908
17:27:17,-39.64204100955665
17:27:18,-37.316189718042956
17:27:20,-39.62538669045802
17:27:21,-41.67656031723055
17:27:22,-39.49502032160237
17:27:24,-38.6413635396344
17:27:25,-38.71426497987821
17:27:27,-40.144052785379934
17:27:28,-40.51563149670193
17:27:29,-41.474075638042066
17:27:31,-42.50464394264844
17:27:32,-41.68915387297355
17:27:33,-41.17412899344106
17:27:35,-41.27969295490408
17:27:36,-42.26592414299972
17:27:38,-41.88637465977473
17:27:39,-41.895574623998
17:27:40,-41.359677508439496
17:27:42,-41.12096403062846
17:27:43,-42.99596697849157
17:27:44,-39.39680331239052
17:27:46,-41.02270849520452
17:27:47,-42.8492981307876
17:27:49,-40.209420511482705
17:27:50,-40.9973268247804
17:27:51,-40.74134684688666
17:27:53,-41.017924935013426
17:27:54,-41.80684749336272
17:27:56,-40.30056676551945
17:27:57,-41.05328684669055
17:27:58,-39.39348918118079
17:28:0,-40.82145263579918
17:28:1,-41.0844510807881
17:28:3,-41.3363792565406
17:28:4,-40.69840658883872
17:28:5,-42.282022416568886
17:28:7,-40.76705648072409
17:28:8,-41.17957642975901
17:28:9,-39.25027563891233
17:28:11,-39.55161736819733
17:28:12,-40.86315016036136
17:28:14,-42.00117318644303
17:28:15,-42.46250923328623
17:28:16,-41.62463905595394
17:28:18,-42.855763131612655
17:28:19,-42.147958165613666
17:28:20,-40.40451549075306
17:28:22,-42.12159361548234
17:28:23,-40.832690411149066
17:28:25,-43.534878685185376
17:28:26,-40.798976604711534
17:28:28,-42.68321185867584
17:28:29,-42.37950430106483
17:28:30,-41.93368645019065
17:28:32,-42.00911749463003
17:28:33,-42.44155988940026
17:28:35,-41.83109357411715
17:28:36,-40.467670649551295
17:28:37,-44.36822646355256
17:28:39,-41.52906446542868
17:28:40,-40.30770081199562
17:28:41,-42.33177361260466
17:28:43,-40.8177382390972
17:28:44,-40.421868089302826
17:28:46,-39.6262100220639
17:28:47,-40.639792920627265
17:28:48,-42.92714943985027
17:28:50,-42.96381131224945
17:28:51,-41.365708871937194
17:28:53,-42.45610069565731
17:28:54,-42.04975783399323
17:28:55,-41.80663079036974
17:28:57,-40.76138122126703
17:28:58,-39.676889610211234
17:29:0,-41.918828018362305
17:29:1,-42.453665899762896
17:29:2,-41.93769269629478
17:29:4,-43.255168095437085
17:29:5,-41.705999150335096
17:29:7,-40.84886185633968
17:29:8,-38.77480427710802
17:29:9,-39.3624449434637
17:29:11,-40.24346456447035
17:29:12,-40.568247413817915
17:29:14,-42.5925734970431
17:29:15,-39.89512427964843
17:29:16,-43.33828077724203
17:29:18,-39.34321498625572
17:29:19,-41.04755770383931
17:29:21,-39.485266262689684
17:29:22,-39.88110151396515
17:29:23,-41.16050400076682
17:29:25,-39.92088094439608
17:29:26,-42.8868325278641
17:29:28,-41.64293477663928
17:29:29,-39.43464116259327
17:29:30,-39.100641382306385
17:29:32,-40.42124925784211
