0,-29.452002018827002,-25.8639
1,-29.971598916043497,-25.8639
2,-28.037084332016722,-25.8639
3,-27.700782500593387,-25.8639
4,-26.381932593963203,-25.8639
5,-29.454122868970053,-25.8639
6,-27.09274762114791,-25.8639
7,-28.958477287819168,-25.8639
8,-30.462427248005103,-25.8639
9,-29.587510340149766,-25.8639
10,-29.10689999476066,-25.8639
11,-29.6625597637499,-25.8639
12,-30.93532853289149,-25.8639
13,-30.008647539693378,-25.8639
14,-29.907238817982407,-25.8639
15,-28.10452400735602,-25.8639
16,-28.217261377391907,-25.8639
17,-29.32793524279596,-25.8639
18,-28.657071779737496,-25.8639
19,-27.102508927086273,-25.8639
20,-25.50567295058496,-25.8639
21,-27.35890835905625,-25.8639
22,-26.63468104579185,-25.8639
23,-26.530036692541486,-25.8639
24,-24.65780312967989,-25.8639
25,-25.425377998958034,-25.8639
26,-25.686476568443496,-25.8639
27,-25.498462986641016,-25.8639
28,-25.38106539957245,-25.8639
29,-25.691320122918167,-25.8639
30,-27.9876973366032,-25.8639
31,-24.7645979723119,-25.8639
32,-28.31841479784403,-25.8639
33,-26.86127967195994,-25.8639
34,-27.046752066646185,-25.8639
35,-27.303284355306076,-25.8639
36,-25.726731717058904,-25.8639
37,-24.487671647819123,-25.8639
38,-26.993446455062333,-25.8639
39,-26.571941848200893,-25.8639
40,-25.928245791343162,-25.8639
41,-26.612908961169815,-25.8639
42,-27.400312376200894,-25.8639
43,-25.342715247632434,-25.8639
44,-26.23088755657113,-25.8639
45,-26.03333217914495,-25.8639
46,-26.340789873446504,-25.8639
47,-26.028644332471373,-25.8639
48,-26.231468089855436,-25.8639
49,-25.90355154535784,-25.8639
50,-28.241024389437253,-25.8639
51,-25.61376565152605,-25.8639
52,-25.914826886742212,-25.8639
53,-25.844406115043736,-25.8639
54,-27.350730168191767,-25.8639
55,-28.129919222896817,-25.8639
56,-26.162483815939233,-25.8639
57,-27.77758435320029,-25.8639
58,-26.639854683925826,-25.8639
59,-27.93936050091794,-25.8639
60,-27.504784661927786,-25.8639
61,-26.85381471381888,-25.8639
62,-25.588537034765725,-25.8639
63,-25.811159305143114,-25.8639
64,-25.458673447340207,-25.8639
65,-26.3513740574438,-25.8639
66,-27.67943697035381,-25.8639
67,-27.165465791568106,-25.8639
68,-24.955267558830315,-25.8639
69,-25.77191540082149,-25.8639
70,-25.401310746425754,-25.8639
71,-23.565557191954994,-25.8639
72,-25.13817977646815,-25.8639
73,-23.75786160093616,-25.8639
74,-26.23327966794968,-25.8639
75,-25.514942999871412,-25.8639
76,-26.936729496038197,-25.8639
77,-23.225271938651378,-25.8639
78,-27.26711409217274,-25.8639
79,-26.788216198791005,-25.8639
80,-25.419415130912213,-25.8639
81,-25.755424826937606,-25.8639
82,-26.90142408539395,-25.8639
83,-24.08781860436754,-25.8639
84,-25.466247259060992,-25.8639
85,-26.084033981696724,-25.8639
86,-25.864524989729745,-25.8639
87,-23.90495006407276,-25.8639
88,-29.849708143292982,-25.8639
89,-26.71960562268247,-25.8639
90,-25.824824136074117,-25.8639
91,-25.113708223874838,-25.8639
92,-25.052200515266318,-25.8639
93,-25.23933389193374,-25.8639
94,-25.229592142235624,-25.8639
95,-26.73594412555118,-25.8639
96,-25.96454390954864,-25.8639
97,-26.40206349600648,-25.8639
98,-26.15004217059822,-25.8639
99,-24.29109430497176,-25.8639
100,-25.519470297399852,-25.8639
101,-27.809282639807957,-25.8639
102,-27.168077684240725,-25.8639
103,-28.435486520354214,-25.8639
104,-27.634858081246442,-25.8639
105,-24.301884771095107,-25.8639
106,-22.46003229755017,-25.8639
107,-27.438029577686905,-25.8639
108,-29.484968455584777,-25.8639
109,-28.400880008933235,-25.8639
110,-25.873866447513443,-25.8639
111,-23.492547492022645,-25.8639
112,-22.44137414703582,-25.8639
113,-24.40434883333004,-25.8639
114,-29.46548095816306,-25.8639
115,-27.446401154230685,-25.8639
116,-25.8374263233952,-25.8639
117,-24.27923609409458,-25.8639
118,-26.018943335968473,-25.8639
119,-26.411829556166587,-25.8639
120,-27.126694540609357,-25.8639
121,-27.172977446309687,-25.8639
122,-25.340754811427058,-25.8639
123,-28.469910958256662,-25.8639
124,-27.813921433071357,-25.8639
125,-29.669712996949276,-25.8639
126,-29.786281411535164,-25.8639
127,-31.73701707411164,-25.8639
128,-28.472645980114663,-25.8639
129,-30.940546350269912,-25.8639
130,-27.51708003771396,-25.8639
131,-25.008356383221873,-25.8639
132,-27.018426182657066,-25.8639
133,-30.20028467030125,-25.8639
134,-32.19549875613196,-25.8639
135,-30.376858305465134,-25.8639
136,-31.417681818187702,-25.8639
137,-30.55111842434432,-25.8639
138,-28.49118067261704,-25.8639
139,-27.784394576688772,-25.8639
140,-31.006273608827065,-25.8639
141,-29.87286085019472,-25.8639
142,-30.214084879123053,-25.8639
143,-29.64783807568159,-25.8639
144,-30.120457695790492,-25.8639
145,-29.10896337589003,-25.8639
146,-30.93733028622602,-25.8639
147,-34.84167439855291,-25.8639
148,-31.855710973934777,-25.8639
149,-32.165255323002924,-25.8639
150,-30.79500695805237,-25.8639
151,-29.986329157376087,-25.8639
152,-30.3996151348121,-25.8639
153,-31.478123198155075,-25.8639
154,-31.638763130225055,-25.8639
155,-29.18848758598127,-25.8639
156,-31.484017309712357,-25.8639
157,-29.287006359279427,-25.8639
158,-30.94708152599535,-25.8639
159,-29.139925738827372,-25.8639
160,-30.0960608693942,-25.8639
161,-29.687991236124557,-25.8639
162,-29.68435639722894,-25.8639
163,-31.084457645096897,-25.8639
164,-29.890502191026194,-25.8639
165,-31.365351379113466,-25.8639
166,-32.46511164691176,-25.8639
167,-31.912059753422298,-25.8639
168,-29.92827317267959,-25.8639
169,-31.31068878318827,-25.8639
170,-32.0812711551915,-25.8639
171,-30.17251193180837,-25.8639
172,-30.075503871207424,-25.8639
173,-32.266908847893475,-25.8639
174,-30.503317112911713,-25.8639
175,-30.769816371814915,-25.8639
176,-31.021798216648673,-25.8639
177,-27.692446025101987,-25.8639
178,-28.03144212465408,-25.8639
179,-30.911923968739767,-25.8639
180,-31.20386840275394,-25.8639
181,-29.59659194429357,-25.8639
182,-28.60523288604788,-25.8639
183,-30.141023651492496,-25.8639
184,-29.296141069159674,-25.8639
185,-29.510665173410242,-25.8639
186,-31.997995720280183,-25.8639
187,-30.286758671708913,-25.8639
188,-30.422812558693472,-25.8639
189,-30.397274433128366,-25.8639
190,-29.863607735061883,-25.8639
191,-27.954668530194134,-25.8639
192,-26.868732912275846,-25.8639
193,-25.202000153195034,-25.8639
194,-22.936410964688893,-25.8639
195,-20.706773359779568,-25.8639
196,-28.063929116272043,-25.8639
197,-25.14943288574184,-25.8639
198,-24.56007893963548,-25.8639
199,-25.688769765489962,-25.8639
200,-23.970294736884235,-25.8639
201,-24.333970039935203,-25.8639
202,-27.569386176373637,-25.8639
203,-24.720308690678365,-25.8639
204,-28.53897974683251,-25.8639
205,-27.985246570312235,-25.8639
206,-27.73115471901135,-25.8639
207,-27.293143722413532,-25.8639
208,-27.21392377258117,-25.8639
209,-27.848220881164558,-25.8639
210,-27.237347451500703,-25.8639
211,-27.490985822665095,-25.8639
212,-24.712101300805305,-25.8639
213,-25.097003499393985,-25.8639
214,-23.795447739944677,-25.8639
215,-25.09506826870718,-25.8639
216,-25.686443675204387,-25.8639
217,-28.263388887387745,-25.8639
218,-28.62730593674349,-25.8639
219,-26.89815840399454,-25.8639
220,-26.992684363831106,-25.8639
221,-27.033089384722647,-25.8639
222,-28.011053691278313,-25.8639
223,-28.41982236350631,-25.8639
224,-29.39223286614213,-25.8639
225,-28.92527131647973,-25.8639
226,-25.949423136554024,-25.8639
227,-29.536366893218798,-25.8639
228,-25.986631842486865,-25.8639
229,-27.909711364480945,-25.8639
230,-28.770693445470048,-25.8639
231,-29.400927394269864,-25.8639
232,-28.991732365781733,-25.8639
233,-30.286184246163018,-25.8639
234,-28.13896656058073,-25.8639
235,-28.251130850828194,-25.8639
236,-28.879918394038647,-25.8639
237,-28.736449392903385,-25.8639
238,-28.384530188121964,-25.8639
239,-28.301881574766107,-25.8639
240,-28.54818463019489,-25.8639
241,-26.78355652964826,-25.8639
242,-28.199361307883656,-25.8639
243,-28.09861304476335,-25.8639
244,-27.172273899489472,-25.8639
245,-27.400302331387802,-25.8639
246,-26.575355160793652,-25.8639
247,-28.89381905762313,-25.8639
248,-26.915870762453995,-25.8639
249,-28.656766530966355,-25.8639
250,-25.648631928730083,-25.8639
251,-28.28675968142813,-25.8639
252,-25.057388565513,-25.8639
253,-27.21864902460886,-25.8639
254,-27.809205855269997,-25.8639
255,-27.97340412093771,-25.8639
256,-27.69873381448534,-25.8639
257,-30.179563703890857,-25.8639
258,-30.781222661165828,-25.8639
259,-28.7274737802063,-25.8639
260,-29.47012677552753,-25.8639
261,-29.36545952995107,-25.8639
262,-28.183597825471175,-25.8639
263,-29.22806774518839,-25.8639
264,-28.419267563241547,-25.8639
265,-27.600599265429466,-25.8639
266,-28.159123768002736,-25.8639
267,-27.527744421234512,-25.8639
268,-27.18394728560987,-25.8639
269,-29.30248969385771,-25.8639
270,-28.36334976459611,-25.8639
271,-27.363406297367078,-25.8639
272,-27.373118553276807,-25.8639
273,-27.136494758262888,-25.8639
274,-21.442744498014488,-25.8639
275,-26.10577373607232,-25.8639
276,-26.262962456386596,-25.8639
277,-29.273215654151997,-25.8639
278,-27.138087154243525,-25.8639
279,-28.76452507754211,-25.8639
280,-28.52122684684207,-25.8639
281,-30.189977366348618,-25.8639
282,-28.22361980641855,-25.8639
283,-29.22266936740534,-25.8639
284,-29.168953410441212,-25.8639
285,-28.42614788986868,-25.8639
286,-27.481049580620464,-25.8639
287,-28.03749618967476,-25.8639
288,-28.98813814543368,-25.8639
289,-28.055432821858055,-25.8639
290,-24.616482303242314,-25.8639
291,-26.996090586267684,-25.8639
292,-28.210349325974747,-25.8639
293,-28.785038502054153,-25.8639
294,-27.76948330222516,-25.8639
295,-29.271842752272875,-25.8639
296,-30.756666380362848,-25.8639
297,-31.815699214158805,-25.8639
298,-29.369955448374792,-25.8639
299,-29.051085305753034,-25.8639
300,-30.785096201851996,-25.8639
301,-25.402501040991243,-25.8639
302,-27.7726027537372,-25.8639
303,-28.367788687844108,-25.8639
304,-30.320721127005953,-25.8639
305,-31.751804956305044,-25.8639
306,-28.975939723327446,-25.8639
307,-28.849261663603766,-25.8639
308,-29.40787234951582,-25.8639
309,-29.03196665039855,-25.8639
310,-30.69088568695168,-25.8639
311,-28.240246812673178,-25.8639
312,-26.067417071894393,-25.8639
313,-26.1211290576384,-25.8639
314,-25.512894668733487,-25.8639
315,-25.39074360973015,-25.8639
316,-24.836648827432416,-25.8639
317,-24.672049910585145,-25.8639
318,-27.44518308417827,-25.8639
319,-29.65294807819397,-25.8639
320,-30.247257804187186,-25.8639
321,-28.899746976507373,-25.8639
322,-28.62630273093203,-25.8639
323,-27.361473373795487,-25.8639
324,-29.53015661802442,-25.8639
325,-27.58935476787009,-25.8639
326,-27.999622259902928,-25.8639
327,-28.05492346134926,-25.8639
328,-27.954649532429197,-25.8639
329,-30.79322968360298,-25.8639
330,-28.33686679070641,-25.8639
331,-27.121972680351355,-25.8639
332,-29.91396067428122,-25.8639
333,-31.75211806292484,-25.8639
334,-30.02730199959546,-25.8639
335,-30.70100169139947,-25.8639
336,-31.461678307748766,-25.8639
337,-31.431774200674045,-25.8639
338,-27.889649062492804,-25.8639
339,-31.292617663054987,-25.8639
340,-26.727464953382018,-25.8639
341,-29.27329060779808,-25.8639
342,-29.640661314482337,-25.8639
343,-28.38150352964221,-25.8639
344,-30.388944615000206,-25.8639
345,-26.95886115493472,-25.8639
346,-23.397052801925234,-25.8639
347,-30.057715635825733,-25.8639
348,-30.16211427440188,-25.8639
349,-30.91348241649957,-25.8639
350,-31.0069800771309,-25.8639
351,-29.323516481131445,-25.8639
352,-28.22415242832852,-25.8639
353,-28.47956224453991,-25.8639
354,-30.17228042245948,-25.8639
355,-30.605966698285485,-25.8639
356,-29.525863998814184,-25.8639
357,-25.166188179116688,-25.8639
358,-28.121609553863326,-25.8639
359,-29.837275116480836,-25.8639
360,-25.609512865026005,-25.8639
361,-24.906177991811994,-25.8639
362,-29.053837821937766,-25.8639
363,-25.378197374239633,-25.8639
364,-31.23838693502048,-25.8639
365,-30.9250553057081,-25.8639
366,-26.30883420075294,-25.8639
367,-29.090016884556928,-25.8639
368,-27.145398403828473,-25.8639
369,-23.075478542562585,-25.8639
370,-24.415174008970162,-25.8639
371,-24.88614383961146,-25.8639
372,-27.697106031401262,-25.8639
373,-26.369824546143754,-25.8639
374,-27.694063323438186,-25.8639
375,-28.46516993806912,-25.8639
376,-28.528655534718283,-25.8639
377,-27.11048500923819,-25.8639
378,-26.543678612983236,-25.8639
379,-29.328080344042817,-25.8639
380,-28.63295351507363,-25.8639
381,-28.076065842889403,-25.8639
382,-30.811693339829812,-25.8639
383,-28.925580598606064,-25.8639
384,-31.800463285410903,-25.8639
385,-29.43682130856932,-25.8639
386,-30.319266438864094,-25.8639
387,-28.561354069538503,-25.8639
388,-29.487345220620192,-25.8639
389,-29.751675501305748,-25.8639
390,-27.954649296773102,-25.8639
391,-30.801828532745436,-25.8639
392,-26.78928056654188,-25.8639
393,-31.48610687380224,-25.8639
394,-31.32442578496014,-25.8639
395,-27.708000187049947,-25.8639
396,-30.412129840871973,-25.8639
397,-26.213459045445802,-25.8639
398,-25.789442871597053,-25.8639
399,-25.6266396834773,-25.8639
400,-28.020522634823998,-25.8639
401,-26.590011557360917,-25.8639
402,-30.103256164903517,-25.8639
403,-26.038345424850693,-25.8639
404,-27.665329601180506,-25.8639
405,-30.46031550384267,-25.8639
406,-30.62477681818762,-25.8639
407,-29.95454123352517,-25.8639
408,-30.91229913322573,-25.8639
409,-29.856610712104104,-25.8639
410,-28.573620133614636,-25.8639
411,-30.684811689238842,-25.8639
412,-29.245487042498006,-25.8639
413,-27.273226390230146,-25.8639
414,-26.017241358434887,-25.8639
415,-30.289909206176695,-25.8639
416,-27.067061724838155,-25.8639
417,-27.648243673236323,-25.8639
418,-27.144271165251453,-25.8639
419,-27.551371238661883,-25.8639
420,-27.68514719519784,-25.8639
421,-27.63410129994574,-25.8639
422,-31.60130827584139,-25.8639
423,-30.04735897699589,-25.8639
424,-25.65029888048713,-25.8639
425,-27.80459848895812,-25.8639
426,-29.531027144849414,-25.8639
427,-28.516754342848387,-25.8639
428,-30.06056060013007,-25.8639
429,-30.24835942919085,-25.8639
430,-24.80433594208307,-25.8639
431,-32.200996987320984,-25.8639
432,-28.983590708664643,-25.8639
433,-25.018071682207392,-25.8639
434,-26.81811729539099,-25.8639
435,-29.690469294619955,-25.8639
436,-26.390200963530983,-25.8639
437,-27.348849526906843,-25.8639
438,-30.031234279372043,-25.8639
439,-30.677135086128647,-25.8639
440,-30.702491512424167,-25.8639
441,-31.598287726247875,-25.8639
442,-26.02248377840013,-25.8639
443,-29.31359675753476,-25.8639
444,-25.917985379867012,-25.8639
445,-28.16703001296387,-25.8639
446,-28.11088268002336,-25.8639
447,-29.653869008586287,-25.8639
448,-29.66658750647289,-25.8639
449,-28.719693709519618,-25.8639
450,-30.224736374923133,-25.8639
451,-31.1291753513207,-25.8639
452,-28.055128026182906,-25.8639
453,-28.524031731788124,-25.8639
454,-30.331535348128682,-25.8639
455,-30.055773817595657,-25.8639
456,-30.000674138425197,-25.8639
457,-31.77321264079969,-25.8639
458,-32.34447005404361,-25.8639
459,-28.943985377879237,-25.8639
460,-31.30613880315019,-25.8639
461,-29.478665856551626,-25.8639
462,-25.020927856046576,-25.8639
463,-19.80645003001691,-25.8639
464,-28.293647045398963,-25.8639
465,-26.694982566568846,-25.8639
466,-25.878549050769966,-25.8639
467,-29.20556033144681,-25.8639
468,-31.146396663233027,-25.8639
469,-25.192458534471122,-25.8639
470,-25.729203989815822,-25.8639
471,-24.393530112679237,-25.8639
472,-27.91215311651229,-25.8639
473,-25.017319160962227,-25.8639
474,-23.69610145819483,-25.8639
475,-26.198054170746413,-25.8639
476,-21.768386533626256,-25.8639
477,-28.478351211975188,-25.8639
478,-27.766935085086885,-25.8639
479,-27.214413266982895,-25.8639
480,-27.62446839910907,-25.8639
481,-24.577459164407117,-25.8639
482,-29.69387112960064,-25.8639
483,-28.647016270113784,-25.8639
484,-27.961457427198816,-25.8639
485,-25.58766765452979,-25.8639
486,-32.87351592915781,-25.8639
487,-32.3330736667547,-25.8639
488,-26.680440699755703,-25.8639
489,-31.966446741500825,-25.8639
490,-25.359019785955223,-25.8639
491,-24.28819353726224,-25.8639
492,-26.76747667483728,-25.8639
493,-29.289393103322986,-25.8639
494,-29.387854999462924,-25.8639
495,-31.221536832614678,-25.8639
496,-28.684038122418226,-25.8639
497,-32.7071544686645,-25.8639
498,-31.56889612029499,-25.8639
499,-29.197840688679673,-25.8639
500,-30.204880051643496,-25.8639
501,-30.23021035445951,-25.8639
502,-31.447985921302177,-25.8639
503,-32.78970386823936,-25.8639
504,-25.857327453458254,-25.8639
505,-32.37417528079004,-25.8639
506,-24.586126973055865,-25.8639
507,-26.16584105632484,-25.8639
508,-28.951294393170897,-25.8639
509,-19.833688109694027,-25.8639
510,-25.01281354771916,-25.8639
511,-25.186730603499377,-25.8639
512,-27.236442622484716,-25.8639
513,-30.042811269303385,-25.8639
514,-28.811124430324636,-25.8639
515,-22.574819414955513,-25.8639
516,-27.74353887262411,-25.8639
517,-31.29566288288848,-25.8639
518,-30.1001859570284,-25.8639
519,-28.710315662588123,-25.8639
520,-31.430266830944298,-25.8639
521,-27.480712878567925,-25.8639
522,-29.109867957302434,-25.8639
523,-25.489761216962567,-25.8639
524,-25.66793371975843,-25.8639
525,-26.354672242947487,-25.8639
526,-25.221515937329247,-25.8639
527,-25.585743666593544,-25.8639
528,-25.063764469779738,-25.8639
529,-30.9324174309589,-25.8639
530,-30.82729785320168,-25.8639
531,-31.92346104314487,-25.8639
532,-31.5586570191992,-25.8639
533,-26.895140931303274,-25.8639
534,-27.210452166022296,-25.8639
535,-28.73988047430246,-25.8639
536,-30.82407434896424,-25.8639
537,-29.04498168394403,-25.8639
538,-24.938071493356194,-25.8639
539,-31.25587895176677,-25.8639
540,-31.720066533431694,-25.8639
541,-31.150899908442142,-25.8639
542,-29.002169475784584,-25.8639
543,-31.071929631640977,-25.8639
544,-29.256291354396396,-25.8639
545,-28.75494272344103,-25.8639
546,-32.00417067147989,-25.8639
547,-31.55608097154635,-25.8639
548,-31.343877927451626,-25.8639
549,-30.144301007554702,-25.8639
550,-28.820971140570137,-25.8639
551,-29.591545529664064,-25.8639
552,-30.07505852144344,-25.8639
553,-29.56335763079099,-25.8639
554,-30.871518153056343,-25.8639
555,-29.293617851357578,-25.8639
556,-29.1327076634297,-25.8639
557,-30.048696655276483,-25.8639
558,-28.506123313673086,-25.8639
559,-28.079139773226863,-25.8639
560,-25.616071163070565,-25.8639
561,-28.528567032509496,-25.8639
562,-29.44261893932901,-25.8639
563,-28.637510154543833,-25.8639
564,-31.474918963728562,-25.8639
565,-29.829381190518788,-25.8639
566,-30.95488927401671,-25.8639
567,-32.41598545712249,-25.8639
568,-32.17554304403135,-25.8639
569,-31.045459148495347,-25.8639
570,-29.32934411848911,-25.8639
571,-30.615168863279433,-25.8639
572,-30.586265870169317,-25.8639
573,-29.609779143150096,-25.8639
574,-29.51982244901543,-25.8639
575,-28.578823044762007,-25.8639
576,-24.323063359499784,-25.8639
577,-31.687347700487692,-25.8639
578,-29.853257127610107,-25.8639
579,-32.05221392225365,-25.8639
580,-32.015936803555114,-25.8639
581,-30.51062830834323,-25.8639
582,-24.85053624304836,-25.8639
583,-26.32723085253722,-25.8639
584,-24.671022386854673,-25.8639
585,-30.57726845292468,-25.8639
586,-24.283346985372077,-25.8639
587,-24.6867606520385,-25.8639
588,-28.84934764030021,-25.8639
589,-27.003819684524935,-25.8639
590,-30.870847865885274,-25.8639
591,-24.26581351075167,-25.8639
592,-28.90581275420413,-25.8639
593,-28.998270515303762,-25.8639
594,-26.046727224760975,-25.8639
595,-30.66415127472259,-25.8639
596,-25.116183781941935,-25.8639
597,-29.022421578495585,-25.8639
598,-23.36602515101234,-25.8639
599,-30.623553815800165,-25.8639
600,-30.059573598670095,-25.8639
601,-28.168402806567478,-25.8639
602,-24.456907628115,-25.8639
603,-30.110929557449193,-25.8639
604,-29.47815185256914,-25.8639
605,-29.909775914596302,-25.8639
606,-23.365443705988906,-25.8639
607,-32.3623293802262,-25.8639
608,-25.171341384510747,-25.8639
609,-31.52794663530981,-25.8639
610,-31.52251529747753,-25.8639
611,-30.663598858481347,-25.8639
612,-30.429331966414072,-25.8639
613,-32.21966916661042,-25.8639
614,-28.534089831315384,-25.8639
615,-28.520410814142025,-25.8639
616,-31.26719612219035,-25.8639
617,-29.52654436339271,-25.8639
618,-31.0450135119156,-25.8639
619,-28.89845392235282,-25.8639
620,-30.25754027041101,-25.8639
621,-29.681676576004733,-25.8639
622,-30.018301045242374,-25.8639
623,-24.623275584944786,-25.8639
624,-28.973468741235248,-25.8639
625,-23.265919190730898,-25.8639
626,-28.062708233523274,-25.8639
627,-25.105619485277376,-25.8639
628,-15.285272553738142,-25.8639
629,-27.016113304535956,-25.8639
630,-23.177334689179947,-25.8639
631,-30.86759976882592,-25.8639
632,-25.89297594903856,-25.8639
633,-29.021917493397716,-25.8639
634,-30.183740800445985,-25.8639
635,-21.477642577989098,-25.8639
636,-27.12438280731043,-25.8639
637,-27.738775748102622,-25.8639
638,-19.493518613977272,-25.8639
639,-24.111232751698417,-25.8639
640,-29.79490841296469,-25.8639
641,-26.54224096452836,-25.8639
642,-26.902406605467032,-25.8639
643,-28.484370168450962,-25.8639
644,-23.542495496462394,-25.8639
645,-26.789489172013287,-25.8639
646,-23.990599923482453,-25.8639
647,-28.290620370769734,-25.8639
648,-15.982866112712856,-25.8639
649,-29.522513819092566,-25.8639
650,-28.040661626400556,-25.8639
651,-19.587571725822137,-25.8639
652,-24.82211975490816,-25.8639
653,-20.31893112014066,-25.8639
654,-21.012894292452398,-25.8639
655,-19.56975424649427,-25.8639
656,-24.253535201575318,-25.8639
657,-28.74170194000223,-25.8639
658,-28.04065409909377,-25.8639
659,-25.65194756126928,-25.8639
660,-29.176909757936244,-25.8639
661,-24.76385789802925,-25.8639
662,-23.111217654080328,-25.8639
663,-16.28615789169849,-25.8639
664,-23.9866000309948,-25.8639
665,-25.525888145084874,-25.8639
666,-24.4366418098803,-25.8639
667,-17.690783162101265,-25.8639
668,-25.558097658139353,-25.8639
669,-28.502792399220276,-25.8639
670,-17.068415075607863,-25.8639
671,-27.422133742682057,-25.8639
672,-23.845078379599848,-25.8639
673,-23.014332889476034,-25.8639
674,-15.764687598999842,-25.8639
675,-30.921120149086313,-25.8639
676,-27.78484053438416,-25.8639
677,-30.67846389910659,-25.8639
678,-24.785139421141086,-25.8639
679,-25.099463629404276,-25.8639
680,-23.954569018709734,-25.8639
681,-27.534688401298144,-25.8639
682,-24.542288237114896,-25.8639
683,-25.807702813735794,-25.8639
684,-27.18992735796554,-25.8639
685,-16.073279562078685,-25.8639
686,-27.526257449099422,-25.8639
687,-28.52460796360974,-25.8639
688,-26.48078327045822,-25.8639
689,-22.10801390949213,-25.8639
690,-28.800281192521982,-25.8639
691,-28.9985118012618,-25.8639
692,-33.60150996382308,-25.8639
693,-26.592297336330773,-25.8639
694,-30.216549822226252,-25.8639
695,-29.084340552578144,-25.8639
696,-20.04727144861168,-25.8639
697,-28.588600277726833,-25.8639
698,-28.056664493956248,-25.8639
699,-28.850092772509335,-25.8639
700,-24.33803342625724,-25.8639
701,-24.13281659009519,-25.8639
702,-20.733716693734078,-25.8639
703,-26.55300153825523,-25.8639
704,-23.57541932902997,-25.8639
705,-22.157184992508817,-25.8639
706,-20.489379009642974,-25.8639
707,-19.558082822248107,-25.8639
708,-23.74024826249013,-25.8639
709,-20.196741008867683,-25.8639
710,-17.348997296899338,-25.8639
711,-20.442408402053765,-25.8639
712,-24.150521820321504,-25.8639
713,-23.91364927037497,-25.8639
714,-20.524049730286087,-25.8639
715,-23.39771627884073,-25.8639
716,-24.006050542914057,-25.8639
717,-25.211834759886813,-25.8639
718,-20.30427801319917,-25.8639
719,-22.59866877645138,-25.8639
720,-24.736378790357556,-25.8639
721,-26.07439342224769,-25.8639
722,-22.587973613901813,-25.8639
723,-23.875630323000884,-25.8639
724,-24.942476669059445,-25.8639
725,-22.99158901862652,-25.8639
726,-25.979785861095404,-25.8639
727,-25.313805789281375,-25.8639
728,-25.56154225416282,-25.8639
729,-21.362719306364546,-25.8639
730,-25.40195309999199,-25.8639
731,-26.644793157654085,-25.8639
732,-26.17471204663846,-25.8639
733,-25.797733195535454,-25.8639
734,-27.641069322247475,-25.8639
735,-23.524283775643426,-25.8639
736,-23.968968546758692,-25.8639
737,-28.90840759131372,-25.8639
738,-23.430377481258247,-25.8639
739,-24.553441053473648,-25.8639
740,-26.098818541091234,-25.8639
741,-24.566772583614362,-25.8639
742,-26.010300093042346,-25.8639
743,-21.513144344936496,-25.8639
744,-25.74229982857429,-25.8639
745,-26.768758780023152,-25.8639
746,-26.691815093501923,-25.8639
747,-16.91247044144166,-25.8639
748,-25.81161399557626,-25.8639
749,-23.565559388742507,-25.8639
750,-24.599320175555,-25.8639
751,-24.800126165988647,-25.8639
752,-26.938072848980358,-25.8639
753,-18.393279839426878,-25.8639
754,-16.38508872615838,-25.8639
755,-23.737931371326404,-25.8639
756,-26.590172988551547,-25.8639
757,-25.056840080600246,-25.8639
758,-27.0577672745299,-25.8639
759,-25.12369711808461,-25.8639
760,-17.507252686075457,-25.8639
761,-24.57358467468188,-25.8639
762,-26.620264395963286,-25.8639
763,-23.334428279197283,-25.8639
764,-23.42782201090307,-25.8639
765,-29.84651809735697,-25.8639
766,-28.164611902327067,-25.8639
767,-23.763916467354683,-25.8639
768,-23.956055722996705,-25.8639
769,-28.54532047236106,-25.8639
770,-20.31627982025892,-25.8639
771,-26.822643209396986,-25.8639
772,-17.258868490374656,-25.8639
773,-18.338009236336895,-25.8639
774,-15.703450382989462,-25.8639
775,-20.37392486383988,-25.8639
776,-17.571193017133066,-25.8639
777,-17.55621159324281,-25.8639
778,-17.3678580558979,-25.8639
779,-18.682602094712564,-25.8639
780,-16.826353219639003,-25.8639
781,-18.226655268296227,-25.8639
782,-19.36582556559321,-25.8639
783,-17.115500506855096,-25.8639
784,-16.0094083181432,-25.8639
785,-16.62277406875637,-25.8639
786,-16.829338965562123,-25.8639
787,-16.83011146718658,-25.8639
788,-17.5605881786186,-25.8639
789,-16.808330547656638,-25.8639
790,-18.94845528132262,-25.8639
791,-16.466714614045426,-25.8639
792,-17.408771326625228,-25.8639
793,-18.68492702756095,-25.8639
794,-17.86707077996609,-25.8639
795,-18.912500864752133,-25.8639
796,-25.11227254378047,-25.8639
797,-27.367405746300555,-25.8639
798,-17.027215599985887,-25.8639
799,-25.228310519745314,-25.8639
800,-24.41894120620217,-25.8639
801,-24.573682036538788,-25.8639
802,-24.32181323065383,-25.8639
803,-26.059893970709883,-25.8639
804,-24.92477360773577,-25.8639
805,-28.38019895671698,-25.8639
806,-24.158696985308854,-25.8639
807,-26.061591636167982,-25.8639
808,-24.19562220348421,-25.8639
809,-21.76882843205278,-25.8639
810,-25.954440975656254,-25.8639
811,-29.56963744389491,-25.8639
812,-28.20813324221801,-25.8639
813,-25.863905193068316,-25.8639
814,-25.687112571909786,-25.8639
815,-20.138868708752625,-25.8639
816,-29.55287179154555,-25.8639
817,-25.887729984915975,-25.8639
818,-24.163782656996794,-25.8639
819,-28.92726154128517,-25.8639
820,-30.131697636805196,-25.8639
821,-30.865789708271638,-25.8639
822,-28.235320223865223,-25.8639
823,-26.853155405783063,-25.8639
824,-29.218033153570172,-25.8639
825,-29.074796089902726,-25.8639
826,-29.02925190292397,-25.8639
827,-31.29069559912658,-25.8639
828,-29.345898707533692,-25.8639
829,-26.82534685311857,-25.8639
830,-24.906810046039677,-25.8639
831,-27.993392175267424,-25.8639
832,-27.998277471908985,-25.8639
833,-29.940090710378144,-25.8639
834,-26.562164891715035,-25.8639
835,-28.28847167394041,-25.8639
836,-30.208166596579133,-25.8639
837,-27.73097505779898,-25.8639
838,-26.095818956998915,-25.8639
839,-26.47650720609182,-25.8639
840,-24.319830102937516,-25.8639
841,-27.059508832726213,-25.8639
842,-23.246057171674384,-25.8639
843,-20.454409013215084,-25.8639
844,-20.56047259146694,-25.8639
845,-23.423397509642825,-25.8639
846,-22.70899057875023,-25.8639
847,-21.167408438244056,-25.8639
848,-23.22308238889464,-25.8639
849,-21.335689337296202,-25.8639
850,-27.016096903355383,-25.8639
851,-23.68061683543189,-25.8639
852,-24.174455460550483,-25.8639
853,-26.488952126368982,-25.8639
854,-26.4234355645435,-25.8639
855,-25.354687213861375,-25.8639
856,-26.197372753833086,-25.8639
857,-24.359816446751932,-25.8639
858,-26.311166565743687,-25.8639
859,-26.807215294178995,-25.8639
860,-27.326373935809332,-25.8639
861,-23.325647491241735,-25.8639
862,-21.890632841132785,-25.8639
863,-23.147825223701034,-25.8639
864,-25.013455221240406,-25.8639
865,-25.284111803868797,-25.8639
866,-25.298437598836014,-25.8639
867,-22.768639268583684,-25.8639
868,-19.025785595835373,-25.8639
869,-24.603933017833725,-25.8639
870,-23.860749276943398,-25.8639
871,-23.423426301938747,-25.8639
872,-22.988494717589756,-25.8639
873,-23.311625675133286,-25.8639
874,-23.60400731921881,-25.8639
875,-23.578704777118094,-25.8639
876,-23.476160002730264,-25.8639
877,-23.842934329731822,-25.8639
878,-27.54622883516952,-25.8639
879,-25.942610104288605,-25.8639
880,-25.61956604059059,-25.8639
881,-25.46691431568839,-25.8639
882,-27.027812728425644,-25.8639
883,-25.897213314631355,-25.8639
884,-24.961569704583233,-25.8639
885,-26.6835002603126,-25.8639
886,-26.51186543982609,-25.8639
887,-30.221912111630424,-25.8639
888,-25.91074249924096,-25.8639
889,-25.294696820494288,-25.8639
890,-30.505629087216978,-25.8639
891,-28.02652598650488,-25.8639
892,-30.69763656184206,-25.8639
893,-34.41370029869795,-25.8639
894,-35.003733797363125,-25.8639
895,-29.939465327844257,-25.8639
896,-32.34940123354648,-25.8639
897,-35.663861332716515,-25.8639
898,-26.892445660197914,-25.8639
899,-28.455912065738747,-25.8639
900,-32.03547858644522,-25.8639
901,-31.88126931852188,-25.8639
902,-35.353256091579105,-25.8639
903,-28.01203880929952,-25.8639
904,-26.716535693755063,-25.8639
905,-31.083930585838402,-25.8639
906,-27.536181508225116,-25.8639
907,-29.056056732352253,-25.8639
908,-29.834438357830656,-25.8639
909,-31.936154760248723,-25.8639
910,-31.21150048244322,-25.8639
911,-24.511025291467003,-25.8639
912,-25.476180884405146,-25.8639
913,-26.286693640313615,-25.8639
914,-32.93489740631991,-25.8639
915,-31.144477897552655,-25.8639
916,-27.74439412938003,-25.8639
917,-28.487799189654005,-25.8639
918,-28.025058070484334,-25.8639
919,-27.726986603440796,-25.8639
920,-26.915041537194195,-25.8639
921,-27.655678621047667,-25.8639
922,-28.489248037527368,-25.8639
923,-27.080735644944607,-25.8639
924,-28.53016179075371,-25.8639
925,-31.42475241817143,-25.8639
926,-27.66164690048879,-25.8639
927,-27.122087225816564,-25.8639
928,-33.79589828281671,-25.8639
929,-33.59009696852056,-25.8639
930,-35.98000883259957,-25.8639
931,-25.779915540426877,-25.8639
932,-33.32672044863109,-25.8639
933,-30.91987347464184,-25.8639
934,-30.88917622849907,-25.8639
935,-31.47196340375045,-25.8639
936,-31.08647406807527,-25.8639
937,-25.661955917070017,-25.8639
938,-31.531528136789646,-25.8639
939,-30.913791615218514,-25.8639
940,-26.083810760063052,-25.8639
941,-34.67971049319165,-25.8639
942,-31.87266021066612,-25.8639
943,-33.019067423984254,-25.8639
944,-25.21188069301532,-25.8639
945,-32.120130605566885,-25.8639
946,-31.694166929143883,-25.8639
947,-29.863923889230833,-25.8639
948,-30.01968349712537,-25.8639
949,-33.32022887898811,-25.8639
950,-34.79198214020197,-25.8639
951,-25.830779490651352,-25.8639
952,-30.216779177204202,-25.8639
953,-29.98661000837487,-25.8639
954,-32.42598983691918,-25.8639
955,-34.64409941500999,-25.8639
956,-31.270791464014703,-25.8639
957,-33.4701556111778,-25.8639
958,-32.8462569128509,-25.8639
959,-31.226478139060276,-25.8639
960,-29.935260608551783,-25.8639
961,-28.349265706414922,-25.8639
962,-29.59937977095,-25.8639
963,-24.07247205295702,-25.8639
964,-25.831845124961394,-25.8639
965,-25.747345950984126,-25.8639
966,-30.71842872116659,-25.8639
967,-27.338239126885146,-25.8639
968,-29.322480622712376,-25.8639
969,-26.430517082307095,-25.8639
970,-27.308673365804047,-25.8639
971,-24.401324133595203,-25.8639
972,-23.533931630080552,-25.8639
973,-25.427727171215643,-25.8639
974,-24.999362176892944,-25.8639
975,-23.513168591736164,-25.8639
976,-25.125203002920745,-25.8639
977,-23.81551485935634,-25.8639
978,-21.98406121175751,-25.8639
979,-26.551512845303826,-25.8639
980,-23.90039371487053,-25.8639
981,-20.65174036768996,-25.8639
982,-23.821060870250207,-25.8639
983,-25.70107671386106,-25.8639
984,-24.79458900987039,-25.8639
985,-23.952773422948184,-25.8639
986,-28.665616310896695,-25.8639
987,-25.795264141187282,-25.8639
988,-25.731442331985804,-25.8639
989,-26.054334186065667,-25.8639
990,-22.189949035456344,-25.8639
991,-24.526309379121205,-25.8639
992,-24.934824040351877,-25.8639
993,-24.584601289158726,-25.8639
994,-24.262517451324324,-25.8639
995,-23.011827721236628,-25.8639
996,-23.689661912476076,-25.8639
997,-23.80350219757112,-25.8639
998,-33.253586283664134,-25.8639
999,-30.99980162241867,-25.8639
1000,-31.624068147548243,-25.8639
1001,-35.0885433201749,-25.8639
1002,-33.640034128800515,-25.8639
1003,-29.682238193821668,-25.8639
1004,-32.33579333883942,-25.8639
1005,-32.32628824885043,-25.8639
1006,-30.976629101172275,-25.8639
1007,-32.82962444413256,-25.8639
1008,-32.73894026281779,-25.8639
1009,-28.220447665663638,-25.8639
1010,-29.9663864532172,-25.8639
1011,-29.59437859431677,-25.8639
1012,-31.07646331000555,-25.8639
1013,-30.549377931175222,-25.8639
1014,-33.997491004496766,-25.8639
1015,-29.262353112641865,-25.8639
1016,-24.329148818484757,-25.8639
1017,-24.63300977220449,-25.8639
1018,-32.71834139258411,-25.8639
1019,-30.43081592570765,-25.8639
1020,-29.856781748688572,-25.8639
1021,-25.163589097441346,-25.8639
1022,-30.380900140260138,-25.8639
1023,-32.83128539361118,-25.8639
1024,-31.81103018080141,-25.8639
1025,-30.23761709672598,-25.8639
1026,-27.76189112955974,-25.8639
1027,-30.801448594992273,-25.8639
1028,-30.26870378983732,-25.8639
1029,-31.266702129049115,-25.8639
1030,-32.18205520172272,-25.8639
1031,-32.264969739377435,-25.8639
1032,-32.5437051550056,-25.8639
1033,-31.61196435357795,-25.8639
1034,-32.518213399060826,-25.8639
1035,-31.993149240813402,-25.8639
1036,-34.37796638251844,-25.8639
1037,-28.423316422259923,-25.8639
1038,-26.604305930952748,-25.8639
1039,-27.52796323173817,-25.8639
1040,-27.57418360121274,-25.8639
1041,-25.815093164494755,-25.8639
1042,-29.67305694098782,-25.8639
1043,-29.246152762152946,-25.8639
1044,-28.945306979248898,-25.8639
1045,-32.36561241849998,-25.8639
1046,-31.533917475928636,-25.8639
1047,-31.478269832375183,-25.8639
1048,-27.437000473771626,-25.8639
1049,-33.199745114541365,-25.8639
1050,-35.169274792440845,-25.8639
1051,-36.18778779632943,-25.8639
1052,-32.81570520088272,-25.8639
1053,-35.80271310080169,-25.8639
1054,-33.28550139774146,-25.8639
1055,-33.0727780299303,-25.8639
1056,-29.7126998602173,-25.8639
1057,-31.55292201139185,-25.8639
1058,-33.01316084189844,-25.8639
1059,-28.817737809114185,-25.8639
1060,-30.643498233870634,-25.8639
1061,-30.29755943389851,-25.8639
1062,-34.3032924029788,-25.8639
1063,-27.75642858870306,-25.8639
1064,-27.494914683364655,-25.8639
1065,-26.21254119168698,-25.8639
1066,-30.163841137564887,-25.8639
1067,-30.901705173417614,-25.8639
1068,-27.42672312859999,-25.8639
1069,-31.112319887429013,-25.8639
1070,-33.65989961257383,-25.8639
1071,-32.237405165596655,-25.8639
1072,-33.883569951596,-25.8639
1073,-28.263606699585043,-25.8639
1074,-28.068745527338386,-25.8639
1075,-27.09992269385262,-25.8639
1076,-29.932827422585234,-25.8639
1077,-31.628742882483635,-25.8639
1078,-28.22275026663639,-25.8639
1079,-33.04551554501082,-25.8639
1080,-33.25458501473317,-25.8639
1081,-33.425582568113384,-25.8639
1082,-31.792852608237432,-25.8639
1083,-29.47504263650899,-25.8639
1084,-31.87133273266401,-25.8639
1085,-29.003848669247184,-25.8639
1086,-26.954345177527387,-25.8639
1087,-28.909451422894353,-25.8639
1088,-27.282137917743782,-25.8639
1089,-26.17749035290052,-25.8639
1090,-31.993602369222845,-25.8639
1091,-31.020224705750326,-25.8639
1092,-28.09943774003129,-25.8639
1093,-30.61816199555092,-25.8639
1094,-27.343039374640796,-25.8639
1095,-27.459637269742476,-25.8639
1096,-28.012810849845344,-25.8639
1097,-27.752345006760212,-25.8639
1098,-27.019442607461983,-25.8639
1099,-26.30519107352213,-25.8639
1100,-28.351414181283623,-25.8639
1101,-30.119783118913197,-25.8639
1102,-29.780683788288282,-25.8639
1103,-31.418943092081978,-25.8639
1104,-31.249855550450512,-25.8639
1105,-28.117715865011412,-25.8639
1106,-31.726858942010224,-25.8639
1107,-30.983373339791278,-25.8639
1108,-29.232006098229387,-25.8639
1109,-32.842203097555924,-25.8639
1110,-30.29258072000964,-25.8639
1111,-26.76641828855545,-25.8639
1112,-26.571309821806995,-25.8639
1113,-30.693311415553758,-25.8639
1114,-25.777262120842714,-25.8639
1115,-24.91435053747221,-25.8639
1116,-28.442843158648664,-25.8639
1117,-32.499777394214675,-25.8639
1118,-30.262212390526773,-25.8639
1119,-29.613170388435037,-25.8639
1120,-31.768120952363425,-25.8639
1121,-30.501625588601122,-25.8639
1122,-32.132825073943174,-25.8639
1123,-27.953030500282935,-25.8639
1124,-28.450022876738224,-25.8639
1125,-31.288142676503696,-25.8639
1126,-27.40950315114087,-25.8639
1127,-31.68951773338916,-25.8639
1128,-31.424334798909346,-25.8639
1129,-25.809034656332216,-25.8639
1130,-26.06217010479646,-25.8639
1131,-26.30881120114146,-25.8639
1132,-26.447612140959798,-25.8639
1133,-31.162227913482003,-25.8639
1134,-27.8099487212325,-25.8639
1135,-23.92194968307232,-25.8639
1136,-29.842537399982806,-25.8639
1137,-25.76298898565883,-25.8639
1138,-24.8006756919943,-25.8639
1139,-22.54523943142086,-25.8639
1140,-30.025297818558002,-25.8639
1141,-26.71421419407736,-25.8639
1142,-28.234807232186235,-25.8639
1143,-18.10157627463084,-25.8639
1144,-24.433058237237578,-25.8639
1145,-29.180349619628096,-25.8639
1146,-27.99579306358192,-25.8639
1147,-28.72699930399811,-25.8639
1148,-28.022412599210014,-25.8639
1149,-28.893933817924417,-25.8639
1150,-32.169782553419594,-25.8639
1151,-28.87917508290787,-25.8639
1152,-31.52923693207927,-25.8639
1153,-25.900731827209782,-25.8639
1154,-29.73551281484719,-25.8639
1155,-29.822721944517593,-25.8639
1156,-21.871819140548332,-25.8639
1157,-24.869562962649713,-25.8639
1158,-23.696350292161483,-25.8639
1159,-24.895354149551707,-25.8639
1160,-30.10552087970482,-25.8639
1161,-28.607530479700817,-25.8639
1162,-30.26704290687823,-25.8639
1163,-29.839594042702714,-25.8639
1164,-32.04606194553379,-25.8639
1165,-29.07769516768214,-25.8639
1166,-31.740779406280208,-25.8639
1167,-29.839244711673437,-25.8639
1168,-31.975963825251522,-25.8639
1169,-21.795957647174227,-25.8639
1170,-25.44986888262497,-25.8639
1171,-31.200667462246795,-25.8639
1172,-28.841945858956493,-25.8639
1173,-32.144262760320544,-25.8639
1174,-33.157950318722456,-25.8639
1175,-32.68169035625189,-25.8639
1176,-31.248629286084523,-25.8639
1177,-32.3886042944264,-25.8639
1178,-32.21673442818629,-25.8639
1179,-30.13072902714643,-25.8639
1180,-30.949471844210045,-25.8639
1181,-33.50619565660151,-25.8639
1182,-27.885634184201447,-25.8639
1183,-32.658103420667565,-25.8639
1184,-32.427198972908855,-25.8639
1185,-33.23588009892899,-25.8639
1186,-32.310787366754795,-25.8639
1187,-29.020125029914738,-25.8639
1188,-28.274903586639816,-25.8639
1189,-31.68574548006898,-25.8639
1190,-32.74239852252912,-25.8639
1191,-32.827895991111625,-25.8639
1192,-30.973350549579052,-25.8639
1193,-33.80968123921633,-25.8639
1194,-34.15968438024849,-25.8639
1195,-28.159813030005402,-25.8639
1196,-31.611339421263757,-25.8639
1197,-23.0217854863291,-25.8639
1198,-29.259383193499392,-25.8639
1199,-27.578403071203,-25.8639
1200,-31.15905165597845,-25.8639
1201,-31.945702880103095,-25.8639
1202,-33.172668164667975,-25.8639
1203,-28.64302929388399,-25.8639
1204,-32.131579647646326,-25.8639
1205,-31.586258031062364,-25.8639
1206,-30.158148865784867,-25.8639
1207,-25.431821716442116,-25.8639
1208,-31.562170489815777,-25.8639
1209,-28.078133809237336,-25.8639
1210,-27.302386517778405,-25.8639
1211,-33.016889421799874,-25.8639
1212,-28.7471849215509,-25.8639
1213,-30.15557669419401,-25.8639
1214,-31.28370373358575,-25.8639
1215,-32.293280609610406,-25.8639
1216,-32.049687059932275,-25.8639
1217,-32.95573824204197,-25.8639
1218,-33.09846632145877,-25.8639
1219,-32.87920724107182,-25.8639
1220,-30.248664237443347,-25.8639
1221,-33.183964876501655,-25.8639
1222,-26.17822763043027,-25.8639
1223,-31.27907123599321,-25.8639
1224,-32.69358162691358,-25.8639
1225,-32.84816328478546,-25.8639
1226,-33.13715304159998,-25.8639
1227,-33.01500242747209,-25.8639
1228,-30.455460986921203,-25.8639
1229,-32.83617048527786,-25.8639
1230,-31.223207025097828,-25.8639
1231,-30.59142852760543,-25.8639
1232,-24.390164079567995,-25.8639
1233,-27.16544723462482,-25.8639
1234,-27.932389550874955,-25.8639
1235,-29.695797274382862,-25.8639
1236,-26.171521418314867,-25.8639
1237,-28.70391107951768,-25.8639
1238,-27.634387579358986,-25.8639
1239,-28.154094978255294,-25.8639
1240,-30.88668165915964,-25.8639
1241,-31.326901988100353,-25.8639
1242,-28.488340136653704,-25.8639
1243,-29.620141081012243,-25.8639
1244,-27.316051744943554,-25.8639
1245,-25.99219144448512,-25.8639
1246,-29.556035810200008,-25.8639
1247,-29.933111149994104,-25.8639
1248,-33.03878554199105,-25.8639
1249,-31.89405157590176,-25.8639
1250,-30.450281143182956,-25.8639
1251,-37.3607211288895,-25.8639
1252,-32.684160540291586,-25.8639
1253,-33.45148745092576,-25.8639
1254,-33.798379999380295,-25.8639
1255,-33.97233882762977,-25.8639
1256,-33.84766678688227,-25.8639
1257,-33.01526882900879,-25.8639
1258,-29.00361640947913,-25.8639
1259,-24.741591135465974,-25.8639
1260,-31.350444192294017,-25.8639
1261,-30.638214693784622,-25.8639
1262,-32.17653262786361,-25.8639
1263,-34.09542804544341,-25.8639
1264,-34.20922335337265,-25.8639
1265,-29.12806251035755,-25.8639
1266,-33.87809531411986,-25.8639
1267,-33.93065433509217,-25.8639
1268,-32.74142201452638,-25.8639
1269,-34.49293728793002,-25.8639
1270,-31.743298978259965,-25.8639
1271,-25.470980394576962,-25.8639
1272,-33.21273839991226,-25.8639
1273,-32.27364260823603,-25.8639
1274,-34.893265970166226,-25.8639
1275,-29.73780293451609,-25.8639
1276,-30.897609928481998,-25.8639
1277,-31.93632022307245,-25.8639
1278,-28.187083118073314,-25.8639
1279,-30.47086032293144,-25.8639
1280,-30.032539727107597,-25.8639
1281,-33.150568214004615,-25.8639
1282,-28.541039219757046,-25.8639
1283,-30.05642012636374,-25.8639
1284,-28.741320912545095,-25.8639
1285,-25.53315975039498,-25.8639
1286,-28.52124912747428,-25.8639
1287,-28.850193915291552,-25.8639
1288,-24.08843384046221,-25.8639
1289,-28.56337365938627,-25.8639
1290,-27.97749885444358,-25.8639
1291,-29.256239672081314,-25.8639
1292,-28.737651080320106,-25.8639
1293,-30.04399586766441,-25.8639
1294,-29.27535457491028,-25.8639
1295,-27.841962254850582,-25.8639
1296,-32.28247817666349,-25.8639
1297,-34.53695846472573,-25.8639
1298,-35.097866724908464,-25.8639
1299,-29.350617953013224,-25.8639
1300,-32.654867013941946,-25.8639
1301,-32.419011371652346,-25.8639
1302,-31.485670865844707,-25.8639
1303,-31.841056509924286,-25.8639
1304,-32.88715085125241,-25.8639
1305,-30.171959517399323,-25.8639
1306,-32.20221244068211,-25.8639
1307,-31.351054637580027,-25.8639
1308,-33.11793610421478,-25.8639
1309,-33.35099776679631,-25.8639
1310,-33.73171863751778,-25.8639
1311,-30.339779282424043,-25.8639
1312,-33.974215869190985,-25.8639
1313,-29.28754485032575,-25.8639
1314,-34.761460836753,-25.8639
1315,-30.010690268277337,-25.8639
1316,-29.665624761294257,-25.8639
1317,-33.02676873028428,-25.8639
1318,-28.229497256198375,-25.8639
1319,-27.23442040382234,-25.8639
1320,-18.70233544007856,-25.8639
1321,-29.56881604337447,-25.8639
1322,-29.972654225033214,-25.8639
1323,-29.179617409689055,-25.8639
1324,-30.524135019948137,-25.8639
1325,-29.91326715527968,-25.8639
1326,-32.33184325047172,-25.8639
1327,-31.963516764175374,-25.8639
1328,-30.091037820488033,-25.8639
1329,-31.715467039310784,-25.8639
1330,-33.61654042627377,-25.8639
1331,-34.475990535083156,-25.8639
1332,-29.94588914736999,-25.8639
1333,-31.484753212664188,-25.8639
1334,-27.825078649256746,-25.8639
1335,-30.67935454567289,-25.8639
1336,-33.939896546244135,-25.8639
1337,-33.000103140295344,-25.8639
1338,-33.36710281856465,-25.8639
1339,-36.12358998538507,-25.8639
1340,-33.84461632512692,-25.8639
1341,-33.856164909539146,-25.8639
1342,-35.11690263063674,-25.8639
1343,-35.28151192033401,-25.8639
1344,-36.08890622803032,-25.8639
1345,-35.01021375634803,-25.8639
1346,-33.39712198444288,-25.8639
1347,-35.20633127090903,-25.8639
1348,-34.98485321890138,-25.8639
1349,-31.538477445109557,-25.8639
1350,-28.209353352266508,-25.8639
1351,-32.95395911894651,-25.8639
1352,-29.323802959869624,-25.8639
1353,-28.780379412350623,-25.8639
1354,-31.152524814563527,-25.8639
1355,-35.87107557401387,-25.8639
1356,-35.150724525287146,-25.8639
1357,-31.066294098116217,-25.8639
1358,-32.93652662406251,-25.8639
1359,-31.521321359174863,-25.8639
1360,-24.774589751016197,-25.8639
1361,-32.329567127702646,-25.8639
1362,-32.74020540375893,-25.8639
1363,-35.70464431256323,-25.8639
1364,-31.665883831387866,-25.8639
1365,-32.325954567267715,-25.8639
1366,-33.27843836845702,-25.8639
1367,-32.39438250630367,-25.8639
1368,-31.87717786118042,-25.8639
1369,-35.25860083559046,-25.8639
1370,-34.34973269755678,-25.8639
1371,-32.340146689311325,-25.8639
1372,-36.65206167644691,-25.8639
1373,-36.587114852430666,-25.8639
1374,-35.53852143072838,-25.8639
1375,-36.88956256119091,-25.8639
1376,-40.86043088809137,-25.8639
1377,-41.75634439438077,-25.8639
1378,-37.04203310616313,-25.8639
1379,-38.44322670528292,-25.8639
1380,-34.45010018147341,-25.8639
1381,-33.08945487124771,-25.8639
1382,-35.28537191195817,-25.8639
1383,-39.284593185616146,-25.8639
1384,-37.78331062857947,-25.8639
1385,-39.486406283750874,-25.8639
1386,-35.11895115475155,-25.8639
1387,-38.150400721023125,-25.8639
1388,-39.49200711899357,-25.8639
1389,-39.956518066772,-25.8639
1390,-39.686691110611115,-25.8639
1391,-40.084244073771266,-25.8639
1392,-37.152752984941245,-25.8639
1393,-38.90127525498741,-25.8639
1394,-36.53112689438423,-25.8639
1395,-37.05318566150051,-25.8639
1396,-38.586224071623015,-25.8639
1397,-37.063024483690555,-25.8639
1398,-34.15756667350191,-25.8639
1399,-35.237600833323405,-25.8639
1400,-37.80766246175216,-25.8639
1401,-34.73022090813471,-25.8639
1402,-35.014969388790234,-25.8639
1403,-36.24127317168339,-25.8639
1404,-35.40308543258939,-25.8639
1405,-33.39327266049207,-25.8639
1406,-33.51987318350312,-25.8639
1407,-32.62228437998444,-25.8639
1408,-32.2646524651417,-25.8639
1409,-35.39478063359965,-25.8639
1410,-37.92365969582174,-25.8639
1411,-33.46865447031778,-25.8639
1412,-34.266211293614994,-25.8639
1413,-36.93199498301398,-25.8639
1414,-35.221095660432894,-25.8639
1415,-36.47947790248486,-25.8639
1416,-35.014427215191944,-25.8639
1417,-36.9422004877351,-25.8639
1418,-33.62491801412375,-25.8639
1419,-34.428787471525446,-25.8639
1420,-36.16214826444105,-25.8639
1421,-36.81249917262039,-25.8639
1422,-35.54350764085853,-25.8639
1423,-34.240690964391895,-25.8639
1424,-34.6291052151509,-25.8639
1425,-31.477419303179065,-25.8639
1426,-36.65169275389636,-25.8639
1427,-35.111392923149374,-25.8639
1428,-36.54725534441648,-25.8639
1429,-36.328003747563265,-25.8639
1430,-34.9080828751745,-25.8639
1431,-34.10211696418293,-25.8639
1432,-35.207207000791854,-25.8639
1433,-37.367826995579236,-25.8639
1434,-36.39240431841426,-25.8639
1435,-39.50375656164712,-25.8639
1436,-36.56917167784924,-25.8639
1437,-36.37965524206677,-25.8639
1438,-34.99648926481828,-25.8639
1439,-36.36597039309266,-25.8639
1440,-33.61160173162588,-25.8639
1441,-32.94106310803278,-25.8639
1442,-36.619710222459766,-25.8639
1443,-36.392820087590586,-25.8639
1444,-33.02488626659192,-25.8639
1445,-34.98829384593838,-25.8639
1446,-37.19615987168194,-25.8639
1447,-36.93437362084139,-25.8639
1448,-38.34374036334977,-25.8639
1449,-40.60903252511981,-25.8639
1450,-33.65139715797065,-25.8639
1451,-33.38866692487067,-25.8639
1452,-35.96421040733575,-25.8639
1453,-36.343783552855584,-25.8639
1454,-35.55409316465664,-25.8639
1455,-36.16648033094685,-25.8639
1456,-34.40201439818749,-25.8639
1457,-34.69228354559796,-25.8639
1458,-36.25111560797834,-25.8639
1459,-35.61383194560452,-25.8639
1460,-36.257324664126635,-25.8639
1461,-31.694936118105787,-25.8639
1462,-33.160017808899845,-25.8639
1463,-32.79858196083352,-25.8639
1464,-31.86066586215112,-25.8639
1465,-33.881859669581864,-25.8639
1466,-34.31619648898722,-25.8639
1467,-32.589828034837566,-25.8639
1468,-32.67217847517385,-25.8639
1469,-31.78818036078839,-25.8639
1470,-33.43336651467252,-25.8639
1471,-34.325130361080916,-25.8639
1472,-34.09732682321242,-25.8639
1473,-36.977864190017485,-25.8639
1474,-34.60872555523041,-25.8639
1475,-37.0565668244535,-25.8639
1476,-35.37481028039425,-25.8639
1477,-37.1639338091306,-25.8639
1478,-32.37910027017084,-25.8639
1479,-32.15137949874767,-25.8639
1480,-32.01674174833363,-25.8639
1481,-32.74998785600401,-25.8639
1482,-33.9448568007011,-25.8639
1483,-32.88115151702727,-25.8639
1484,-32.71110145123509,-25.8639
1485,-32.67545230583133,-25.8639
1486,-32.90267939209373,-25.8639
1487,-35.03895677364282,-25.8639
1488,-33.50890678348304,-25.8639
1489,-38.044277443251254,-25.8639
1490,-34.069240611967146,-25.8639
1491,-38.74172635667388,-25.8639
1492,-33.53517699351505,-25.8639
1493,-38.33268318004497,-25.8639
1494,-35.391204266407044,-25.8639
1495,-38.994528304680095,-25.8639
1496,-36.246060723015574,-25.8639
1497,-35.223448723180276,-25.8639
1498,-33.418209068844014,-25.8639
1499,-31.369704104345292,-25.8639
1500,-33.988346406151905,-25.8639
1501,-37.12058014800779,-25.8639
1502,-38.0194254302278,-25.8639
1503,-38.37201148782601,-25.8639
1504,-36.495221246407155,-25.8639
1505,-33.79224796630557,-25.8639
1506,-35.468595541349785,-25.8639
1507,-33.2935800343035,-25.8639
1508,-37.80604045968023,-25.8639
1509,-35.044120956781825,-25.8639
1510,-31.954424205751405,-25.8639
1511,-33.078978179727,-25.8639
1512,-35.79387183704608,-25.8639
1513,-37.409585175484054,-25.8639
1514,-36.85284914950203,-25.8639
1515,-37.83282349391973,-25.8639
1516,-36.640549459885975,-25.8639
1517,-36.85990803250753,-25.8639
1518,-39.531100623824386,-25.8639
1519,-37.22075469997637,-25.8639
1520,-36.611118774191574,-25.8639
1521,-40.01526410587206,-25.8639
1522,-36.77409915976021,-25.8639
1523,-37.696812530159406,-25.8639
1524,-33.22540050107929,-25.8639
1525,-35.49350707447446,-25.8639
1526,-34.86952058985825,-25.8639
1527,-36.425437560119946,-25.8639
1528,-35.696214933377185,-25.8639
1529,-38.872749471674865,-25.8639
1530,-38.94668269317077,-25.8639
1531,-38.52566022296309,-25.8639
1532,-34.32319245962677,-25.8639
1533,-38.180910337167376,-25.8639
1534,-38.22212349698842,-25.8639
1535,-36.5322202405119,-25.8639
1536,-38.90180907122829,-25.8639
1537,-36.786868612908165,-25.8639
1538,-35.903535436474804,-25.8639
1539,-37.957127762214945,-25.8639
1540,-39.61768374001585,-25.8639
1541,-37.68251390206759,-25.8639
1542,-34.56327074136771,-25.8639
1543,-36.61453859599036,-25.8639
1544,-36.04444947157167,-25.8639
1545,-39.266123052402364,-25.8639
1546,-39.0117041160694,-25.8639
1547,-38.10031141483381,-25.8639
1548,-38.808829389938396,-25.8639
1549,-36.86327895828513,-25.8639
1550,-38.97974261178601,-25.8639
1551,-35.84354167076732,-25.8639
1552,-38.57960500534199,-25.8639
1553,-40.30131628972154,-25.8639
1554,-41.85492945383699,-25.8639
1555,-37.9525185453758,-25.8639
1556,-36.93557858386798,-25.8639
1557,-37.34919183843532,-25.8639
1558,-38.437841025537175,-25.8639
1559,-39.26337931668162,-25.8639
1560,-41.50168807196032,-25.8639
1561,-41.766507225282616,-25.8639
1562,-39.64751126852701,-25.8639
1563,-42.11103682793024,-25.8639
1564,-40.30086537989906,-25.8639
1565,-40.7989571557713,-25.8639
1566,-40.60071974553037,-25.8639
1567,-40.785931379081674,-25.8639
1568,-42.75325020778154,-25.8639
1569,-42.82259720755462,-25.8639
1570,-40.10215139471765,-25.8639
1571,-40.10396386094574,-25.8639
1572,-39.74333204700449,-25.8639
1573,-39.088507254738005,-25.8639
1574,-39.49896737967299,-25.8639
1575,-38.27583711115672,-25.8639
1576,-37.79052478225044,-25.8639
1577,-37.99747387101157,-25.8639
1578,-37.96618324489275,-25.8639
1579,-36.39548577958509,-25.8639
1580,-39.137463603964655,-25.8639
1581,-38.26020497780158,-25.8639
1582,-36.68141242729985,-25.8639
1583,-41.7421095130894,-25.8639
1584,-40.812689566190926,-25.8639
1585,-40.19865357982078,-25.8639
1586,-38.727391592709274,-25.8639
1587,-39.266496892795956,-25.8639
1588,-37.12464410610721,-25.8639
1589,-38.57085157462935,-25.8639
1590,-36.48818989845576,-25.8639
1591,-37.89949628351108,-25.8639
1592,-37.59554346974758,-25.8639
1593,-37.27984203359871,-25.8639
1594,-37.30171153955656,-25.8639
1595,-38.64898560645757,-25.8639
1596,-39.83516953947578,-25.8639
1597,-38.09912947247987,-25.8639
1598,-36.8778651751597,-25.8639
1599,-39.32330642169859,-25.8639
1600,-39.42876919751464,-25.8639
1601,-36.69646063978248,-25.8639
1602,-39.14249585020578,-25.8639
1603,-39.22206287849494,-25.8639
1604,-35.26359844363448,-25.8639
1605,-35.324417195219695,-25.8639
1606,-34.46257912643028,-25.8639
1607,-39.36333719652218,-25.8639
1608,-38.686362342803974,-25.8639
1609,-39.4556122620523,-25.8639
1610,-38.71803627753072,-25.8639
1611,-39.49055701139745,-25.8639
1612,-38.234583046604754,-25.8639
1613,-38.63073762476464,-25.8639
1614,-37.861137558340005,-25.8639
1615,-38.024623409864176,-25.8639
1616,-35.02164995351581,-25.8639
1617,-36.39969351059835,-25.8639
1618,-38.55408044428684,-25.8639
1619,-37.34069612338861,-25.8639
1620,-35.29280694498717,-25.8639
1621,-35.880229679363666,-25.8639
1622,-38.209938255621054,-25.8639
1623,-34.65626203203989,-25.8639
1624,-38.904251304918446,-25.8639
1625,-35.631666369021325,-25.8639
1626,-36.62287498995303,-25.8639
1627,-36.99585307775187,-25.8639
1628,-36.10739932218542,-25.8639
1629,-37.023328063853825,-25.8639
1630,-38.248600909537856,-25.8639
1631,-37.035190838368194,-25.8639
1632,-38.930610763847596,-25.8639
1633,-37.642664029692085,-25.8639
1634,-37.831519580383166,-25.8639
1635,-38.13154677408096,-25.8639
1636,-38.66741943324858,-25.8639
1637,-37.51979273142824,-25.8639
1638,-38.179302886715995,-25.8639
1639,-38.21878462329048,-25.8639
1640,-38.274060257325,-25.8639
1641,-38.47680504189366,-25.8639
1642,-38.29136592155524,-25.8639
1643,-39.680209769717656,-25.8639
1644,-37.941864639854316,-25.8639
1645,-38.39802083738918,-25.8639
1646,-34.54087840371072,-25.8639
1647,-40.373076285787626,-25.8639
1648,-38.836371836859,-25.8639
1649,-37.08786656218367,-25.8639
1650,-38.26113473633171,-25.8639
1651,-37.35395922716803,-25.8639
1652,-39.097663891861465,-25.8639
1653,-37.764444560493615,-25.8639
1654,-38.140928127380064,-25.8639
1655,-39.21154001397827,-25.8639
1656,-39.48533859653763,-25.8639
1657,-35.47872631474378,-25.8639
1658,-37.62981670308315,-25.8639
1659,-37.20961916160625,-25.8639
1660,-38.515656646822926,-25.8639
1661,-36.53217720977623,-25.8639
1662,-37.31316183995242,-25.8639
1663,-37.761842949164716,-25.8639
1664,-37.963190437574255,-25.8639
1665,-39.23889649384269,-25.8639
1666,-35.251984705707514,-25.8639
1667,-37.86525441825281,-25.8639
1668,-35.208918173457235,-25.8639
1669,-37.099579307751156,-25.8639
1670,-37.00407642779539,-25.8639
1671,-35.93702143519205,-25.8639
1672,-38.130905356837644,-25.8639
1673,-37.37366952702357,-25.8639
1674,-38.21447671254563,-25.8639
1675,-36.13890976597389,-25.8639
1676,-36.77376361511993,-25.8639
1677,-39.53475320307766,-25.8639
1678,-36.874772993941335,-25.8639
1679,-31.73196048731558,-25.8639
1680,-38.807427527710004,-25.8639
1681,-35.24013926309694,-25.8639
1682,-37.92112674071995,-25.8639
1683,-37.2735408560422,-25.8639
1684,-38.32118769678586,-25.8639
1685,-39.05706678136376,-25.8639
1686,-38.011313333690644,-25.8639
1687,-38.31985825017804,-25.8639
1688,-36.541632839098725,-25.8639
1689,-36.50219461505682,-25.8639
1690,-38.286193919392666,-25.8639
1691,-37.66866463859074,-25.8639
1692,-37.88805738562249,-25.8639
1693,-37.78498825543939,-25.8639
1694,-38.3572123756776,-25.8639
1695,-36.84884879146798,-25.8639
1696,-38.520913506945284,-25.8639
1697,-39.36962790198092,-25.8639
1698,-37.90393531880203,-25.8639
1699,-34.69954821078546,-25.8639
1700,-36.63197993624988,-25.8639
1701,-36.044240528021334,-25.8639
1702,-35.82571532836469,-25.8639
1703,-37.55988953782335,-25.8639
1704,-38.1770007139246,-25.8639
1705,-37.86201099490482,-25.8639
1706,-36.90065214557001,-25.8639
1707,-37.01141530002049,-25.8639
1708,-38.00725114217462,-25.8639
1709,-38.511853290172084,-25.8639
1710,-37.828921983930925,-25.8639
1711,-39.072079542556594,-25.8639
1712,-37.12325776362445,-25.8639
1713,-36.82549348722728,-25.8639
1714,-34.79719437201058,-25.8639
1715,-38.7627375625794,-25.8639
1716,-38.37766536560307,-25.8639
1717,-36.340175308501294,-25.8639
1718,-38.47571463038479,-25.8639
1719,-37.33819957971143,-25.8639
1720,-42.81625491427099,-25.8639
1721,-42.170675312895625,-25.8639
1722,-42.8304523882403,-25.8639
1723,-41.93757838743875,-25.8639
1724,-40.77031571888377,-25.8639
1725,-43.020380399581484,-25.8639
1726,-41.93110801819972,-25.8639
1727,-40.062198029245984,-25.8639
1728,-41.94676876410968,-25.8639
1729,-43.097390505520366,-25.8639
1730,-42.22194222264662,-25.8639
1731,-44.52535858323961,-25.8639
1732,-44.982770945595675,-25.8639
1733,-45.12008508457327,-25.8639
1734,-41.130926730667355,-25.8639
1735,-38.89902498856519,-25.8639
1736,-40.37372340697577,-25.8639
1737,-42.43044735184894,-25.8639
1738,-41.49565548585214,-25.8639
1739,-41.59888843572907,-25.8639
1740,-41.50504760366133,-25.8639
1741,-42.74708197157,-25.8639
1742,-41.98119211356563,-25.8639
1743,-42.63443440515865,-25.8639
1744,-40.085921832493206,-25.8639
1745,-44.316149476255504,-25.8639
1746,-43.56949432504755,-25.8639
1747,-45.04077194872018,-25.8639
1748,-43.22539949115047,-25.8639
1749,-44.97611539007069,-25.8639
1750,-44.626299270913734,-25.8639
1751,-42.51339160061185,-25.8639
1752,-40.460796697074635,-25.8639
1753,-42.16554338821305,-25.8639
1754,-42.62730310242443,-25.8639
1755,-43.16128639726389,-25.8639
1756,-44.67098147708107,-25.8639
1757,-43.55816101555203,-25.8639
1758,-42.71678189921266,-25.8639
1759,-43.1667277869109,-25.8639
1760,-44.73110785038174,-25.8639
1761,-40.9399887158576,-25.8639
1762,-39.97722592830728,-25.8639
1763,-41.7665955471812,-25.8639
1764,-38.431139999213414,-25.8639
1765,-38.18244561276228,-25.8639
1766,-34.243993904527244,-25.8639
1767,-31.162727269741936,-25.8639
1768,-34.3446462110428,-25.8639
1769,-35.69402226199855,-25.8639
1770,-30.702567949647896,-25.8639
1771,-38.393048269371654,-25.8639
1772,-43.05237827876038,-25.8639
1773,-47.46755508922389,-25.8639
1774,-46.77551056279742,-25.8639
1775,-48.933211295252555,-25.8639
1776,-46.72555563111053,-25.8639
1777,-47.75630781165898,-25.8639
1778,-46.1378254731102,-25.8639
1779,-47.07869875398288,-25.8639
1780,-45.69294171611443,-25.8639
1781,-48.1828096838869,-25.8639
1782,-49.6310983142801,-25.8639
1783,-50.95006158469274,-25.8639
1784,-49.64046734301278,-25.8639
1785,-49.721197572034484,-25.8639
1786,-48.42691839023064,-25.8639
1787,-47.55927221303744,-25.8639
1788,-49.61528234344651,-25.8639
1789,-50.77306115477089,-25.8639
1790,-49.82031026035632,-25.8639
1791,-50.37298764062727,-25.8639
1792,-49.540213387103535,-25.8639
1793,-49.58587868954968,-25.8639
1794,-50.8463214984102,-25.8639
1795,-48.89035669644011,-25.8639
1796,-46.898542239105026,-25.8639
1797,-49.036485387500555,-25.8639
1798,-51.207906362000635,-25.8639
1799,-51.25878492625915,-25.8639
1800,-49.07685728186599,-25.8639
1801,-51.0799616445785,-25.8639
1802,-51.34582166014876,-25.8639
1803,-49.82035766351832,-25.8639
1804,-50.94339780505187,-25.8639
1805,-47.352216050594535,-25.8639
1806,-49.183106461738376,-25.8639
1807,-51.60764314088989,-25.8639
1808,-52.06144618053017,-25.8639
1809,-52.15674651811721,-25.8639
1810,-51.83567877788861,-25.8639
1811,-52.11020345330256,-25.8639
1812,-51.234788185480575,-25.8639
1813,-47.68544722420827,-25.8639
1814,-51.385589516783774,-25.8639
1815,-51.797631511287115,-25.8639
1816,-47.174468265287494,-25.8639
1817,-47.30383293528827,-25.8639
1818,-50.152227717146154,-25.8639
1819,-46.9802895637046,-25.8639
1820,-46.61537575493874,-25.8639
1821,-47.71548524298381,-25.8639
1822,-47.90627506965069,-25.8639
1823,-51.427598911984795,-25.8639
1824,-50.942130768210475,-25.8639
1825,-52.288515621643384,-25.8639
1826,-48.739048940498186,-25.8639
1827,-48.557738740255274,-25.8639
1828,-52.12203263502879,-25.8639
1829,-51.13636184380955,-25.8639
1830,-51.23457853150345,-25.8639
1831,-49.10580957999116,-25.8639
1832,-48.050628816410956,-25.8639
1833,-46.966672349244575,-25.8639
1834,-47.31572104078513,-25.8639
1835,-49.04358100265811,-25.8639
1836,-47.74700571637461,-25.8639
1837,-48.34352410571057,-25.8639
1838,-52.15832881591482,-25.8639
1839,-49.91300374644596,-25.8639
1840,-47.37300122177584,-25.8639
1841,-49.907070221954896,-25.8639
1842,-52.90944496819526,-25.8639
1843,-52.238914405526316,-25.8639
1844,-53.851909923847366,-25.8639
1845,-48.17661763205909,-25.8639
1846,-50.904134407051785,-25.8639
1847,-51.08773417738837,-25.8639
1848,-51.655160110332375,-25.8639
1849,-52.38519377003885,-25.8639
1850,-52.38601532609745,-25.8639
1851,-50.77360114482957,-25.8639
1852,-52.558339636143145,-25.8639
1853,-53.269400740816664,-25.8639
1854,-52.9082938215877,-25.8639
1855,-49.653588414468175,-25.8639
1856,-50.55206629762641,-25.8639
1857,-50.1421645084947,-25.8639
1858,-51.1526663752685,-25.8639
1859,-50.46519933993987,-25.8639
1860,-49.83841391434779,-25.8639
1861,-49.65502142355582,-25.8639
1862,-50.43826743008032,-25.8639
1863,-53.181251394108095,-25.8639
1864,-53.38596705178945,-25.8639
1865,-52.16620115764484,-25.8639
1866,-52.55731993027712,-25.8639
1867,-51.49883365815369,-25.8639
1868,-50.69849594205894,-25.8639
1869,-51.07467522980205,-25.8639
1870,-51.762597296912475,-25.8639
1871,-48.30856535186099,-25.8639
1872,-48.83784169146411,-25.8639
1873,-48.97541087812546,-25.8639
1874,-51.5181411344168,-25.8639
1875,-51.36969444916676,-25.8639
1876,-52.73477223890009,-25.8639
1877,-51.33276512069501,-25.8639
1878,-51.488438591502046,-25.8639
1879,-50.66732966642843,-25.8639
1880,-50.06047859748722,-25.8639
1881,-49.54987102228507,-25.8639
1882,-50.04243373370181,-25.8639
1883,-52.112011348465366,-25.8639
1884,-50.95620394433802,-25.8639
1885,-50.780773501592904,-25.8639
1886,-51.694355461777604,-25.8639
1887,-48.15401503194019,-25.8639
1888,-53.190547170760034,-25.8639
1889,-51.15440016285951,-25.8639
1890,-52.36993765218923,-25.8639
1891,-51.61326961131468,-25.8639
1892,-51.63850612974342,-25.8639
1893,-51.50108685250817,-25.8639
1894,-51.589706303719105,-25.8639
1895,-49.67017348518673,-25.8639
1896,-49.27987336590363,-25.8639
1897,-48.7239845270613,-25.8639
1898,-51.801315954728324,-25.8639
1899,-49.87544826290632,-25.8639
1900,-51.0676295091882,-25.8639
1901,-49.61528218798796,-25.8639
1902,-51.96627701134558,-25.8639
1903,-50.0057927885062,-25.8639
1904,-53.49808838825198,-25.8639
1905,-54.5046812715039,-25.8639
1906,-51.086823749398874,-25.8639
1907,-50.1744762226391,-25.8639
1908,-51.24605927387714,-25.8639
1909,-49.19901750228291,-25.8639
1910,-50.35318996180542,-25.8639
1911,-50.78286758384876,-25.8639
1912,-50.31213143520461,-25.8639
1913,-52.86806222600415,-25.8639
1914,-50.825167983249635,-25.8639
1915,-49.90424828816909,-25.8639
1916,-52.33810486751161,-25.8639
1917,-51.17248330374735,-25.8639
1918,-49.30022299265077,-25.8639
1919,-44.74091996450127,-25.8639
1920,-45.560639998024214,-25.8639
1921,-45.89832313060721,-25.8639
1922,-44.70081973403155,-25.8639
1923,-46.907626772998796,-25.8639
1924,-48.15311501789826,-25.8639
1925,-46.09479775218041,-25.8639
1926,-49.37790950654009,-25.8639
1927,-49.22030197875844,-25.8639
1928,-47.92339351326098,-25.8639
1929,-47.950518616982485,-25.8639
1930,-46.28986862149424,-25.8639
1931,-45.79859923090619,-25.8639
1932,-45.631445280507556,-25.8639
1933,-48.572461812219984,-25.8639
1934,-41.27045855194211,-25.8639
1935,-47.490806368825396,-25.8639
1936,-45.94786943277133,-25.8639
1937,-49.065589787246964,-25.8639
1938,-45.497244177242365,-25.8639
1939,-47.701518178629634,-25.8639
1940,-53.75789001409175,-25.8639
1941,-54.82093035385069,-25.8639
1942,-53.23738698060861,-25.8639
1943,-53.72079775952951,-25.8639
1944,-50.85629353976641,-25.8639
1945,-53.26982978584854,-25.8639
1946,-53.25917033092927,-25.8639
1947,-45.611305631811334,-25.8639
1948,-47.016376104376675,-25.8639
1949,-50.81954142858404,-25.8639
1950,-49.9700169414045,-25.8639
1951,-48.77160950249763,-25.8639
1952,-50.21544076793791,-25.8639
1953,-49.64047782066258,-25.8639
1954,-48.39713580767934,-25.8639
1955,-49.92382402030432,-25.8639
1956,-49.06005947450602,-25.8639
1957,-49.93544238979691,-25.8639
1958,-47.536744285113514,-25.8639
1959,-48.422085927358516,-25.8639
1960,-49.46179744350245,-25.8639
1961,-46.75067044113692,-25.8639
1962,-49.557525835023014,-25.8639
1963,-48.48577029715793,-25.8639
1964,-49.3561073306273,-25.8639
1965,-48.85609472985629,-25.8639
1966,-47.375211573526016,-25.8639
1967,-49.08217752311621,-25.8639
1968,-47.73019235288235,-25.8639
1969,-46.839309320824725,-25.8639
1970,-46.226786826577865,-25.8639
1971,-47.50703571099333,-25.8639
1972,-48.357010944156784,-25.8639
1973,-49.66365418147731,-25.8639
1974,-47.40240278240928,-25.8639
1975,-46.173322990089446,-25.8639
1976,-48.661104836946606,-25.8639
1977,-49.04474307825836,-25.8639
1978,-48.9039638726663,-25.8639
1979,-44.70045570067909,-25.8639
1980,-45.513398783687656,-25.8639
1981,-47.956576339083476,-25.8639
1982,-49.31255500561158,-25.8639
1983,-45.596377294883766,-25.8639
1984,-46.31284640872523,-25.8639
1985,-47.54502619255103,-25.8639
1986,-48.34678309024986,-25.8639
1987,-45.257951381739765,-25.8639
1988,-47.34886990391501,-25.8639
1989,-46.760865155267844,-25.8639
1990,-47.40645937972722,-25.8639
1991,-49.16428363655495,-25.8639
1992,-47.25505514813966,-25.8639
1993,-45.84003779044803,-25.8639
1994,-47.794993680238626,-25.8639
1995,-47.96132154953371,-25.8639
1996,-46.449990124243826,-25.8639
1997,-45.81969704482303,-25.8639
1998,-48.31570770459039,-25.8639
1999,-50.68398933481777,-25.8639
2000,-48.19351472645899,-25.8639
2001,-47.09229446406121,-25.8639
2002,-50.13298538622044,-25.8639
2003,-48.84341888891329,-25.8639
2004,-50.24675482830294,-25.8639
2005,-48.30980167941364,-25.8639
2006,-48.246824199915544,-25.8639
2007,-48.636701136247815,-25.8639
2008,-46.74603301690161,-25.8639
2009,-50.47135202328258,-25.8639
2010,-49.96969643549044,-25.8639
2011,-50.747671659896874,-25.8639
2012,-50.31511469211779,-25.8639
2013,-49.63282305045483,-25.8639
2014,-49.785693729368674,-25.8639
2015,-50.29107158163231,-25.8639
2016,-50.50114990422134,-25.8639
2017,-48.021953077428556,-25.8639
2018,-48.650978438947156,-25.8639
2019,-49.921227095584584,-25.8639
2020,-47.78498240634882,-25.8639
2021,-48.67579934415475,-25.8639
2022,-46.427467829144874,-25.8639
2023,-44.29356585901557,-25.8639
2024,-45.505751580459005,-25.8639
2025,-48.5692154713781,-25.8639
2026,-49.4678692649239,-25.8639
2027,-47.7870801796304,-25.8639
2028,-49.85784123970066,-25.8639
2029,-50.20613702696518,-25.8639
2030,-50.1501114532764,-25.8639
2031,-49.34764656276581,-25.8639
2032,-48.519708418511414,-25.8639
2033,-49.42903797273261,-25.8639
2034,-49.8517029437873,-25.8639
2035,-48.00896793953665,-25.8639
2036,-50.47349606773078,-25.8639
2037,-49.98442643879265,-25.8639
2038,-48.371997516181004,-25.8639
2039,-49.10101376088578,-25.8639
2040,-47.91884076593597,-25.8639
2041,-49.02903334707922,-25.8639
2042,-49.69305200221903,-25.8639
2043,-46.26392569038409,-25.8639
2044,-48.97738004215206,-25.8639
2045,-48.18914605481964,-25.8639
2046,-48.243061934371234,-25.8639
2047,-46.336738732473364,-25.8639
2048,-47.23838563502107,-25.8639
2049,-46.79506400726936,-25.8639
2050,-46.124498552655034,-25.8639
2051,-46.6586752078426,-25.8639
2052,-46.24000361778418,-25.8639
2053,-45.215256796190246,-25.8639
2054,-45.734202059873176,-25.8639
2055,-44.54598242606266,-25.8639
2056,-45.364614496466245,-25.8639
2057,-45.632495766818586,-25.8639
2058,-45.90787397105671,-25.8639
2059,-44.960454933191855,-25.8639
2060,-47.38825484774165,-25.8639
2061,-46.26715275739243,-25.8639
2062,-45.59978108084107,-25.8639
2063,-45.40480601908385,-25.8639
2064,-45.31460452173235,-25.8639
2065,-44.14132694281783,-25.8639
2066,-48.55446925593127,-25.8639
2067,-49.54089439283717,-25.8639
2068,-47.62609895309035,-25.8639
2069,-49.12951343448054,-25.8639
2070,-48.26366093804947,-25.8639
2071,-46.97045730341607,-25.8639
2072,-45.54000622341646,-25.8639
2073,-47.23954260884249,-25.8639
2074,-48.18245950637419,-25.8639
2075,-45.90390313571792,-25.8639
2076,-49.090682242826404,-25.8639
2077,-49.50992298863393,-25.8639
2078,-47.071499823768974,-25.8639
2079,-49.32582309478286,-25.8639
2080,-47.9954015172155,-25.8639
2081,-50.500846037546914,-25.8639
2082,-47.236007577591934,-25.8639
2083,-44.41241184849844,-25.8639
2084,-45.84583531616148,-25.8639
2085,-44.898851570902856,-25.8639
2086,-44.45522297662944,-25.8639
2087,-47.446275888409126,-25.8639
2088,-43.38839722144776,-25.8639
2089,-42.279449816433214,-25.8639
2090,-42.51455090585801,-25.8639
2091,-32.22633680547419,-25.8639
2092,-34.518587025922976,-25.8639
2093,-33.94323268626498,-25.8639
2094,-34.137940704327136,-25.8639
2095,-42.98753010259652,-25.8639
2096,-41.83002215533521,-25.8639
2097,-42.43712240129352,-25.8639
2098,-40.25055409822446,-25.8639
2099,-40.898074065459404,-25.8639
2100,-42.0873671921797,-25.8639
2101,-42.39124697691206,-25.8639
2102,-42.08429369619748,-25.8639
2103,-40.30791754634272,-25.8639
2104,-41.99894055734654,-25.8639
2105,-42.82205036775703,-25.8639
2106,-45.747581320104096,-25.8639
2107,-45.70021276301404,-25.8639
2108,-42.59021419328349,-25.8639
2109,-47.51624376725911,-25.8639
2110,-42.92543828889929,-25.8639
2111,-42.77932913913272,-25.8639
2112,-47.04046967772827,-25.8639
2113,-49.64205316244925,-25.8639
2114,-45.20800804255061,-25.8639
2115,-49.61581181883946,-25.8639
2116,-49.4170213093532,-25.8639
2117,-47.62926304525435,-25.8639
2118,-46.94480358674792,-25.8639
2119,-44.02601485064651,-25.8639
2120,-41.43252500965768,-25.8639
2121,-43.99616262099232,-25.8639
2122,-43.745065954405945,-25.8639
2123,-50.89494374728511,-25.8639
2124,-49.53645757466826,-25.8639
2125,-46.25553104920498,-25.8639
2126,-49.95535245433643,-25.8639
2127,-48.01271131742885,-25.8639
2128,-48.06911484667034,-25.8639
2129,-47.38727539004007,-25.8639
2130,-49.84031823457559,-25.8639
2131,-49.68991303338606,-25.8639
2132,-46.56213876677842,-25.8639
2133,-48.57569072057836,-25.8639
2134,-47.682048371377334,-25.8639
2135,-48.64520852395259,-25.8639
2136,-48.3717005033854,-25.8639
2137,-48.04694407757421,-25.8639
2138,-48.15118502421637,-25.8639
2139,-48.31318065892468,-25.8639
2140,-47.04670465999301,-25.8639
2141,-49.16199365018911,-25.8639
2142,-48.89258772960831,-25.8639
2143,-46.66103837407106,-25.8639
2144,-50.05439284635769,-25.8639
2145,-48.59292134221838,-25.8639
2146,-49.20925633650938,-25.8639
2147,-49.202154871276804,-25.8639
2148,-46.69325639717086,-25.8639
2149,-49.35924896292868,-25.8639
2150,-48.90175601973354,-25.8639
2151,-48.56017568878744,-25.8639
2152,-48.845848614190295,-25.8639
2153,-49.40424575375394,-25.8639
2154,-47.376722559015214,-25.8639
2155,-47.953814772877976,-25.8639
2156,-47.40756237486566,-25.8639
2157,-47.516315256489385,-25.8639
2158,-46.28772676147128,-25.8639
2159,-48.61661502502386,-25.8639
2160,-48.695180464102336,-25.8639
2161,-49.130764511549934,-25.8639
2162,-43.99920856190217,-25.8639
2163,-48.522975498338745,-25.8639
2164,-48.03131966622803,-25.8639
2165,-49.49491401331588,-25.8639
2166,-47.11493817488054,-25.8639
2167,-49.06983026636822,-25.8639
2168,-45.393544195913684,-25.8639
2169,-47.45325469312174,-25.8639
2170,-46.921203016333024,-25.8639
2171,-46.24640090574608,-25.8639
2172,-50.12135935792468,-25.8639
2173,-46.94484132825821,-25.8639
2174,-48.60928330954346,-25.8639
2175,-47.68533637709841,-25.8639
2176,-44.36618028649975,-25.8639
2177,-45.52685819527945,-25.8639
2178,-46.30815038113863,-25.8639
2179,-48.533050803210465,-25.8639
2180,-44.20304009310246,-25.8639
2181,-46.05443393571577,-25.8639
2182,-47.71334421857623,-25.8639
2183,-45.553393241065834,-25.8639
2184,-49.5297512658865,-25.8639
2185,-47.56116980189329,-25.8639
2186,-48.09738481432218,-25.8639
2187,-47.255267746389606,-25.8639
2188,-46.7449120171277,-25.8639
2189,-43.72070511095379,-25.8639
2190,-45.17430051092368,-25.8639
2191,-46.339810313924836,-25.8639
2192,-42.722804730681325,-25.8639
2193,-45.4791785158364,-25.8639
2194,-45.611682322930285,-25.8639
2195,-42.41269438987939,-25.8639
2196,-48.02258892781439,-25.8639
2197,-47.5839799854214,-25.8639
2198,-50.13555168244518,-25.8639
2199,-48.815117225579655,-25.8639
2200,-48.85398982838258,-25.8639
2201,-48.29380776504925,-25.8639
2202,-46.3045435426627,-25.8639
2203,-45.78641242126832,-25.8639
2204,-48.03778070532105,-25.8639
2205,-46.35310741596723,-25.8639
2206,-46.803737121302305,-25.8639
2207,-44.899782456333604,-25.8639
2208,-44.61097338987383,-25.8639
2209,-45.81671510014505,-25.8639
2210,-46.915962025842866,-25.8639
2211,-48.89718585982963,-25.8639
2212,-46.29740237752056,-25.8639
2213,-48.93609073361898,-25.8639
2214,-45.83057154834289,-25.8639
2215,-45.26168656553746,-25.8639
2216,-44.56804699135325,-25.8639
2217,-46.69703470865719,-25.8639
2218,-47.07252848640656,-25.8639
2219,-45.96604241107055,-25.8639
2220,-46.11285688786576,-25.8639
2221,-46.971211086672525,-25.8639
2222,-46.68830366960016,-25.8639
2223,-46.38286775744032,-25.8639
2224,-44.267182894755834,-25.8639
2225,-47.00357170702729,-25.8639
2226,-42.335208839520305,-25.8639
2227,-42.191481472697454,-25.8639
2228,-44.961545379904386,-25.8639
2229,-42.41858191314564,-25.8639
2230,-44.563732260648514,-25.8639
2231,-43.035483180160924,-25.8639
2232,-47.396580486219776,-25.8639
2233,-47.20146370289223,-25.8639
2234,-40.37851707675122,-25.8639
2235,-41.27179590715771,-25.8639
2236,-45.48964964649045,-25.8639
2237,-45.15772476484793,-25.8639
2238,-45.27993639136408,-25.8639
2239,-42.742886603864676,-25.8639
2240,-43.02196296824615,-25.8639
2241,-41.69370279898534,-25.8639
2242,-44.94445680323246,-25.8639
2243,-45.437152342458134,-25.8639
2244,-47.850543581846,-25.8639
2245,-46.88270430691794,-25.8639
2246,-48.19780987758381,-25.8639
2247,-51.544729392295764,-25.8639
2248,-48.51535019500708,-25.8639
2249,-50.783709476039235,-25.8639
2250,-49.95999120468609,-25.8639
2251,-49.755456179471,-25.8639
2252,-47.44790111770687,-25.8639
2253,-52.8977918715782,-25.8639
2254,-50.870275674125736,-25.8639
2255,-50.111846527908696,-25.8639
2256,-47.129224218122715,-25.8639
2257,-48.33513880553411,-25.8639
2258,-51.8238921724894,-25.8639
2259,-49.41685272593559,-25.8639
2260,-47.913634900168745,-25.8639
2261,-46.44858411229357,-25.8639
2262,-55.6283051532624,-25.8639
2263,-52.79007765855572,-25.8639
2264,-54.019173846734965,-25.8639
2265,-53.393193550765325,-25.8639
2266,-51.91863813183349,-25.8639
2267,-53.077684601461,-25.8639
2268,-50.42787929005664,-25.8639
2269,-54.56206928074201,-25.8639
2270,-50.014988203156314,-25.8639
2271,-49.4919828514844,-25.8639
2272,-54.909607237833185,-25.8639
2273,-53.550505963335276,-25.8639
2274,-54.230189767525886,-25.8639
2275,-55.42725246254606,-25.8639
2276,-54.29800566005248,-25.8639
2277,-49.26623046605862,-25.8639
2278,-52.51191781991804,-25.8639
2279,-50.18327361905492,-25.8639
2280,-49.27983075566439,-25.8639
2281,-51.552454125324246,-25.8639
2282,-51.532917435182966,-25.8639
2283,-47.78585579300084,-25.8639
2284,-49.9395309031096,-25.8639
2285,-52.624459722476836,-25.8639
2286,-50.56101232823493,-25.8639
2287,-52.75186244200696,-25.8639
2288,-52.589761137183224,-25.8639
2289,-52.47332830110386,-25.8639
2290,-51.29488043078128,-25.8639
2291,-49.08375283501985,-25.8639
2292,-49.12374642272367,-25.8639
2293,-51.49929804126573,-25.8639
2294,-51.8346055842285,-25.8639
2295,-49.847724230235514,-25.8639
2296,-51.27120616104431,-25.8639
2297,-51.27162052421802,-25.8639
2298,-50.879337329398396,-25.8639
2299,-52.80112087205576,-25.8639
2300,-52.49002151786739,-25.8639
2301,-52.794093334362586,-25.8639
2302,-53.841587117874695,-25.8639
2303,-53.82503395378687,-25.8639
2304,-56.090060103087424,-25.8639
2305,-54.861451707832515,-25.8639
2306,-52.80677232329243,-25.8639
2307,-52.47842615929284,-25.8639
2308,-54.36001280410521,-25.8639
2309,-53.11217673639292,-25.8639
2310,-53.75669158285908,-25.8639
2311,-52.95817451998397,-25.8639
2312,-54.984289806102204,-25.8639
2313,-53.55139270492838,-25.8639
2314,-53.36762155990938,-25.8639
2315,-53.12242848432195,-25.8639
2316,-56.06474161044073,-25.8639
2317,-55.02209479716373,-25.8639
2318,-54.06724014478529,-25.8639
2319,-52.45966877713303,-25.8639
2320,-52.765560992583445,-25.8639
2321,-54.371384056822805,-25.8639
2322,-54.248174423184835,-25.8639
2323,-52.86637578043204,-25.8639
2324,-52.03820145488404,-25.8639
2325,-52.528204887636356,-25.8639
2326,-51.46313102294178,-25.8639
2327,-50.912576612467824,-25.8639
2328,-52.21588437034525,-25.8639
2329,-52.81593777511855,-25.8639
2330,-53.922615859571735,-25.8639
2331,-52.1012367667914,-25.8639
2332,-54.649351385532974,-25.8639
2333,-54.39326857539842,-25.8639
2334,-54.529700961096836,-25.8639
2335,-55.284276455133224,-25.8639
2336,-56.24493106623533,-25.8639
2337,-53.78467959047774,-25.8639
2338,-54.63441772721645,-25.8639
2339,-55.77168207778289,-25.8639
2340,-55.24069706901073,-25.8639
2341,-54.30543612628141,-25.8639
2342,-56.180513654652756,-25.8639
2343,-55.168316195767716,-25.8639
2344,-54.81938918066207,-25.8639
2345,-54.21945853396274,-25.8639
2346,-55.16713132616012,-25.8639
2347,-55.380389071682394,-25.8639
2348,-53.97614102296303,-25.8639
2349,-55.08229780647102,-25.8639
2350,-53.97595322466402,-25.8639
2351,-54.979725560550285,-25.8639
2352,-50.8881374671236,-25.8639
2353,-52.72996051190908,-25.8639
2354,-53.88135087446188,-25.8639
2355,-53.75714316416176,-25.8639
2356,-50.691693300829535,-25.8639
2357,-48.66332325419373,-25.8639
2358,-50.173261520088126,-25.8639
2359,-54.35607124471346,-25.8639
2360,-54.44189073654839,-25.8639
2361,-55.62709668666184,-25.8639
2362,-53.58325294796808,-25.8639
2363,-54.299612830915,-25.8639
2364,-53.540976494485406,-25.8639
2365,-54.49739654809473,-25.8639
2366,-54.75562660105061,-25.8639
2367,-54.29756524486397,-25.8639
2368,-52.91450143094487,-25.8639
2369,-54.302785069922905,-25.8639
2370,-53.91531401806226,-25.8639
2371,-53.43541511808665,-25.8639
2372,-52.852149184876964,-25.8639
2373,-54.497828692701844,-25.8639
2374,-54.14580111552113,-25.8639
2375,-54.22644249986633,-25.8639
2376,-54.85006529413893,-25.8639
2377,-53.79372602220491,-25.8639
2378,-51.73445668590304,-25.8639
2379,-51.92230392097828,-25.8639
2380,-51.43996056169822,-25.8639
2381,-48.14099909677782,-25.8639
2382,-48.918904115985825,-25.8639
2383,-47.61922427038412,-25.8639
2384,-51.80141222735817,-25.8639
2385,-48.66173887283609,-25.8639
2386,-48.68274471150856,-25.8639
2387,-48.95865857844991,-25.8639
2388,-47.867499116774006,-25.8639
2389,-49.340863255122,-25.8639
2390,-48.622307514353025,-25.8639
2391,-49.60420037676765,-25.8639
2392,-51.18259240049553,-25.8639
2393,-48.15356920178153,-25.8639
2394,-50.2846498728139,-25.8639
2395,-48.66390405529301,-25.8639
2396,-54.61409548849914,-25.8639
2397,-51.030299040591146,-25.8639
2398,-51.66151528497468,-25.8639
2399,-52.83323085764586,-25.8639
2400,-53.499232717142995,-25.8639
2401,-52.11928596176541,-25.8639
2402,-53.04711533683327,-25.8639
2403,-53.864246422142664,-25.8639
2404,-54.04999292066461,-25.8639
2405,-52.800985707625834,-25.8639
2406,-54.84080226625907,-25.8639
2407,-52.852907469201675,-25.8639
2408,-53.59124760383003,-25.8639
2409,-52.8566924435211,-25.8639
2410,-53.19303274281698,-25.8639
2411,-53.49091659417118,-25.8639
2412,-52.98209027326503,-25.8639
2413,-52.79726512376263,-25.8639
2414,-53.957235551651614,-25.8639
2415,-53.5735712411659,-25.8639
2416,-53.289202328018064,-25.8639
2417,-53.02141196479276,-25.8639
2418,-53.7361272115918,-25.8639
2419,-54.444833780599524,-25.8639
2420,-54.404870720450006,-25.8639
2421,-53.556837597312104,-25.8639
2422,-53.63497672199266,-25.8639
2423,-54.02061684396341,-25.8639
2424,-52.2965867323251,-25.8639
2425,-53.465532101063545,-25.8639
2426,-53.479853381069695,-25.8639
2427,-53.4070401394462,-25.8639
2428,-53.335069527527885,-25.8639
2429,-51.58127560580543,-25.8639
2430,-53.90492332997152,-25.8639
2431,-53.622294193314985,-25.8639
2432,-52.949700918587645,-25.8639
2433,-54.780519853160065,-25.8639
2434,-55.629986748814346,-25.8639
2435,-55.22699331582039,-25.8639
2436,-55.647443267253045,-25.8639
2437,-55.29192226411062,-25.8639
2438,-56.60479422715763,-25.8639
2439,-56.92550250171054,-25.8639
2440,-58.45378218087763,-25.8639
2441,-57.574488487114564,-25.8639
2442,-57.82476437681359,-25.8639
2443,-57.56034728894595,-25.8639
2444,-57.84841695737103,-25.8639
2445,-57.73634010488913,-25.8639
2446,-54.005806313148305,-25.8639
2447,-56.43907684761321,-25.8639
2448,-54.524328577585806,-25.8639
2449,-56.33536685503841,-25.8639
2450,-58.203534899645184,-25.8639
2451,-57.89778639567678,-25.8639
2452,-55.162650570640245,-25.8639
2453,-55.79582468176588,-25.8639
2454,-53.96998625596035,-25.8639
2455,-56.27586591051811,-25.8639
2456,-54.80148516352883,-25.8639
2457,-54.38443664938208,-25.8639
2458,-54.76019679464072,-25.8639
2459,-54.04232657222821,-25.8639
2460,-54.64849076370705,-25.8639
2461,-54.60140919921754,-25.8639
2462,-55.65109047020005,-25.8639
2463,-55.36205641842403,-25.8639
2464,-54.135325881495945,-25.8639
2465,-54.62309191307537,-25.8639
2466,-54.3042646381106,-25.8639
2467,-54.8720714530411,-25.8639
2468,-54.09333115588527,-25.8639
2469,-51.134607486869754,-25.8639
2470,-49.95372374429067,-25.8639
2471,-52.51355980862706,-25.8639
2472,-52.64222038235867,-25.8639
2473,-51.977131731846136,-25.8639
2474,-52.50379098523405,-25.8639
2475,-52.25742057157448,-25.8639
2476,-51.588347753130876,-25.8639
2477,-48.92474508743155,-25.8639
2478,-53.12526499397637,-25.8639
2479,-53.54593081195957,-25.8639
2480,-54.01000170869337,-25.8639
2481,-54.97185186497524,-25.8639
2482,-54.68796326130503,-25.8639
2483,-49.97229077189864,-25.8639
2484,-53.68739255812799,-25.8639
2485,-52.51666261523488,-25.8639
2486,-47.93036306393851,-25.8639
2487,-47.31942116800981,-25.8639
2488,-47.258805929343374,-25.8639
2489,-50.27746010576749,-25.8639
2490,-49.561552734881396,-25.8639
2491,-53.06676444249761,-25.8639
2492,-52.37840714399446,-25.8639
2493,-53.41382451768866,-25.8639
2494,-51.75799107927064,-25.8639
2495,-53.35661278062635,-25.8639
2496,-53.21977705366402,-25.8639
2497,-49.85245018226438,-25.8639
2498,-53.48872149044294,-25.8639
2499,-51.599485325352276,-25.8639
2500,-51.05440846052418,-25.8639
2501,-53.11288616785063,-25.8639
2502,-50.37080153534808,-25.8639
2503,-53.50097705577295,-25.8639
2504,-52.73320165988979,-25.8639
2505,-53.41605282615879,-25.8639
2506,-53.17762542223312,-25.8639
2507,-54.05626319414055,-25.8639
2508,-52.22552063016021,-25.8639
2509,-53.948272433000255,-25.8639
2510,-52.488429296594454,-25.8639
2511,-51.905452912011384,-25.8639
2512,-52.005049366187265,-25.8639
2513,-51.93986289619013,-25.8639
2514,-52.50118369234375,-25.8639
2515,-51.06089568774556,-25.8639
2516,-49.84343912170968,-25.8639
2517,-52.67910520346044,-25.8639
2518,-53.23452194336909,-25.8639
2519,-52.973632448652204,-25.8639
2520,-52.08376859060682,-25.8639
2521,-52.645483142848434,-25.8639
2522,-52.92146592029744,-25.8639
2523,-52.47480784690546,-25.8639
2524,-51.936596709270816,-25.8639
2525,-52.50223694779993,-25.8639
2526,-52.66152655582759,-25.8639
2527,-51.31087705010068,-25.8639
2528,-52.360612137276405,-25.8639
2529,-53.02513267927624,-25.8639
2530,-54.22349377574988,-25.8639
2531,-52.80205171519073,-25.8639
2532,-52.86530028766181,-25.8639
2533,-50.67378626312167,-25.8639
2534,-52.02987930884143,-25.8639
2535,-53.34454844568527,-25.8639
2536,-51.06778748950788,-25.8639
2537,-52.52816034839414,-25.8639
2538,-53.88069213400436,-25.8639
2539,-52.76017096917926,-25.8639
2540,-52.80800741560725,-25.8639
2541,-53.92409874762571,-25.8639
2542,-54.24004264906099,-25.8639
2543,-53.37658502102623,-25.8639
2544,-52.94244997569179,-25.8639
2545,-52.62470307798647,-25.8639
2546,-52.406794197902514,-25.8639
2547,-53.24466545932289,-25.8639
2548,-53.748656323489705,-25.8639
2549,-52.148149563489234,-25.8639
2550,-53.45265491012992,-25.8639
2551,-53.94469025658036,-25.8639
2552,-53.46406913192475,-25.8639
2553,-51.8050293077779,-25.8639
2554,-53.49561089979755,-25.8639
2555,-51.98337039259436,-25.8639
2556,-54.191430219031034,-25.8639
2557,-53.2138569198266,-25.8639
2558,-53.65582035306322,-25.8639
2559,-53.172819853275975,-25.8639
2560,-52.22246479119032,-25.8639
2561,-54.24769479434478,-25.8639
2562,-53.435128695878845,-25.8639
2563,-51.897847984884116,-25.8639
2564,-52.44567429260917,-25.8639
2565,-54.74985679583125,-25.8639
2566,-54.462178277429,-25.8639
2567,-54.31020862525461,-25.8639
2568,-53.71768647975379,-25.8639
2569,-51.81956828763107,-25.8639
2570,-54.208896499591354,-25.8639
2571,-54.08602684495003,-25.8639
2572,-55.13309113919834,-25.8639
2573,-54.940742350666085,-25.8639
2574,-54.92262448438268,-25.8639
2575,-54.39797838393314,-25.8639
2576,-54.680714177286916,-25.8639
2577,-54.7607377963588,-25.8639
2578,-53.8497691932058,-25.8639
2579,-53.18534898368928,-25.8639
2580,-52.92773610783943,-25.8639
2581,-53.61637806826092,-25.8639
2582,-52.85862307647962,-25.8639
2583,-48.75486744982254,-25.8639
2584,-50.064081283433836,-25.8639
2585,-48.066505987856615,-25.8639
2586,-48.446925189670445,-25.8639
2587,-50.472304127213505,-25.8639
2588,-48.33181825572966,-25.8639
2589,-48.08457326576331,-25.8639
2590,-49.403758506301365,-25.8639
2591,-47.58007887874909,-25.8639
2592,-47.80319344350375,-25.8639
2593,-45.96427920449938,-25.8639
2594,-47.37776075028784,-25.8639
2595,-47.32638808626657,-25.8639
2596,-44.53055062635059,-25.8639
2597,-48.06807396602785,-25.8639
2598,-47.81053193253299,-25.8639
2599,-43.803891250006444,-25.8639
2600,-42.05440382299262,-25.8639
2601,-46.184271228249116,-25.8639
2602,-44.22261702812957,-25.8639
2603,-49.54083172466841,-25.8639
2604,-46.58634407345696,-25.8639
2605,-41.93236720582351,-25.8639
2606,-49.0370009295581,-25.8639
2607,-46.24163878633027,-25.8639
2608,-47.89009721039969,-25.8639
2609,-51.56887461764575,-25.8639
2610,-47.93407299342338,-25.8639
2611,-47.51274596959008,-25.8639
2612,-44.84504135535928,-25.8639
2613,-46.55678224895965,-25.8639
2614,-48.671326281857674,-25.8639
2615,-50.42941069907097,-25.8639
2616,-48.95334829719601,-25.8639
2617,-51.46520753295902,-25.8639
2618,-45.339787974368775,-25.8639
2619,-46.354841940154394,-25.8639
2620,-43.4975365025555,-25.8639
2621,-43.296424997075036,-25.8639
2622,-44.04144299243869,-25.8639
2623,-45.58396039974526,-25.8639
2624,-48.39298016257417,-25.8639
2625,-49.41186668689219,-25.8639
2626,-51.25267461863898,-25.8639
2627,-50.24208062708173,-25.8639
2628,-50.48792551138131,-25.8639
2629,-50.27749440345475,-25.8639
2630,-48.860775636359186,-25.8639
2631,-47.366047215210976,-25.8639
2632,-50.8491999866076,-25.8639
2633,-49.5446459715488,-25.8639
2634,-47.38858595692611,-25.8639
2635,-46.439510241021324,-25.8639
2636,-47.29450369236454,-25.8639
2637,-46.7570685801614,-25.8639
2638,-44.15859795279738,-25.8639
2639,-44.28724899246941,-25.8639
2640,-41.71449645896409,-25.8639
2641,-46.6610149719678,-25.8639
2642,-49.46567706560913,-25.8639
2643,-46.777630189556504,-25.8639
2644,-47.68151367217693,-25.8639
2645,-45.88828023815563,-25.8639
2646,-42.69450714380443,-25.8639
2647,-40.95198094919817,-25.8639
2648,-42.44038843923717,-25.8639
2649,-44.92854989027789,-25.8639
2650,-41.89090139745311,-25.8639
2651,-45.33322939034089,-25.8639
2652,-41.39678225788039,-25.8639
2653,-45.910659135121165,-25.8639
2654,-44.59060947750849,-25.8639
2655,-43.20632278450206,-25.8639
2656,-40.73751695616317,-25.8639
2657,-41.11214064244318,-25.8639
2658,-40.04131643043165,-25.8639
2659,-40.409396482528415,-25.8639
2660,-42.72397914502225,-25.8639
2661,-42.21435971227531,-25.8639
2662,-37.61083960354446,-25.8639
2663,-39.02426125980712,-25.8639
2664,-36.77272611077323,-25.8639
2665,-36.74523175799385,-25.8639
2666,-38.646716864903446,-25.8639
2667,-39.15431968807505,-25.8639
2668,-36.74851367206034,-25.8639
2669,-33.776771788193756,-25.8639
2670,-35.10395162404697,-25.8639
2671,-35.88871995180593,-25.8639
2672,-38.73568022252492,-25.8639
2673,-38.815038768541505,-25.8639
2674,-37.20121706642233,-25.8639
2675,-37.568385349361854,-25.8639
2676,-36.11382837634436,-25.8639
2677,-36.22593591630857,-25.8639
2678,-37.636164045958,-25.8639
2679,-43.05033331169704,-25.8639
2680,-41.99462775562374,-25.8639
2681,-38.36768469536379,-25.8639
2682,-43.227827877704485,-25.8639
2683,-40.43213240172132,-25.8639
2684,-40.78808454070442,-25.8639
2685,-38.03128585491705,-25.8639
2686,-38.681433784585444,-25.8639
2687,-38.01090966374609,-25.8639
2688,-35.865950311031234,-25.8639
2689,-35.54508001938662,-25.8639
2690,-35.82587750827077,-25.8639
2691,-37.38718040388432,-25.8639
2692,-37.0893596877348,-25.8639
2693,-43.13819479869079,-25.8639
2694,-40.729636794281525,-25.8639
2695,-45.09835382575224,-25.8639
2696,-42.70113305411971,-25.8639
2697,-42.29170842016913,-25.8639
2698,-42.81258611550154,-25.8639
2699,-42.24014043886146,-25.8639
2700,-42.75233725763921,-25.8639
2701,-41.273768672297294,-25.8639
2702,-40.933202143584346,-25.8639
2703,-40.832611234990964,-25.8639
2704,-40.33477126732822,-25.8639
2705,-40.787832989095506,-25.8639
2706,-42.97395572452327,-25.8639
2707,-41.84783387326696,-25.8639
2708,-40.50653994832187,-25.8639
2709,-43.78388418121732,-25.8639
2710,-40.50795399121423,-25.8639
2711,-41.946296699270896,-25.8639
2712,-39.30322443173533,-25.8639
2713,-42.77064680668222,-25.8639
2714,-42.585037472955165,-25.8639
2715,-39.328203358981945,-25.8639
2716,-38.76860128315717,-25.8639
2717,-39.98013832862098,-25.8639
2718,-38.53820397032327,-25.8639
2719,-40.07604875248209,-25.8639
2720,-36.07878139775884,-25.8639
2721,-37.439383407659605,-25.8639
2722,-37.94484595309563,-25.8639
2723,-37.1415645659535,-25.8639
2724,-39.24022358686289,-25.8639
2725,-39.383634697950114,-25.8639
2726,-41.64614227704915,-25.8639
2727,-41.80358169514357,-25.8639
2728,-41.22219742221869,-25.8639
2729,-40.43685696045288,-25.8639
2730,-41.29323695765355,-25.8639
2731,-41.59005812630718,-25.8639
2732,-39.14659833611106,-25.8639
2733,-37.0016158561275,-25.8639
2734,-41.191282730643934,-25.8639
2735,-42.931372604402156,-25.8639
2736,-42.769371811739234,-25.8639
2737,-42.76574928034378,-25.8639
2738,-40.3292300160286,-25.8639
2739,-41.662278813191705,-25.8639
2740,-41.59301383322915,-25.8639
2741,-41.73531233478593,-25.8639
2742,-42.58928189283785,-25.8639
2743,-41.66479136533788,-25.8639
2744,-39.66541479141972,-25.8639
2745,-44.93807852862722,-25.8639
2746,-41.33941512509071,-25.8639
2747,-44.51030023864598,-25.8639
2748,-42.027959373330674,-25.8639
2749,-41.95557234781852,-25.8639
2750,-41.606111693781436,-25.8639
2751,-43.660149466171646,-25.8639
2752,-41.74045668721509,-25.8639
2753,-42.32519515967229,-25.8639
2754,-41.78699555979393,-25.8639
2755,-40.533426185277214,-25.8639
2756,-38.44808142632787,-25.8639
2757,-40.2223462197674,-25.8639
2758,-41.670590520697,-25.8639
2759,-38.847202047821035,-25.8639
2760,-38.46343759693601,-25.8639
2761,-40.3746639271546,-25.8639
2762,-39.55076248038016,-25.8639
2763,-38.59944444693015,-25.8639
2764,-42.332367348806955,-25.8639
2765,-41.77505830327494,-25.8639
2766,-41.6496496674332,-25.8639
2767,-40.189443838170654,-25.8639
2768,-41.73020106600746,-25.8639
2769,-41.84730502415802,-25.8639
2770,-40.58252275659272,-25.8639
2771,-39.96106711659335,-25.8639
2772,-40.67952103249125,-25.8639
2773,-42.11747405263058,-25.8639
2774,-40.851221222114596,-25.8639
2775,-40.38784531932742,-25.8639
2776,-39.33127417671603,-25.8639
2777,-40.842405935470005,-25.8639
2778,-40.45206644029178,-25.8639
2779,-42.41612711369914,-25.8639
2780,-41.50951549500742,-25.8639
2781,-41.624649616515626,-25.8639
2782,-42.40657488205706,-25.8639
2783,-41.08605251798409,-25.8639
2784,-41.57344862564547,-25.8639
2785,-41.44299351195967,-25.8639
2786,-38.44128913761998,-25.8639
2787,-41.13455697534451,-25.8639
2788,-39.05790773930992,-25.8639
2789,-40.35594098829335,-25.8639
2790,-41.04341033235906,-25.8639
2791,-38.86183042681686,-25.8639
2792,-40.568220336108865,-25.8639
2793,-40.0249926271706,-25.8639
2794,-39.628661521045046,-25.8639
2795,-41.59143730846015,-25.8639
2796,-38.10845827207551,-25.8639
2797,-37.153812892259474,-25.8639
2798,-37.02508213358675,-25.8639
2799,-36.046354827415556,-25.8639
2800,-41.93552538275635,-25.8639
2801,-35.46243446350369,-25.8639
2802,-35.89130516207113,-25.8639
2803,-38.82737866088291,-25.8639
2804,-37.793718611566895,-25.8639
2805,-39.43531882141574,-25.8639
2806,-39.867412977468504,-25.8639
2807,-39.402908552804455,-25.8639
2808,-38.76541930590968,-25.8639
2809,-34.93507540892956,-25.8639
2810,-35.73918074032201,-25.8639
2811,-34.64889104062426,-25.8639
2812,-36.594916443717224,-25.8639
2813,-35.244392581444046,-25.8639
2814,-34.21909266977576,-25.8639
2815,-37.05167159431912,-25.8639
2816,-36.31490390290589,-25.8639
2817,-37.20388850950051,-25.8639
2818,-37.330403532132756,-25.8639
2819,-34.93255228789196,-25.8639
2820,-34.16269662515954,-25.8639
2821,-36.28617701649021,-25.8639
2822,-38.236019955286594,-25.8639
2823,-38.307399400580735,-25.8639
2824,-40.75878106540472,-25.8639
2825,-40.531131342431614,-25.8639
2826,-39.65124230645167,-25.8639
2827,-38.83715967193139,-25.8639
2828,-39.66295902144948,-25.8639
2829,-40.25643785087384,-25.8639
2830,-39.12849916621349,-25.8639
2831,-40.10857114717129,-25.8639
2832,-39.07449817420238,-25.8639
2833,-39.477772253062426,-25.8639
2834,-36.12068745454548,-25.8639
2835,-38.048008107307446,-25.8639
2836,-37.82107835863934,-25.8639
2837,-37.16555119098143,-25.8639
2838,-39.96563965494562,-25.8639
2839,-39.51591444167023,-25.8639
2840,-39.197679422935416,-25.8639
2841,-39.31038507453247,-25.8639
2842,-39.3786893908143,-25.8639
2843,-40.09769326414811,-25.8639
2844,-39.43989567904697,-25.8639
2845,-40.05226146512619,-25.8639
2846,-39.389919782807404,-25.8639
2847,-41.275650682852785,-25.8639
2848,-40.11141928382057,-25.8639
2849,-38.404277368247854,-25.8639
2850,-38.32789569808765,-25.8639
2851,-39.38380942131716,-25.8639
2852,-40.879609584928616,-25.8639
2853,-39.816443539356754,-25.8639
2854,-40.59169305842717,-25.8639
2855,-40.15955389215179,-25.8639
2856,-39.616431474269206,-25.8639
2857,-37.03654842238558,-25.8639
2858,-40.549538391457894,-25.8639
2859,-43.89873645696956,-25.8639
2860,-41.37710335199418,-25.8639
2861,-42.21183535114605,-25.8639
2862,-40.3360950819654,-25.8639
2863,-41.91118025647303,-25.8639
2864,-41.68947457172611,-25.8639
2865,-39.899791293540176,-25.8639
2866,-40.73174104146644,-25.8639
2867,-39.89268614794588,-25.8639
2868,-37.06532444596883,-25.8639
2869,-39.81607871335848,-25.8639
2870,-36.49479787145585,-25.8639
2871,-39.07904934989545,-25.8639
2872,-35.60739651188773,-25.8639
2873,-34.89129131014411,-25.8639
2874,-40.985660890782924,-25.8639
2875,-39.5124116091713,-25.8639
2876,-41.2745700418866,-25.8639
2877,-44.7876046748253,-25.8639
2878,-43.42715053439136,-25.8639
2879,-42.46768628555102,-25.8639
2880,-43.35661719534742,-25.8639
2881,-45.98989438575465,-25.8639
2882,-42.61937585656775,-25.8639
2883,-44.74927193465688,-25.8639
2884,-47.150431793818456,-25.8639
2885,-46.20198095850974,-25.8639
2886,-44.508976081674874,-25.8639
2887,-45.80784447405815,-25.8639
2888,-43.461537625339176,-25.8639
2889,-47.15959016740474,-25.8639
2890,-45.24027973466093,-25.8639
2891,-41.352183574592246,-25.8639
2892,-44.69557785258608,-25.8639
2893,-42.536940787260974,-25.8639
2894,-45.783319772423965,-25.8639
2895,-42.12862620105702,-25.8639
2896,-42.63638541180654,-25.8639
2897,-45.16368142245771,-25.8639
2898,-44.90987137095517,-25.8639
2899,-40.78271394982636,-25.8639
2900,-47.09667999259345,-25.8639
2901,-44.28662658617765,-25.8639
2902,-45.6491751852589,-25.8639
2903,-46.685574135735294,-25.8639
2904,-45.466072145447924,-25.8639
2905,-44.866979706246525,-25.8639
2906,-44.50197223568501,-25.8639
2907,-41.91614405002633,-25.8639
2908,-41.380141302728035,-25.8639
2909,-40.461324328283474,-25.8639
2910,-40.61160734549248,-25.8639
2911,-42.38642110947601,-25.8639
2912,-42.167384723510835,-25.8639
2913,-41.9669416397352,-25.8639
2914,-41.60593072763149,-25.8639
2915,-44.56815741180249,-25.8639
2916,-41.923258304982554,-25.8639
2917,-42.04047106226686,-25.8639
2918,-36.43068280762145,-25.8639
2919,-38.610569850032654,-25.8639
2920,-41.8144171997931,-25.8639
2921,-40.08021515079644,-25.8639
2922,-42.99064670598048,-25.8639
2923,-43.44295785811739,-25.8639
2924,-39.73495924401288,-25.8639
2925,-42.93687364008237,-25.8639
2926,-42.45405999556658,-25.8639
2927,-40.03866123871555,-25.8639
2928,-43.72406165625394,-25.8639
2929,-43.45929911917895,-25.8639
2930,-41.703803936109935,-25.8639
2931,-43.12215077962332,-25.8639
2932,-44.26990081625796,-25.8639
2933,-40.9486722904081,-25.8639
2934,-46.480433811978735,-25.8639
2935,-43.97867997402904,-25.8639
2936,-46.432990758120276,-25.8639
2937,-47.07407273642502,-25.8639
2938,-46.852073186626704,-25.8639
2939,-47.342378181750306,-25.8639
2940,-46.9186048233136,-25.8639
2941,-46.803894917029716,-25.8639
2942,-46.968458464843685,-25.8639
2943,-43.66667172122921,-25.8639
2944,-41.45438216357707,-25.8639
2945,-48.52443867313532,-25.8639
2946,-43.85630133561569,-25.8639
2947,-46.443448460024605,-25.8639
2948,-50.963542163596344,-25.8639
2949,-45.81031760352506,-25.8639
2950,-48.210338608859395,-25.8639
2951,-50.129367766979314,-25.8639
2952,-46.26587730676496,-25.8639
2953,-43.71477961094697,-25.8639
2954,-40.99258869842271,-25.8639
2955,-39.467721386341815,-25.8639
2956,-40.282680707382966,-25.8639
2957,-47.99013363139032,-25.8639
2958,-49.36958242680849,-25.8639
2959,-46.39640515608954,-25.8639
2960,-49.12726763856842,-25.8639
2961,-49.0870912947123,-25.8639
2962,-44.4988457636839,-25.8639
2963,-49.25140669445601,-25.8639
2964,-44.52077650409892,-25.8639
2965,-43.9697606247655,-25.8639
2966,-41.32792503627779,-25.8639
2967,-43.87973849722529,-25.8639
2968,-46.169597202912804,-25.8639
2969,-44.72123372089143,-25.8639
2970,-42.59166378290851,-25.8639
2971,-46.017041864738445,-25.8639
2972,-46.846270649298006,-25.8639
2973,-45.73117469543547,-25.8639
2974,-42.65430664944361,-25.8639
2975,-43.62220184720929,-25.8639
2976,-40.540542547744785,-25.8639
2977,-43.15422017045855,-25.8639
2978,-43.38652999737752,-25.8639
2979,-45.237898751786325,-25.8639
2980,-42.73893645978273,-25.8639
2981,-37.675845825706,-25.8639
2982,-41.82173553551781,-25.8639
2983,-41.40254831723279,-25.8639
2984,-43.15758901908312,-25.8639
2985,-41.24533418631259,-25.8639
2986,-40.50133409252646,-25.8639
2987,-41.33788849600763,-25.8639
2988,-41.51046288559762,-25.8639
2989,-37.51710264815734,-25.8639
2990,-38.27628738224745,-25.8639
2991,-35.13642371180446,-25.8639
2992,-34.716630308088625,-25.8639
2993,-39.73300007743888,-25.8639
2994,-38.808760509031195,-25.8639
2995,-39.137529879262345,-25.8639
2996,-39.12841966031086,-25.8639
2997,-37.5173237247176,-25.8639
2998,-33.86368968270429,-25.8639
2999,-33.51414642039732,-25.8639
3000,-35.288455161781094,-25.8639
3001,-29.43211557444434,-25.8639
3002,-36.14789412960849,-25.8639
3003,-32.747764918050954,-25.8639
3004,-35.408862636144406,-25.8639
3005,-35.30994066811531,-25.8639
3006,-29.551418414980052,-25.8639
3007,-30.04597227205558,-25.8639
3008,-35.24079278461581,-25.8639
3009,-37.41113437228462,-25.8639
3010,-36.939958388785094,-25.8639
3011,-34.718757842569566,-25.8639
3012,-38.23923802326083,-25.8639
3013,-39.02275553543192,-25.8639
3014,-42.10941044900053,-25.8639
3015,-42.65991364456485,-25.8639
3016,-40.75379064120081,-25.8639
3017,-35.920380847107694,-25.8639
3018,-40.907659409994196,-25.8639
3019,-39.15123763965091,-25.8639
3020,-39.31910070127141,-25.8639
3021,-39.48768990513598,-25.8639
3022,-40.68185500645224,-25.8639
3023,-38.58506169771158,-25.8639
3024,-39.93626606338733,-25.8639
3025,-36.088002844539886,-25.8639
3026,-38.17385974197792,-25.8639
3027,-37.422630698439946,-25.8639
3028,-40.45569135712035,-25.8639
3029,-42.13635223500251,-25.8639
3030,-41.11135831370581,-25.8639
3031,-39.35821218353483,-25.8639
3032,-40.08625200229554,-25.8639
3033,-41.138732480428466,-25.8639
3034,-42.28357787868869,-25.8639
3035,-42.136678082872095,-25.8639
3036,-41.67052574919255,-25.8639
3037,-40.99239689658786,-25.8639
3038,-38.07986420422632,-25.8639
3039,-39.02809574633501,-25.8639
3040,-39.779194160606636,-25.8639
3041,-39.90397641478203,-25.8639
3042,-40.37889180126838,-25.8639
3043,-34.33824316389759,-25.8639
3044,-39.70895286794291,-25.8639
3045,-36.992736373127364,-25.8639
3046,-36.138309962237294,-25.8639
3047,-40.59749796285431,-25.8639
3048,-37.939943871385076,-25.8639
3049,-39.05990776693288,-25.8639
3050,-41.84638921062274,-25.8639
3051,-38.953673740860815,-25.8639
3052,-40.26898000360815,-25.8639
3053,-37.951240792415575,-25.8639
3054,-38.10879640292636,-25.8639
3055,-39.57141332426115,-25.8639
3056,-38.51037905452367,-25.8639
3057,-38.163877630697336,-25.8639
3058,-40.38528310606723,-25.8639
3059,-37.134937021058306,-25.8639
3060,-38.06519872912557,-25.8639
3061,-39.46703746514474,-25.8639
3062,-41.067698084386336,-25.8639
3063,-39.53769744847682,-25.8639
3064,-40.8179477677415,-25.8639
3065,-41.48484367273262,-25.8639
3066,-41.16276585780813,-25.8639
3067,-39.33909351072014,-25.8639
3068,-39.556737196112174,-25.8639
3069,-39.151293369802616,-25.8639
3070,-40.00653024251299,-25.8639
3071,-38.799972582173915,-25.8639
3072,-39.36440711542154,-25.8639
3073,-38.19341530375334,-25.8639
3074,-37.730404840032705,-25.8639
3075,-36.8120307765292,-25.8639
3076,-37.44049896237287,-25.8639
3077,-40.626352902856944,-25.8639
3078,-39.79577974412609,-25.8639
3079,-39.59262995811123,-25.8639
3080,-35.88493688736315,-25.8639
3081,-38.92635340979942,-25.8639
3082,-37.98052705171473,-25.8639
3083,-38.82743317482983,-25.8639
3084,-39.20109319200415,-25.8639
3085,-41.57451569474178,-25.8639
3086,-37.31346175779472,-25.8639
3087,-38.07559756849876,-25.8639
3088,-39.14047224341094,-25.8639
3089,-38.22856222985395,-25.8639
3090,-40.286310574075195,-25.8639
3091,-38.13259258818101,-25.8639
3092,-38.33000848673525,-25.8639
3093,-37.9603838689131,-25.8639
3094,-39.65448236532841,-25.8639
3095,-40.407075793964474,-25.8639
3096,-39.80741523722776,-25.8639
3097,-38.801429953968515,-25.8639
3098,-37.98008660576723,-25.8639
3099,-39.511108817867935,-25.8639
3100,-40.16582101825114,-25.8639
3101,-39.43613031104455,-25.8639
3102,-37.6311026406255,-25.8639
3103,-39.253467527560375,-25.8639
3104,-39.778939877172064,-25.8639
3105,-37.13709265420722,-25.8639
3106,-39.40858717993282,-25.8639
3107,-40.2004764794261,-25.8639
3108,-41.43632811793367,-25.8639
3109,-40.76685488080319,-25.8639
3110,-40.226134214801554,-25.8639
3111,-39.938723019128595,-25.8639
3112,-40.72156217884222,-25.8639
3113,-37.59694464786205,-25.8639
3114,-38.2742200175971,-25.8639
3115,-38.041147092388535,-25.8639
3116,-40.495109637683704,-25.8639
3117,-41.28802473735581,-25.8639
3118,-39.79379135534615,-25.8639
3119,-34.800599581365525,-25.8639
3120,-34.3264968492394,-25.8639
3121,-33.97262224649276,-25.8639
3122,-32.3440181926529,-25.8639
3123,-37.730852563266694,-25.8639
3124,-34.873997074490795,-25.8639
3125,-33.56311527419638,-25.8639
3126,-35.23142285068635,-25.8639
3127,-33.83232852518425,-25.8639
3128,-35.383621692049466,-25.8639
3129,-35.28887995062806,-25.8639
3130,-33.13436148760803,-25.8639
3131,-35.84402923334408,-25.8639
3132,-35.49088089867458,-25.8639
3133,-31.258490186847766,-25.8639
3134,-34.11274308404862,-25.8639
3135,-28.206555412991907,-25.8639
3136,-29.09582533683691,-25.8639
3137,-32.50827483179472,-25.8639
3138,-34.57614930921568,-25.8639
3139,-29.73954704850112,-25.8639
3140,-29.473078414281296,-25.8639
3141,-31.671656278673403,-25.8639
3142,-35.89193820449383,-25.8639
3143,-30.795006445123427,-25.8639
3144,-33.62983922879559,-25.8639
3145,-33.79735705452737,-25.8639
3146,-35.68327732822774,-25.8639
3147,-33.32595887382056,-25.8639
3148,-37.02291352005616,-25.8639
3149,-35.78021173503962,-25.8639
3150,-34.076732477629335,-25.8639
3151,-35.67715892705635,-25.8639
3152,-33.06163909999548,-25.8639
3153,-34.06220283068499,-25.8639
3154,-33.63741990420125,-25.8639
3155,-31.082865034385172,-25.8639
3156,-30.502105970880876,-25.8639
3157,-29.868438052823436,-25.8639
3158,-24.981128820750538,-25.8639
3159,-34.290030271147444,-25.8639
3160,-27.90758782391645,-25.8639
3161,-33.821519200313254,-25.8639
3162,-34.50033368940627,-25.8639
3163,-32.323630768757006,-25.8639
3164,-36.69472663476269,-25.8639
3165,-35.87508311390745,-25.8639
3166,-35.45112335292329,-25.8639
3167,-33.240609108288666,-25.8639
3168,-34.75513546857643,-25.8639
3169,-34.27700756941925,-25.8639
3170,-34.619779855046616,-25.8639
3171,-36.25433994265129,-25.8639
3172,-34.368115704735104,-25.8639
3173,-31.506513052177574,-25.8639
3174,-30.541255199252767,-25.8639
3175,-35.836715531006035,-25.8639
3176,-33.79693347060539,-25.8639
3177,-35.24422437873801,-25.8639
3178,-34.00354863054205,-25.8639
3179,-32.26284006416233,-25.8639
3180,-34.53173244459683,-25.8639
3181,-33.459397410041596,-25.8639
3182,-33.263179336998796,-25.8639
3183,-34.655039451762164,-25.8639
3184,-33.71908809085382,-25.8639
3185,-31.34199610859308,-25.8639
3186,-33.882700593005204,-25.8639
3187,-30.536435243413802,-25.8639
3188,-32.34785336231234,-25.8639
3189,-33.2750063872447,-25.8639
3190,-31.993222025021378,-25.8639
3191,-36.120140387806885,-25.8639
3192,-31.700478378503046,-25.8639
3193,-34.52090154811964,-25.8639
3194,-32.80394220219331,-25.8639
3195,-34.59036695302166,-25.8639
3196,-29.862263772627458,-25.8639
3197,-28.980840091636356,-25.8639
3198,-32.96064556551173,-25.8639
3199,-31.95416753288706,-25.8639
3200,-31.226034434688792,-25.8639
3201,-33.00807306857195,-25.8639
3202,-30.042146845548704,-25.8639
3203,-32.720797692690084,-25.8639
3204,-31.457024734568027,-25.8639
3205,-37.34637651788876,-25.8639
3206,-29.206141979919895,-25.8639
3207,-28.960016160293943,-25.8639
3208,-28.743261493454675,-25.8639
3209,-26.167768856605257,-25.8639
3210,-25.38954177347275,-25.8639
3211,-28.37516029500926,-25.8639
3212,-33.825039644985665,-25.8639
3213,-34.838745358247635,-25.8639
3214,-29.034017308231206,-25.8639
3215,-32.3577380752996,-25.8639
3216,-30.12536295274245,-25.8639
3217,-31.398064657884653,-25.8639
3218,-26.550972407076724,-25.8639
3219,-31.1668716519534,-25.8639
3220,-31.49940673992557,-25.8639
3221,-28.35873071478119,-25.8639
3222,-30.168496626725513,-25.8639
3223,-32.227753354099626,-25.8639
3224,-30.49678827127312,-25.8639
3225,-32.00782501916243,-25.8639
3226,-33.694191979455105,-25.8639
3227,-34.63197867252393,-25.8639
3228,-29.565809803234284,-25.8639
3229,-30.69109944974609,-25.8639
3230,-32.80559163743668,-25.8639
3231,-35.34270928324808,-25.8639
3232,-36.91824341424243,-25.8639
3233,-26.901049034481233,-25.8639
3234,-34.303994857028954,-25.8639
3235,-35.59567243608579,-25.8639
3236,-33.90228314748518,-25.8639
3237,-33.535467466938485,-25.8639
3238,-32.5512325070041,-25.8639
3239,-32.40959954738097,-25.8639
3240,-29.413167583713893,-25.8639
3241,-29.773702626911344,-25.8639
3242,-33.801362776299,-25.8639
3243,-37.79411899810197,-25.8639
3244,-40.096336507126836,-25.8639
3245,-36.84075739958384,-25.8639
3246,-37.2992990427717,-25.8639
3247,-39.90299942719539,-25.8639
3248,-40.9045516252087,-25.8639
3249,-42.03621146948686,-25.8639
3250,-34.20249497522131,-25.8639
3251,-39.29433655065633,-25.8639
3252,-34.434940064061536,-25.8639
3253,-38.65156173481328,-25.8639
3254,-37.279490721582235,-25.8639
3255,-41.50997654351173,-25.8639
3256,-38.67152953985486,-25.8639
3257,-40.21499779059812,-25.8639
3258,-39.93496340869196,-25.8639
3259,-37.94268285134623,-25.8639
3260,-31.029761605676107,-25.8639
3261,-39.494031548766976,-25.8639
3262,-38.74417471509881,-25.8639
3263,-31.584623226411416,-25.8639
3264,-38.704449087522356,-25.8639
3265,-37.152434027238954,-25.8639
3266,-38.13653688773254,-25.8639
3267,-35.458742338578816,-25.8639
3268,-29.447917705476353,-25.8639
3269,-26.04643690915796,-25.8639
3270,-30.456277805084476,-25.8639
3271,-31.822861666990924,-25.8639
3272,-32.840711753565316,-25.8639
3273,-31.825690836733145,-25.8639
3274,-34.567848156023736,-25.8639
3275,-33.68717677851321,-25.8639
3276,-33.294937851244406,-25.8639
3277,-32.79842038219911,-21.8357
3278,-34.21912214055802,-21.8357
3279,-33.80987245999128,-21.8357
3280,-33.94015799264147,-21.8357
3281,-32.501313091132474,-21.8357
3282,-32.773260293086736,-21.8357
3283,-31.707806019149597,-21.8357
3284,-36.49459052570607,-21.8357
3285,-37.40528737242887,-21.8357
3286,-36.15088340193139,-21.8357
3287,-36.59022598633999,-21.8357
3288,-34.90046747612139,-21.8357
3289,-36.857102652223624,-21.8357
3290,-35.571050458710026,-21.8357
3291,-33.453797116851426,-21.8357
3292,-36.47619330027138,-21.8357
3293,-34.195324144847376,-21.8357
3294,-34.578010883661534,-21.8357
3295,-36.2423888075182,-21.8357
3296,-36.48622090706484,-21.8357
3297,-32.66520266362856,-21.8357
3298,-35.01271927434431,-21.8357
3299,-31.44320546580022,-21.8357
3300,-33.696073688090756,-21.8357
3301,-36.285836210010395,-21.8357
3302,-34.46632968723816,-21.8357
3303,-35.341414712616995,-21.8357
3304,-36.91932593177094,-21.8357
3305,-36.064635715406695,-21.8357
3306,-36.04705646656501,-21.8357
3307,-32.012472660296254,-21.8357
3308,-35.43323211256016,-21.8357
3309,-35.86994218464005,-21.8357
3310,-35.29942110921625,-21.8357
3311,-34.43262755204448,-21.8357
3312,-32.172956649603876,-21.8357
3313,-36.36094068122925,-21.8357
3314,-35.17035537956238,-21.8357
3315,-37.02722346617924,-21.8357
3316,-37.197179828917115,-21.8357
3317,-35.8974244511024,-21.8357
3318,-34.42877173660572,-21.8357
3319,-36.933164504332744,-21.8357
3320,-35.766137689957176,-21.8357
3321,-36.40784944536584,-21.8357
3322,-34.95266217142274,-21.8357
3323,-37.07484182768119,-21.8357
3324,-37.47318038357322,-21.8357
3325,-35.863403231204025,-21.8357
3326,-37.08435645898372,-21.8357
3327,-37.99919284426664,-21.8357
3328,-35.50446927419725,-21.8357
3329,-36.99171069600362,-21.8357
3330,-38.11140220456476,-21.8357
3331,-37.28723749275632,-21.8357
3332,-36.61964881726541,-21.8357
3333,-36.596852654349746,-21.8357
3334,-36.897111416081486,-21.8357
3335,-37.83617656921139,-21.8357
3336,-35.60852282001479,-21.8357
3337,-37.02658124992958,-21.8357
3338,-35.08796711348963,-21.8357
3339,-34.20406390131225,-21.8357
3340,-33.47126059712844,-21.8357
3341,-36.40619155728604,-21.8357
3342,-33.10145381259352,-21.8357
3343,-34.13054472598397,-21.8357
3344,-33.500940252276244,-21.8357
3345,-33.94233215214963,-21.8357
3346,-30.255088664490298,-21.8357
3347,-32.64320328384984,-21.8357
3348,-33.404223757279745,-21.8357
3349,-32.28857047411474,-21.8357
3350,-31.839827945074145,-21.8357
3351,-32.77034839950413,-21.8357
3352,-36.39993775954964,-21.8357
3353,-34.78532624606582,-21.8357
3354,-34.540702123748744,-21.8357
3355,-32.85487177573489,-21.8357
3356,-35.62231575036134,-21.8357
3357,-33.73551278237158,-21.8357
3358,-37.139028796792374,-21.8357
3359,-36.19375569800756,-21.8357
3360,-36.220186670321425,-21.8357
3361,-34.923516888676154,-21.8357
3362,-33.29194715724088,-21.8357
3363,-33.857408310456215,-21.8357
3364,-33.40945955451013,-21.8357
3365,-31.06389245970935,-21.8357
3366,-34.11316236302609,-21.8357
3367,-33.39337623199909,-21.8357
3368,-30.87508750517983,-21.8357
3369,-30.348900317052564,-21.8357
3370,-30.703809576484403,-21.8357
3371,-34.06537534043346,-21.8357
3372,-36.22994358413297,-21.8357
3373,-32.605408654128425,-21.8357
3374,-34.92514822017433,-21.8357
3375,-31.2648809076591,-21.8357
3376,-29.59329506211205,-21.8357
3377,-24.52875035209931,-21.8357
3378,-29.107912848187215,-21.8357
3379,-30.529173187286943,-21.8357
3380,-29.09601503051476,-21.8357
3381,-31.316251212397937,-21.8357
3382,-37.08272395157949,-21.8357
3383,-38.20958352357909,-21.8357
3384,-34.26905797843145,-21.8357
3385,-34.90344953577746,-21.8357
3386,-36.82240186847203,-21.8357
3387,-40.24876619953779,-21.8357
3388,-37.18412805087293,-21.8357
3389,-36.92462720253044,-21.8357
3390,-34.9635582453474,-21.8357
3391,-34.266472811623764,-21.8357
3392,-33.90841993543364,-21.8357
3393,-35.150410934921304,-21.8357
3394,-35.329618483190956,-21.8357
3395,-31.19173564561656,-21.8357
3396,-37.445435726458086,-21.8357
3397,-31.4722090284874,-21.8357
3398,-37.02832707162452,-21.8357
3399,-33.5033278872753,-21.8357
3400,-36.10145512235269,-21.8357
3401,-37.50931481413834,-21.8357
3402,-32.631629844222644,-21.8357
3403,-35.665191503874595,-21.8357
3404,-36.092930756563185,-21.8357
3405,-34.2451250118742,-21.8357
3406,-29.72748103967449,-21.8357
3407,-33.29818779775713,-21.8357
3408,-38.76519833280194,-21.8357
3409,-40.96177074548586,-21.8357
3410,-35.873111415156245,-21.8357
3411,-36.953926454633795,-21.8357
3412,-38.34012652586394,-21.8357
3413,-36.68628144517498,-21.8357
3414,-36.0553558735586,-21.8357
3415,-36.550951563705986,-21.8357
3416,-32.647299605176826,-21.8357
3417,-36.383755544936975,-21.8357
3418,-35.00346374421508,-21.8357
3419,-32.952705228481435,-21.8357
3420,-29.92362306744093,-21.8357
3421,-36.006339516615235,-21.8357
3422,-35.504688129628974,-21.8357
3423,-36.08836380180181,-21.8357
3424,-37.18571320464315,-21.8357
3425,-38.343861013689505,-21.8357
3426,-38.523578621702285,-21.8357
3427,-36.84778225361655,-21.8357
3428,-35.661897912237364,-21.8357
3429,-31.728199701924407,-21.8357
3430,-33.05937235180841,-21.8357
3431,-34.856496827881934,-21.8357
3432,-35.322245620996,-21.8357
3433,-34.253329502180655,-21.8357
3434,-37.64894604097801,-21.8357
3435,-37.55695483731217,-21.8357
3436,-35.41484485705824,-21.8357
3437,-36.96576271699391,-21.8357
3438,-37.09612842856352,-21.8357
3439,-35.69740039713419,-21.8357
3440,-37.30234012832568,-21.8357
3441,-36.59916631613552,-21.8357
3442,-37.33207929924789,-21.8357
3443,-37.22440893123499,-21.8357
3444,-37.91504464496043,-21.8357
3445,-36.49984661035398,-21.8357
3446,-35.50827480851439,-21.8357
3447,-34.37059617999422,-21.8357
3448,-37.838634298493496,-21.8357
3449,-34.38434824006406,-21.8357
3450,-35.6288789310138,-21.8357
3451,-35.669146348384785,-21.8357
3452,-28.87949157939961,-21.8357
3453,-34.02009348231373,-21.8357
3454,-33.45642439991306,-21.8357
3455,-31.839103089562766,-21.8357
3456,-36.83752041487819,-21.8357
3457,-35.711266509521835,-21.8357
3458,-37.18798760694872,-21.8357
3459,-35.173729747974704,-21.8357
3460,-34.121290935608314,-21.8357
3461,-34.21880095394668,-21.8357
3462,-36.892476482562685,-21.8357
3463,-34.17056189523572,-21.8357
3464,-34.125651894331526,-21.8357
3465,-36.01984008778946,-21.8357
3466,-36.31444385839182,-21.8357
3467,-35.80070036700194,-21.8357
3468,-36.29116059551793,-21.8357
3469,-35.39472169953371,-21.8357
3470,-33.63531799194184,-21.8357
3471,-35.48643781989844,-21.8357
3472,-34.14937115770965,-21.8357
3473,-36.08284701421481,-21.8357
3474,-34.614537173509795,-21.8357
3475,-35.30971726947241,-21.8357
3476,-35.218153315478745,-21.8357
3477,-36.42509659246864,-21.8357
3478,-36.17791557186321,-21.8357
3479,-35.18954515788577,-21.8357
3480,-36.51585863589292,-21.8357
3481,-35.07281510409055,-21.8357
3482,-35.26062584834341,-21.8357
3483,-32.475841030976596,-21.8357
3484,-34.55147067077969,-21.8357
3485,-35.66730033886999,-21.8357
3486,-33.73856775217872,-21.8357
3487,-34.77104513871946,-21.8357
3488,-35.52296096118765,-21.8357
3489,-35.80971135577938,-21.8357
3490,-36.48753433753598,-21.8357
3491,-33.59369857752035,-21.8357
3492,-32.40931098965006,-21.8357
3493,-33.12472754769358,-21.8357
3494,-33.67364827767953,-21.8357
3495,-33.708187361347626,-21.8357
3496,-35.20973371797672,-21.8357
3497,-34.3013740574045,-21.8357
3498,-33.15929482848225,-21.8357
3499,-33.55671659100561,-21.8357
3500,-32.8458141889313,-21.8357
3501,-35.6837747523759,-21.8357
3502,-37.61577828900608,-21.8357
3503,-33.499390545058056,-21.8357
3504,-36.744630159769955,-21.8357
3505,-29.356645646302248,-21.8357
3506,-37.052040238761165,-21.8357
3507,-34.59113408073489,-21.8357
3508,-33.13883630475933,-21.8357
3509,-32.94522398632114,-21.8357
3510,-31.70054722690427,-21.8357
3511,-30.869134826511512,-21.8357
3512,-32.09466346426159,-21.8357
3513,-36.635162149544314,-21.8357
3514,-32.02491995679364,-21.8357
3515,-32.662071814074224,-21.8357
3516,-37.78125441310871,-21.8357
3517,-36.43450562520002,-21.8357
3518,-35.42549486173818,-21.8357
3519,-29.89719733857403,-21.8357
3520,-34.49232144854511,-21.8357
3521,-35.669971928051,-21.8357
3522,-35.33730538835934,-21.8357
3523,-31.306951363647823,-21.8357
3524,-33.273548384706416,-21.8357
3525,-30.31898794643009,-21.8357
3526,-33.74251763875609,-21.8357
3527,-32.59387720043692,-21.8357
3528,-30.7771863252255,-21.8357
3529,-29.279094401447857,-21.8357
3530,-33.460839604850456,-21.8357
3531,-36.070501279727914,-21.8357
3532,-31.772037093631088,-21.8357
3533,-31.243688871126864,-21.8357
3534,-36.02358897566843,-21.8357
3535,-30.45845739861697,-21.8357
3536,-34.86229052333192,-21.8357
3537,-36.65438054291506,-21.8357
3538,-34.74120195008435,-21.8357
3539,-32.15914196518114,-21.8357
3540,-33.34808780495278,-21.8357
3541,-35.53584878395874,-21.8357
3542,-34.652838483489916,-21.8357
3543,-37.59477086081591,-21.8357
3544,-32.18911516371661,-21.8357
3545,-33.42390468472315,-21.8357
3546,-37.28480421765474,-21.8357
3547,-34.35268244026385,-21.8357
3548,-29.822096397842014,-21.8357
3549,-38.145276787107115,-21.8357
3550,-31.926595247173054,-21.8357
3551,-30.182556316221607,-21.8357
3552,-28.176350419601768,-21.8357
3553,-34.74075886925978,-21.8357
3554,-33.1586749953222,-21.8357
3555,-33.98525811400278,-21.8357
3556,-34.1700639468512,-21.8357
3557,-32.73269248471403,-21.8357
3558,-29.483666959105758,-21.8357
3559,-28.887041019574685,-21.8357
3560,-27.171845281154766,-21.8357
3561,-32.33159277523699,-21.8357
3562,-32.93007011647782,-21.8357
3563,-32.66018437552565,-21.8357
3564,-32.184615291131294,-21.8357
3565,-31.846252896395328,-21.8357
3566,-31.0486247288084,-21.8357
3567,-31.550152480245586,-21.8357
3568,-28.576666139669662,-21.8357
3569,-32.53393307592958,-21.8357
3570,-32.62565851994922,-21.8357
3571,-30.288297156228452,-21.8357
3572,-30.733442898397392,-21.8357
3573,-32.34440533038039,-21.8357
3574,-29.92881677562718,-21.8357
3575,-29.386600102111487,-21.8357
3576,-24.657699070066847,-21.8357
3577,-31.897980886322934,-21.8357
3578,-29.287400564021343,-21.8357
3579,-26.369452975663975,-21.8357
3580,-27.13867384975419,-21.8357
3581,-24.960961240478955,-21.8357
3582,-19.378147858448735,-21.8357
3583,-23.873258363776454,-21.8357
3584,-24.38242028960786,-21.8357
3585,-27.15021955996375,-21.8357
3586,-25.52849404849367,-21.8357
3587,-28.085987285411896,-21.8357
3588,-24.48634555652514,-21.8357
3589,-27.461732534402255,-21.8357
3590,-29.57572021505505,-21.8357
3591,-18.56921939574446,-21.8357
3592,-25.432898993890845,-21.8357
3593,-23.990608615223408,-21.8357
3594,-22.610161489684586,-21.8357
3595,-22.2647964718091,-21.8357
3596,-17.604522722515867,-21.8357
3597,-15.082241705038157,-21.8357
3598,-17.664573944657818,-21.8357
3599,-20.501658003797466,-21.8357
3600,-19.417625162384812,-21.8357
3601,-23.954884965912164,-21.8357
3602,-19.21971275724928,-21.8357
3603,-20.6847749512739,-21.8357
3604,-19.907649650360018,-21.8357
3605,-15.546241949371458,-21.8357
3606,-21.326257892360502,-21.8357
3607,-22.89107552664926,-21.8357
3608,-18.301930152901914,-21.8357
3609,-17.145302906139495,-21.8357
3610,-12.195619189148964,-21.8357
3611,-16.218597832983143,-21.8357
3612,-19.368915709479065,-21.8357
3613,-16.44714576971554,-21.8357
3614,-18.40650372736779,-21.8357
3615,-25.533893602492643,-21.8357
3616,-23.519198512990982,-21.8357
3617,-20.24930979409405,-21.8357
3618,-16.137077427819946,-21.8357
3619,-19.09475696643655,-21.8357
3620,-15.876179087259157,-21.8357
3621,-15.079044077164385,-21.8357
3622,-16.784426005574424,-21.8357
3623,-18.844643387617886,-21.8357
3624,-18.471370364198176,-21.8357
3625,-16.316102559887938,-21.8357
3626,-19.740315012647766,-21.8357
3627,-19.737604592565315,-21.8357
3628,-19.14911546828717,-21.8357
3629,-17.96936920572143,-21.8357
3630,-17.72889063382204,-21.8357
3631,-19.482809153043764,-21.8357
3632,-20.115418117995787,-21.8357
3633,-16.78822245422873,-21.8357
3634,-18.526667108392253,-21.8357
3635,-16.659979580424938,-21.8357
3636,-18.912464714134632,-21.8357
3637,-18.86265336744755,-21.8357
3638,-15.844784651308014,-21.8357
3639,-15.39585932740184,-21.8357
3640,-18.03429567410585,-21.8357
3641,-16.144476270003803,-21.8357
3642,-15.291226488822257,-21.8357
3643,-14.386523501540145,-21.8357
3644,-15.035283190538788,-21.8357
3645,-14.434414931408906,-21.8357
3646,-16.215963826751857,-21.8357
3647,-16.64072355256539,-21.8357
3648,-16.373689489017217,-21.8357
3649,-16.834438870727045,-21.8357
3650,-18.69200217583813,-21.8357
3651,-17.321716073375992,-21.8357
3652,-14.930606222937055,-21.8357
3653,-18.246211026009174,-21.8357
3654,-21.4382325123673,-21.8357
3655,-21.495596925312,-21.8357
3656,-16.10050592514905,-21.8357
3657,-19.086116062268506,-21.8357
3658,-20.74329840138595,-21.8357
3659,-21.525415924831044,-21.8357
3660,-18.910086449114672,-21.8357
3661,-22.0203202362856,-21.8357
3662,-20.83563287326293,-21.8357
3663,-16.106175434230195,-21.8357
3664,-24.052155525263508,-21.8357
3665,-19.764980504416542,-21.8357
3666,-21.39136370620909,-21.8357
3667,-16.130192683326257,-21.8357
3668,-21.488285745701422,-21.8357
3669,-20.230614116749447,-21.8357
3670,-17.54691044303039,-21.8357
3671,-16.28944519654343,-21.8357
3672,-21.673403545440276,-21.8357
3673,-21.865242113270945,-21.8357
3674,-16.038023331305787,-21.8357
3675,-16.177114044371613,-21.8357
3676,-22.272855908872696,-21.8357
3677,-22.93287574296666,-21.8357
3678,-21.764262659708127,-21.8357
3679,-21.0272384431298,-21.8357
3680,-22.729280421472367,-21.8357
3681,-21.057900488076694,-21.8357
3682,-20.86309714630221,-21.8357
3683,-20.637373764826755,-21.8357
3684,-22.944745579175493,-21.8357
3685,-15.12729722989793,-21.8357
3686,-23.71968939131619,-21.8357
3687,-23.44959535833627,-21.8357
3688,-21.922540981175423,-21.8357
3689,-21.915534477104295,-21.8357
3690,-23.20127537077109,-21.8357
3691,-22.195630587747154,-21.8357
3692,-24.41577465839338,-21.8357
3693,-17.841463122114167,-21.8357
3694,-22.840758437695644,-21.8357
3695,-20.16539161320764,-21.8357
3696,-21.30094407547852,-21.8357
3697,-19.12745835426699,-21.8357
3698,-20.42960667845209,-21.8357
3699,-15.55666658221702,-21.8357
3700,-16.78558645688712,-21.8357
3701,-19.438795370783232,-21.8357
3702,-20.62964765644682,-21.8357
3703,-20.678802528594403,-21.8357
3704,-19.861071968683575,-21.8357
3705,-19.001901918054006,-21.8357
3706,-19.098664453299065,-21.8357
3707,-20.500682240188382,-21.8357
3708,-20.370731728854807,-21.8357
3709,-14.772397746235171,-21.8357
3710,-16.0807065270274,-21.8357
3711,-21.30887716614643,-21.8357
3712,-20.32922559433341,-21.8357
3713,-20.545665435672667,-21.8357
3714,-20.574269261165586,-21.8357
3715,-19.59703017936352,-21.8357
3716,-19.73884081790388,-21.8357
3717,-20.062045158109516,-21.8357
3718,-19.25034141246448,-21.8357
3719,-15.934143045468376,-21.8357
3720,-15.252501786697161,-21.8357
3721,-19.165008933007087,-21.8357
3722,-16.110518091620488,-21.8357
3723,-13.306329386246155,-21.8357
3724,-13.384526808373362,-21.8357
3725,-10.720141860620762,-21.8357
3726,-15.378983771049935,-21.8357
3727,-14.010276815440058,-21.8357
3728,-18.202090779034528,-21.8357
3729,-14.824142951658486,-21.8357
3730,-14.409342656556682,-21.8357
3731,-12.74191126303153,-21.8357
3732,-13.558426667128336,-21.8357
3733,-17.093116561046052,-21.8357
3734,-20.893328022527843,-21.8357
3735,-19.970299537409588,-21.8357
3736,-21.06528795080763,-21.8357
3737,-24.80566371741045,-21.8357
3738,-20.576253819952623,-21.8357
3739,-20.24029583490417,-21.8357
3740,-20.581283564983487,-21.8357
3741,-22.08250698538135,-21.8357
3742,-22.060058077535786,-21.8357
3743,-22.18738084158818,-21.8357
3744,-14.415154895241972,-21.8357
3745,-20.29549300726524,-21.8357
3746,-26.42860359964677,-21.8357
3747,-22.07269984694445,-21.8357
3748,-25.97272840067236,-21.8357
3749,-15.975084309785345,-21.8357
3750,-15.953707527012085,-21.8357
3751,-17.84536283441351,-21.8357
3752,-18.37115061720909,-21.8357
3753,-16.76421357587293,-21.8357
3754,-17.614408694737637,-21.8357
3755,-16.8673830804981,-21.8357
3756,-19.660354009266186,-21.8357
3757,-19.9164243198925,-21.8357
3758,-19.584813548048267,-21.8357
3759,-16.859157876296027,-21.8357
3760,-19.169634093048447,-21.8357
3761,-13.17855354096811,-21.8357
3762,-15.560737604187212,-21.8357
3763,-19.28958789876355,-21.8357
3764,-18.764671191048436,-21.8357
3765,-15.617517127681126,-21.8357
3766,-19.778743767202684,-21.8357
3767,-20.385161138969828,-21.8357
3768,-19.84490246788392,-21.8357
3769,-15.508803791937723,-21.8357
3770,-21.09252237736255,-21.8357
3771,-19.435392804723964,-21.8357
3772,-20.38261547652878,-21.8357
3773,-17.24709821599363,-21.8357
3774,-21.881350352734344,-21.8357
3775,-17.169835915455348,-21.8357
3776,-19.320926073126564,-21.8357
3777,-18.830113400534817,-21.8357
3778,-16.4868365425201,-21.8357
3779,-15.820144643688232,-21.8357
3780,-17.2341604676252,-21.8357
3781,-20.00581843016,-21.8357
3782,-17.10525422880513,-21.8357
3783,-14.336958157433022,-21.8357
3784,-16.937770376682344,-21.8357
3785,-21.906405840196253,-21.8357
3786,-21.653106743103606,-21.8357
3787,-21.886862233745287,-21.8357
3788,-21.006044794412034,-21.8357
3789,-21.776837294550916,-21.8357
3790,-22.532471715646608,-21.8357
3791,-22.852031585686152,-21.8357
3792,-18.366332236688805,-21.8357
3793,-17.20574766347157,-21.8357
3794,-21.572240418976875,-21.8357
3795,-20.540858776902724,-21.8357
3796,-20.10210699750718,-21.8357
3797,-21.385759627848376,-21.8357
3798,-21.725419150923962,-21.8357
3799,-20.24392824454148,-21.8357
3800,-20.57967173732594,-21.8357
3801,-19.9229764265284,-21.8357
3802,-21.42549104411732,-21.8357
3803,-20.149034633907597,-21.8357
3804,-17.578575468063796,-21.8357
3805,-19.504910671537314,-21.8357
3806,-19.190875938967622,-21.8357
3807,-21.1360674073117,-21.8357
3808,-20.839466840391125,-21.8357
3809,-19.149207409891083,-21.8357
3810,-22.788165721097684,-21.8357
3811,-22.461098418249158,-21.8357
3812,-21.190645817715875,-21.8357
3813,-20.929633388240205,-21.8357
3814,-24.751707587339133,-21.8357
3815,-20.811893976034483,-21.8357
3816,-17.26952557743439,-21.8357
3817,-20.055851730653202,-21.8357
3818,-19.03049170124518,-21.8357
3819,-22.33706124593022,-21.8357
3820,-21.299231035193404,-21.8357
3821,-22.692320116116647,-21.8357
3822,-21.29653725562141,-21.8357
3823,-20.19780935798458,-21.8357
3824,-19.318867004050347,-21.8357
3825,-21.570370244204817,-21.8357
3826,-21.61025387254228,-21.8357
3827,-22.483118132184885,-21.8357
3828,-20.44022403942308,-21.8357
3829,-20.084791708529252,-21.8357
3830,-19.87698571537051,-21.8357
3831,-20.654694390815717,-21.8357
3832,-22.02596290253358,-21.8357
3833,-21.419806164291973,-21.8357
3834,-19.38063967273993,-21.8357
3835,-21.351122319234427,-21.8357
3836,-23.08980847074882,-21.8357
3837,-23.87573904277916,-21.8357
3838,-21.352101033308188,-21.8357
3839,-19.143020303858776,-21.8357
3840,-21.60992562230713,-21.8357
3841,-21.43553734413448,-21.8357
3842,-20.289453719880797,-21.8357
3843,-21.38609608124728,-21.8357
3844,-17.03367165255476,-21.8357
3845,-20.51997367041341,-21.8357
3846,-21.372307357288975,-21.8357
3847,-21.767972791061744,-21.8357
3848,-19.522868411833862,-21.8357
3849,-17.816532124868083,-21.8357
3850,-19.200151074096997,-21.8357
3851,-22.172811233362406,-21.8357
3852,-21.17931141309628,-21.8357
3853,-20.074354624012493,-21.8357
3854,-22.904129505973497,-21.8357
3855,-22.175973452416425,-21.8357
3856,-18.073320208456845,-21.8357
3857,-19.01159388939389,-21.8357
3858,-19.477189310032013,-21.8357
3859,-18.584590214408692,-21.8357
3860,-16.439053241047866,-21.8357
3861,-19.178145026282706,-21.8357
3862,-22.390420734288135,-21.8357
3863,-17.445243398505312,-21.8357
3864,-23.48274971980127,-21.8357
3865,-20.65527210784819,-21.8357
3866,-22.24855472692579,-21.8357
3867,-20.99611365930027,-21.8357
3868,-21.848142925120403,-21.8357
3869,-23.119884548206706,-21.8357
3870,-22.64223811100471,-21.8357
3871,-17.929194497095867,-21.8357
3872,-22.250778089707985,-21.8357
3873,-21.893932917462955,-21.8357
3874,-20.840797398296864,-21.8357
3875,-22.11730858273597,-21.8357
3876,-24.566339896415084,-21.8357
3877,-25.029733232503904,-21.8357
3878,-22.400993560768086,-21.8357
3879,-24.471718214000017,-21.8357
3880,-27.90279122820321,-21.8357
3881,-24.046997296325472,-21.8357
3882,-26.476815061780115,-21.8357
3883,-29.77253591752583,-21.8357
3884,-27.88614861425777,-21.8357
3885,-25.595035639921267,-21.8357
3886,-24.502487873314458,-21.8357
3887,-27.10993130309465,-21.8357
3888,-28.197458056299254,-21.8357
3889,-28.307372377766832,-21.8357
3890,-30.25560093433373,-21.8357
3891,-28.64114188817822,-21.8357
3892,-32.448700808789404,-21.8357
3893,-30.913005503453483,-21.8357
3894,-30.551489517604683,-21.8357
3895,-32.630811228945255,-21.8357
3896,-31.63922719820426,-21.8357
3897,-29.964492335521452,-21.8357
3898,-31.34913104529229,-21.8357
3899,-28.938275807071445,-21.8357
3900,-31.367447195605113,-21.8357
3901,-33.2777778650883,-21.8357
3902,-31.69431115274271,-21.8357
3903,-31.894048727201767,-21.8357
3904,-28.76584889034553,-21.8357
3905,-25.444893075037637,-21.8357
3906,-25.870867346311304,-21.8357
3907,-24.755534842722675,-21.8357
3908,-26.2075925848227,-21.8357
3909,-26.666007642981878,-21.8357
3910,-26.720127194104943,-21.8357
3911,-27.98016578703156,-21.8357
3912,-25.51215217431526,-21.8357
3913,-25.3260892536409,-21.8357
3914,-28.076150194000316,-21.8357
3915,-26.64212083166879,-21.8357
3916,-27.79520962119686,-21.8357
3917,-27.811665807787662,-21.8357
3918,-27.64512693601101,-21.8357
3919,-27.49780156098215,-21.8357
3920,-27.912986570343563,-21.8357
3921,-29.503173495828765,-21.8357
3922,-27.604689534925985,-21.8357
3923,-28.69828849703513,-21.8357
3924,-25.517584621557184,-21.8357
3925,-25.835831087220733,-21.8357
3926,-24.806326207490045,-21.8357
3927,-28.198874899875428,-21.8357
3928,-26.7590093753561,-21.8357
3929,-28.436860475544073,-21.8357
3930,-29.738048843980913,-21.8357
3931,-26.810413596442984,-21.8357
3932,-23.679496520027413,-21.8357
3933,-25.97451696284102,-21.8357
3934,-27.31589794054186,-21.8357
3935,-28.44657109783105,-21.8357
3936,-27.71367650044855,-21.8357
3937,-29.185608570062122,-21.8357
3938,-29.98035791813861,-21.8357
3939,-28.121298384586424,-21.8357
3940,-27.022773525827482,-21.8357
3941,-29.14639041813028,-21.8357
3942,-26.52393909795734,-21.8357
3943,-21.83978029922878,-21.8357
3944,-27.877269616432187,-21.8357
3945,-35.016628812990504,-21.8357
3946,-33.60313163791796,-21.8357
3947,-33.27986532156383,-21.8357
3948,-33.91461300929878,-21.8357
3949,-29.360168797299377,-21.8357
3950,-33.52229145849966,-21.8357
3951,-31.616293739031896,-21.8357
3952,-26.276890220949014,-21.8357
3953,-28.248397404902047,-21.8357
3954,-28.81560826682611,-21.8357
3955,-25.99456782049139,-21.8357
3956,-31.187423126385234,-21.8357
3957,-32.44948056183554,-21.8357
3958,-31.89195391677973,-21.8357
3959,-30.51288430895468,-21.8357
3960,-25.823923534483836,-21.8357
3961,-29.431298559840332,-21.8357
3962,-25.600587987987936,-21.8357
3963,-34.93131371962637,-21.8357
3964,-37.9906235707024,-21.8357
3965,-34.94511849286652,-21.8357
3966,-35.98263324304139,-21.8357
3967,-35.49988841428197,-21.8357
3968,-34.81408598713534,-21.8357
3969,-36.641548401758,-21.8357
3970,-35.19426191985316,-21.8357
3971,-34.45576825828785,-21.8357
3972,-34.84036129055725,-21.8357
3973,-36.18365428681922,-21.8357
3974,-34.533916597741545,-21.8357
3975,-33.384754153913704,-21.8357
3976,-35.653571882003796,-21.8357
3977,-33.16315799541319,-21.8357
3978,-33.98412270328922,-21.8357
3979,-37.91528077022282,-21.8357
3980,-39.306171752508924,-21.8357
3981,-37.10840273233997,-21.8357
3982,-38.02145070601903,-21.8357
3983,-37.22937415497497,-21.8357
3984,-35.08565993422418,-21.8357
3985,-35.56741844232578,-21.8357
3986,-36.37114406016673,-21.8357
3987,-39.07799930872954,-21.8357
3988,-40.39427841385678,-21.8357
3989,-40.06811140762558,-21.8357
3990,-39.28012969031956,-21.8357
3991,-42.38657328750702,-21.8357
3992,-35.622789889899465,-21.8357
3993,-34.99165469622463,-21.8357
3994,-32.36568244086846,-21.8357
3995,-32.74512659839441,-21.8357
3996,-34.39704126144769,-21.8357
3997,-38.131442631488454,-21.8357
3998,-37.07563531953661,-21.8357
3999,-38.574141465337235,-21.8357
4000,-37.903559294668256,-21.8357
4001,-36.34275807445007,-21.8357
4002,-38.8633709067292,-21.8357
4003,-37.91695139307596,-21.8357
4004,-38.46894435728369,-21.8357
4005,-37.5022626411137,-21.8357
4006,-35.975707568623285,-21.8357
4007,-37.40941097396723,-21.8357
4008,-35.57170516847572,-21.8357
4009,-35.11562040328764,-21.8357
4010,-35.13910548115341,-21.8357
4011,-34.48272131574913,-21.8357
4012,-36.059985887882824,-21.8357
4013,-37.2829663399215,-21.8357
4014,-37.90714784034617,-21.8357
4015,-37.24416318142651,-21.8357
4016,-36.654947592765616,-21.8357
4017,-36.44456601759472,-21.8357
4018,-37.739175902356884,-21.8357
4019,-35.717138212631404,-21.8357
4020,-33.609801275474034,-21.8357
4021,-33.8181441049188,-21.8357
4022,-35.69670193448248,-21.8357
4023,-38.023042079973045,-21.8357
4024,-35.78846736954119,-21.8357
4025,-37.35676899103744,-21.8357
4026,-38.086003022233605,-21.8357
4027,-38.36398567064667,-21.8357
4028,-33.929946375052104,-21.8357
4029,-36.00725824609667,-21.8357
4030,-37.306548859403804,-21.8357
4031,-35.446030341794824,-21.8357
4032,-36.98928682667181,-21.8357
4033,-37.50205663037525,-21.8357
4034,-36.3584213273218,-21.8357
4035,-35.38740621723022,-21.8357
4036,-37.605926066366834,-21.8357
4037,-37.23224817921762,-21.8357
4038,-37.4357755184344,-21.8357
4039,-35.20935390080528,-21.8357
4040,-36.344873211209254,-21.8357
4041,-36.7437106708125,-21.8357
4042,-34.42381069077931,-21.8357
4043,-34.37941483884285,-21.8357
4044,-35.34939562811709,-21.8357
4045,-38.10534151262941,-21.8357
4046,-36.318311018606074,-21.8357
4047,-37.586721871738476,-21.8357
4048,-35.820649105655875,-21.8357
4049,-37.3000696020959,-21.8357
4050,-33.797662566326274,-21.8357
4051,-36.59273840882541,-21.8357
4052,-38.405501089018465,-21.8357
4053,-34.87104983544584,-21.8357
4054,-34.64400695661118,-21.8357
4055,-34.14020469002595,-21.8357
4056,-34.4405942209545,-21.8357
4057,-35.67724407766467,-21.8357
4058,-37.696318811866156,-21.8357
4059,-37.07699681643991,-21.8357
4060,-37.9343991875578,-21.8357
4061,-35.89333864955189,-21.8357
4062,-36.280929707628495,-21.8357
4063,-33.628153089091,-21.8357
4064,-34.199699876422486,-21.8357
4065,-38.281642623067405,-21.8357
4066,-38.19374043063152,-21.8357
4067,-37.08585497352674,-21.8357
4068,-35.0547536874838,-21.8357
4069,-35.23489355838089,-21.8357
4070,-37.69454188728479,-21.8357
4071,-37.27085092492407,-21.8357
4072,-37.69626620506757,-21.8357
4073,-34.44412610501778,-21.8357
4074,-35.144467486728956,-21.8357
4075,-35.047225807555655,-21.8357
4076,-36.43143287201293,-21.8357
4077,-33.835262122879854,-21.8357
4078,-34.42242733134413,-21.8357
4079,-36.22736260780619,-21.8357
4080,-34.74021891574852,-21.8357
4081,-34.15703122572198,-21.8357
4082,-35.18958238655381,-21.8357
4083,-34.70999154194005,-21.8357
4084,-37.74105661260332,-21.8357
4085,-39.21757776550988,-21.8357
4086,-39.398767090323695,-21.8357
4087,-40.31611147242017,-21.8357
4088,-37.07502008257925,-21.8357
4089,-33.55662324673617,-21.8357
4090,-37.58063971049802,-21.8357
4091,-35.964646386965015,-21.8357
4092,-35.44333922778878,-21.8357
4093,-36.95336857130789,-21.8357
4094,-37.5865856863788,-21.8357
4095,-38.706347614880016,-21.8357
4096,-37.70986048445138,-21.8357
4097,-35.75678441315702,-21.8357
4098,-41.1773959516928,-21.8357
4099,-39.14773601753203,-21.8357
4100,-34.76716094867175,-21.8357
4101,-36.56334414992561,-21.8357
4102,-35.430760353500425,-21.8357
4103,-36.05735328254698,-21.8357
4104,-35.981363951592705,-21.8357
4105,-36.86333852989772,-21.8357
4106,-36.75793394719797,-21.8357
4107,-36.38223607785288,-21.8357
4108,-35.25505576861218,-21.8357
4109,-36.856679963620614,-21.8357
4110,-36.038440267864246,-21.8357
4111,-36.00865121545806,-21.8357
4112,-34.27076285749935,-21.8357
4113,-35.56854483468566,-21.8357
4114,-33.341702996858785,-21.8357
4115,-34.73523836810799,-21.8357
4116,-35.2478005242632,-21.8357
4117,-38.45014571543327,-21.8357
4118,-38.227166849717314,-21.8357
4119,-32.30344900278675,-21.8357
4120,-33.7488276111839,-21.8357
4121,-30.999141880126686,-21.8357
4122,-37.489493172788826,-21.8357
4123,-34.68616596157376,-21.8357
4124,-33.00249850995235,-21.8357
4125,-32.7032994372503,-21.8357
4126,-37.12610698005169,-21.8357
4127,-34.78522330934053,-21.8357
4128,-35.24006611497959,-21.8357
4129,-34.19403245752263,-21.8357
4130,-28.641658359272668,-21.8357
4131,-31.853795875047332,-21.8357
4132,-32.47551220136812,-21.8357
4133,-32.88600999622836,-21.8357
4134,-35.157319009940565,-21.8357
4135,-30.742897241984085,-21.8357
4136,-36.33962614574194,-21.8357
4137,-34.0006835594138,-21.8357
4138,-32.576120792095686,-21.8357
4139,-36.02730640748717,-21.8357
4140,-31.830838303944535,-21.8357
4141,-36.85431204646568,-21.8357
4142,-35.37643826211395,-21.8357
4143,-36.7403391970526,-21.8357
4144,-39.691659063230425,-21.8357
4145,-39.43261361948269,-21.8357
4146,-35.677406170727544,-21.8357
4147,-37.08547809411727,-21.8357
4148,-33.97811329748538,-21.8357
4149,-35.67988528570447,-21.8357
4150,-37.076840238401914,-21.8357
4151,-38.63324927421893,-21.8357
4152,-36.546163820375924,-21.8357
4153,-33.4190598689169,-21.8357
4154,-36.840761627178736,-21.8357
4155,-36.1064854632451,-21.8357
4156,-41.125332225560115,-21.8357
4157,-39.898401539089456,-21.8357
4158,-42.022483329376485,-21.8357
4159,-35.5210088093048,-21.8357
4160,-39.2063414458264,-21.8357
4161,-35.77696087152659,-21.8357
4162,-38.2885727934202,-21.8357
4163,-39.36586082372003,-21.8357
4164,-42.7679998239241,-21.8357
4165,-39.472538266081166,-21.8357
4166,-42.09754521101062,-21.8357
4167,-43.57619818053937,-21.8357
4168,-41.793262084415744,-21.8357
4169,-40.83209949148282,-21.8357
4170,-41.605868520029645,-21.8357
4171,-40.12914395699174,-21.8357
4172,-41.33164472527455,-21.8357
4173,-41.091032507511486,-21.8357
4174,-39.883482052761494,-21.8357
4175,-42.182957975251504,-21.8357
4176,-40.33386148409139,-21.8357
4177,-41.64225092568732,-21.8357
4178,-39.39542413932567,-21.8357
4179,-40.48574189150657,-21.8357
4180,-36.62532000953186,-21.8357
4181,-38.73337169122435,-21.8357
4182,-40.26927751181377,-21.8357
4183,-39.7285968803909,-21.8357
4184,-42.1529194937508,-21.8357
4185,-39.60729213698603,-21.8357
4186,-38.6560182026029,-21.8357
4187,-39.800185092902346,-21.8357
4188,-43.130162796958416,-21.8357
4189,-42.82206017432137,-21.8357
4190,-40.77097463402956,-21.8357
4191,-41.63414446776844,-21.8357
4192,-43.96053770707721,-21.8357
4193,-42.584388465216314,-21.8357
4194,-43.11879073696163,-21.8357
4195,-40.999756034571035,-21.8357
4196,-40.74272621480392,-21.8357
4197,-42.98577299647957,-21.8357
4198,-41.79127081814684,-21.8357
4199,-42.19552597915574,-21.8357
4200,-35.27185970260744,-21.8357
4201,-40.18691501886077,-21.8357
4202,-42.36987276999602,-21.8357
4203,-42.04674394034977,-21.8357
4204,-39.713639996436974,-21.8357
4205,-40.73743379644581,-21.8357
4206,-43.25914881284394,-21.8357
4207,-40.684175105217705,-21.8357
4208,-41.921924748428985,-21.8357
4209,-40.47360148956673,-21.8357
4210,-39.93850764506093,-21.8357
4211,-41.62303492138374,-21.8357
4212,-40.5957251204584,-21.8357
4213,-41.55414477137434,-21.8357
4214,-42.573734032358956,-21.8357
4215,-42.06264267755678,-21.8357
4216,-41.283674870864445,-21.8357
4217,-43.380377209932426,-21.8357
4218,-43.147668058748735,-21.8357
4219,-41.19578705416256,-21.8357
4220,-42.734207466168705,-21.8357
4221,-42.28283744538808,-21.8357
4222,-43.52701149974926,-21.8357
4223,-41.84940347410637,-21.8357
4224,-42.121836143584645,-21.8357
4225,-42.690889899394755,-21.8357
4226,-40.78918138060136,-21.8357
4227,-40.0779535423506,-21.8357
4228,-40.428711865564125,-21.8357
4229,-42.17630199275927,-21.8357
4230,-40.72476327435684,-21.8357
4231,-41.45276968373922,-21.8357
4232,-43.653853966398906,-21.8357
4233,-41.23622969800796,-21.8357
4234,-42.7096410052874,-21.8357
4235,-41.57713277360472,-21.8357
4236,-42.02616779994428,-21.8357
4237,-41.98432694316218,-21.8357
4238,-42.9244844930437,-21.8357
4239,-40.80639541601581,-21.8357
4240,-42.84988885749886,-21.8357
4241,-42.79390009685307,-21.8357
4242,-41.435557337630826,-21.8357
4243,-41.1686878652299,-21.8357
4244,-41.451871940016176,-21.8357
4245,-40.57041514603219,-21.8357
4246,-42.32054085961337,-21.8357
4247,-43.31989982351237,-21.8357
4248,-39.656304936234285,-21.8357
4249,-41.20000738567669,-21.8357
4250,-40.21227762742309,-21.8357
4251,-42.287499524067385,-21.8357
4252,-39.55413366611043,-21.8357
4253,-40.794903064025775,-21.8357
4254,-42.002965616827304,-21.8357
4255,-39.1479115576994,-21.8357
4256,-41.59837105781138,-21.8357
4257,-40.475513106644556,-21.8357
4258,-40.45987949020088,-21.8357
4259,-40.079800719154015,-21.8357
4260,-40.96097901584297,-21.8357
4261,-40.90574696826158,-21.8357
4262,-40.65185155071292,-21.8357
4263,-39.722768030024596,-21.8357
4264,-41.18976148618426,-21.8357
4265,-38.91474840914391,-21.8357
4266,-39.68792018190181,-21.8357
4267,-42.44001220092133,-21.8357
4268,-41.80579507495438,-21.8357
4269,-40.72389294570485,-21.8357
4270,-39.03461733286028,-21.5933
4271,-40.92080898289162,-21.5933
4272,-35.86093346861652,-25.2874
4273,-38.948524403035115,-25.2874
4274,-35.71941334505018,-21.5933
4275,-36.14498708047354,-22.7809
4276,-32.99201943782306,-22.7809
4277,-36.581484542410806,-22.7809
4278,-37.242584596179505,-22.7809
4279,-38.39454811402119,-21.8409
4280,-35.99382976843567,-21.8409
4281,-33.42365194734635,-19.1955
4282,-37.614318531207765,-19.2462
4283,-39.58776495338091,-19.2462
4284,-39.8003772771648,-19.2462
4285,-40.699429875525716,-21.6654
4286,-40.81605609998906,-21.6654
4287,-41.48793054985977,-22.8948
4288,-38.3345890590908,-22.8948
4289,-39.64204100955665,-22.8948
4290,-37.316189718042956,-22.8948
4291,-39.62538669045802,-22.6329
4292,-41.67656031723055,-22.687
4293,-39.49502032160237,-22.687
4294,-38.6413635396344,-22.1994
4295,-38.71426497987821,-22.1994
4296,-40.144052785379934,-26.0748
4297,-40.51563149670193,-26.0748
4298,-41.474075638042066,-25.7693
4299,-42.50464394264844,-25.7693
4300,-41.68915387297355,-21.658
4301,-41.17412899344106,-21.658
4302,-41.27969295490408,-20.6048
4303,-42.26592414299972,-20.6048
4304,-41.88637465977473,-19.9973
4305,-41.895574623998,-19.9973
4306,-41.359677508439496,-19.9973
4307,-41.12096403062846,-19.9973
4308,-42.99596697849157,-19.9973
4309,-39.39680331239052,-21.2419
4310,-41.02270849520452,-17.261
4311,-42.8492981307876,-21.8879
4312,-40.209420511482705,-20.6177
4313,-40.9973268247804,-20.6177
4314,-40.74134684688666,-20.6177
4315,-41.017924935013426,-20.0695
4316,-41.80684749336272,-15.241
4317,-40.30056676551945,-14.7519
4318,-41.05328684669055,-14.6691
4319,-39.39348918118079,-14.6691
4320,-40.82145263579918,-14.3043
4321,-41.0844510807881,-14.3043
4322,-41.3363792565406,-16.1991
4323,-40.69840658883872,-16.1991
4324,-42.282022416568886,-16.1991
4325,-40.76705648072409,-28.8208
4326,-41.17957642975901,-32.7159
4327,-39.25027563891233,-32.7159
4328,-39.55161736819733,-28.899
4329,-40.86315016036136,-28.899
4330,-42.00117318644303,-29.7111
4331,-42.46250923328623,-29.7111
4332,-41.62463905595394,-29.384
4333,-42.855763131612655,-26.7909
4334,-42.147958165613666,-26.7909
4335,-40.40451549075306,-26.7909
4336,-42.12159361548234,-23.7856
4337,-40.832690411149066,-23.7856
4338,-43.534878685185376,-23.7856
4339,-40.798976604711534,-23.7856
4340,-42.68321185867584,-22.3251
4341,-42.37950430106483,-22.3251
4342,-41.93368645019065,-22.3251
4343,-42.00911749463003,-23.3068
4344,-42.44155988940026,-23.3068
4345,-41.83109357411715,-23.8459
4346,-40.467670649551295,-23.452
4347,-44.36822646355256,-23.452
4348,-41.52906446542868,-23.452
4349,-40.30770081199562,-23.452
4350,-42.33177361260466,-23.452
4351,-40.8177382390972,-23.452
4352,-40.421868089302826,-24.0065
4353,-39.6262100220639,-23.6188
4354,-40.639792920627265,-23.6188
4355,-42.92714943985027,-23.6188
4356,-42.96381131224945,-24.193
4357,-41.365708871937194,-24.193
4358,-42.45610069565731,-24.9403
4359,-42.04975783399323,-24.9403
4360,-41.80663079036974,-24.6139
4361,-40.76138122126703,-25.3715
4362,-39.676889610211234,-25.3715
4363,-41.918828018362305,-25.3715
4364,-42.453665899762896,-25.3715
4365,-41.93769269629478,-25.3715
4366,-43.255168095437085,-25.9512
4367,-41.705999150335096,-25.9512
4368,-40.84886185633968,-25.9512
4369,-38.77480427710802,-28.5964
4370,-39.3624449434637,-28.5964
4371,-40.24346456447035,-30.095
4372,-40.568247413817915,-28.2238
4373,-42.5925734970431,-28.2238
4374,-39.89512427964843,-28.2238
4375,-43.33828077724203,-28.2238
4376,-39.34321498625572,-29.489
4377,-41.04755770383931,-33.175
4378,-39.485266262689684,-29.5486
4379,-39.88110151396515,-29.5486
4380,-41.16050400076682,-29.5486
4381,-39.92088094439608,-29.5486
4382,-42.8868325278641,-34.083
4383,-41.64293477663928,-34.083
4384,-39.43464116259327,-37.9533
4385,-39.100641382306385,-37.9533
4386,-40.42124925784211,-31.7307
