<?xml version="1.0" encoding="UTF-8"?>
<gpx xmlns:xsi="http://www.w3.org/2001/XMLSchema-instance" xmlns="http://www.topografix.com/GPX/1/1" xsi:schemaLocation="http://www.topografix.com/GPX/1/1 http://www.topografix.com/GPX/1/1/gpx.xsd" version="1.1" creator="Open GPX Tracker for iOS">
	<trk>
		<trkseg>
			<trkpt lat="49.26360938832845" lon="-123.25622905130643">
				<ele>82.82018131017685</ele>
				<time>2025-08-19T22:33:00Z</time>
			</trkpt>
			<trkpt lat="49.26359003359328" lon="-123.25620994062909">
				<ele>82.61427414324135</ele>
				<time>2025-08-19T22:33:13Z</time>
			</trkpt>
			<trkpt lat="49.2636143217066" lon="-123.25621276540706">
				<ele>82.9417819622904</ele>
				<time>2025-08-19T22:33:21Z</time>
			</trkpt>
			<trkpt lat="49.263628578647484" lon="-123.2561910888761">
				<ele>83.06196337658912</ele>
				<time>2025-08-19T22:33:26Z</time>
			</trkpt>
			<trkpt lat="49.26358338718776" lon="-123.25617622341912">
				<ele>83.06196337658912</ele>
				<time>2025-08-19T22:33:27Z</time>
			</trkpt>
			<trkpt lat="49.263599510660505" lon="-123.25617647544622">
				<ele>83.1308422209695</ele>
				<time>2025-08-19T22:33:34Z</time>
			</trkpt>
			<trkpt lat="49.263602023443944" lon="-123.25617007518794">
				<ele>84.0231540966779</ele>
				<time>2025-08-19T22:33:38Z</time>
			</trkpt>
			<trkpt lat="49.26360494623057" lon="-123.25617434145425">
				<ele>83.5836392370984</ele>
				<time>2025-08-19T22:33:50Z</time>
			</trkpt>
			<trkpt lat="49.26362535457818" lon="-123.25618824600203">
				<ele>82.3307204414159</ele>
				<time>2025-08-19T22:34:09Z</time>
			</trkpt>
			<trkpt lat="49.26368003546864" lon="-123.2561621373025">
				<ele>81.67525798082352</ele>
				<time>2025-08-19T22:34:10Z</time>
			</trkpt>
			<trkpt lat="49.26365090863147" lon="-123.25617703974807">
				<ele>81.4689750643447</ele>
				<time>2025-08-19T22:34:12Z</time>
			</trkpt>
			<trkpt lat="49.263650687488926" lon="-123.2562170053068">
				<ele>82.0161679405719</ele>
				<time>2025-08-19T22:34:13Z</time>
			</trkpt>
			<trkpt lat="49.26363274896588" lon="-123.25619924260019">
				<ele>82.07395550049841</ele>
				<time>2025-08-19T22:34:25Z</time>
			</trkpt>
			<trkpt lat="49.263629045570774" lon="-123.25620096934657">
				<ele>82.07395550049841</ele>
				<time>2025-08-19T22:34:38Z</time>
			</trkpt>
			<trkpt lat="49.263629699064374" lon="-123.25620502632606">
				<ele>82.07395550049841</ele>
				<time>2025-08-19T22:35:11Z</time>
			</trkpt>
			<trkpt lat="49.26358695297111" lon="-123.25616923597943">
				<ele>82.7020795783028</ele>
				<time>2025-08-19T22:35:59Z</time>
			</trkpt>
			<trkpt lat="49.26363334256466" lon="-123.2562245221503">
				<ele>82.58309315145016</ele>
				<time>2025-08-19T22:36:04Z</time>
			</trkpt>
			<trkpt lat="49.26361638321911" lon="-123.25619783033353">
				<ele>82.65881720371544</ele>
				<time>2025-08-19T22:36:10Z</time>
			</trkpt>
			<trkpt lat="49.263605205466085" lon="-123.25617244663137">
				<ele>83.00333054270595</ele>
				<time>2025-08-19T22:36:14Z</time>
			</trkpt>
			<trkpt lat="49.263551874273595" lon="-123.25609866932163">
				<ele>83.51434790808707</ele>
				<time>2025-08-19T22:36:19Z</time>
			</trkpt>
			<trkpt lat="49.26355697927104" lon="-123.2561697765418">
				<ele>83.53956794645637</ele>
				<time>2025-08-19T22:36:27Z</time>
			</trkpt>
			<trkpt lat="49.26359327304157" lon="-123.25617058651531">
				<ele>82.20317490026355</ele>
				<time>2025-08-19T22:36:29Z</time>
			</trkpt>
			<trkpt lat="49.26359973219469" lon="-123.25611790348587">
				<ele>82.4295316664502</ele>
				<time>2025-08-19T22:36:31Z</time>
			</trkpt>
			<trkpt lat="49.26362656447409" lon="-123.2561042134852">
				<ele>82.80817840434611</ele>
				<time>2025-08-19T22:36:32Z</time>
			</trkpt>
			<trkpt lat="49.2636232986326" lon="-123.25613828916477">
				<ele>82.93703697621822</ele>
				<time>2025-08-19T22:36:33Z</time>
			</trkpt>
			<trkpt lat="49.26364954853253" lon="-123.25613778715427">
				<ele>82.64483948145062</ele>
				<time>2025-08-19T22:36:34Z</time>
			</trkpt>
			<trkpt lat="49.26364477675426" lon="-123.25611079753847">
				<ele>82.60047494713217</ele>
				<time>2025-08-19T22:36:36Z</time>
			</trkpt>
			<trkpt lat="49.263642712927904" lon="-123.25607048590388">
				<ele>83.80174942035228</ele>
				<time>2025-08-19T22:36:39Z</time>
			</trkpt>
			<trkpt lat="49.263641731563" lon="-123.25603511194215">
				<ele>83.93404784426093</ele>
				<time>2025-08-19T22:36:41Z</time>
			</trkpt>
			<trkpt lat="49.26366390358962" lon="-123.25601873320551">
				<ele>84.17573861032724</ele>
				<time>2025-08-19T22:36:43Z</time>
			</trkpt>
			<trkpt lat="49.26366390673638" lon="-123.25597293019958">
				<ele>83.97467390168458</ele>
				<time>2025-08-19T22:36:47Z</time>
			</trkpt>
			<trkpt lat="49.26365891209533" lon="-123.25594485624937">
				<ele>84.67104298155755</ele>
				<time>2025-08-19T22:36:48Z</time>
			</trkpt>
			<trkpt lat="49.26365566422456" lon="-123.2558986548539">
				<ele>84.82080950029194</ele>
				<time>2025-08-19T22:36:50Z</time>
			</trkpt>
			<trkpt lat="49.263657713332115" lon="-123.25586603192924">
				<ele>84.58850451745093</ele>
				<time>2025-08-19T22:36:51Z</time>
			</trkpt>
			<trkpt lat="49.26364993390706" lon="-123.25591392289742">
				<ele>84.74793572537601</ele>
				<time>2025-08-19T22:36:52Z</time>
			</trkpt>
			<trkpt lat="49.263673827213275" lon="-123.25591159648515">
				<ele>84.3175063636154</ele>
				<time>2025-08-19T22:36:56Z</time>
			</trkpt>
			<trkpt lat="49.263656732519664" lon="-123.2559023465771">
				<ele>84.36341665685177</ele>
				<time>2025-08-19T22:36:58Z</time>
			</trkpt>
			<trkpt lat="49.26363509388285" lon="-123.25589717668824">
				<ele>84.80387679953128</ele>
				<time>2025-08-19T22:37:00Z</time>
			</trkpt>
			<trkpt lat="49.26365867613555" lon="-123.25593213231829">
				<ele>84.80387679953128</ele>
				<time>2025-08-19T22:37:02Z</time>
			</trkpt>
			<trkpt lat="49.2636099079468" lon="-123.25588660668295">
				<ele>84.25184147339314</ele>
				<time>2025-08-19T22:37:05Z</time>
			</trkpt>
			<trkpt lat="49.263586500356006" lon="-123.25590335204102">
				<ele>84.26123113650829</ele>
				<time>2025-08-19T22:37:10Z</time>
			</trkpt>
			<trkpt lat="49.26362339095578" lon="-123.25591288120755">
				<ele>84.26123113650829</ele>
				<time>2025-08-19T22:37:12Z</time>
			</trkpt>
			<trkpt lat="49.26360525083401" lon="-123.25591077156324">
				<ele>84.26123113650829</ele>
				<time>2025-08-19T22:37:27Z</time>
			</trkpt>
			<trkpt lat="49.263511123129696" lon="-123.25596080083685">
				<ele>84.03328793589026</ele>
				<time>2025-08-19T22:37:49Z</time>
			</trkpt>
			<trkpt lat="49.263521774096695" lon="-123.25598706567571">
				<ele>84.2025101846084</ele>
				<time>2025-08-19T22:37:50Z</time>
			</trkpt>
			<trkpt lat="49.26350923231314" lon="-123.25594266882223">
				<ele>83.87088206317276</ele>
				<time>2025-08-19T22:37:51Z</time>
			</trkpt>
			<trkpt lat="49.263503420985614" lon="-123.25592467004196">
				<ele>84.05678790714592</ele>
				<time>2025-08-19T22:37:53Z</time>
			</trkpt>
			<trkpt lat="49.2634824007332" lon="-123.2559201449778">
				<ele>84.29034521616995</ele>
				<time>2025-08-19T22:37:57Z</time>
			</trkpt>
			<trkpt lat="49.26359057185959" lon="-123.25594992507413">
				<ele>84.33164981007576</ele>
				<time>2025-08-19T22:37:58Z</time>
			</trkpt>
			<trkpt lat="49.26350669366922" lon="-123.25588918765582">
				<ele>84.38901841826737</ele>
				<time>2025-08-19T22:38:01Z</time>
			</trkpt>
			<trkpt lat="49.263506092057504" lon="-123.25591374906972">
				<ele>83.90583273489028</ele>
				<time>2025-08-19T22:38:04Z</time>
			</trkpt>
			<trkpt lat="49.263569268238385" lon="-123.25594181965377">
				<ele>83.90583999548107</ele>
				<time>2025-08-19T22:38:11Z</time>
			</trkpt>
			<trkpt lat="49.263536216876055" lon="-123.25584047848446">
				<ele>83.40213922783732</ele>
				<time>2025-08-19T22:38:27Z</time>
			</trkpt>
			<trkpt lat="49.263554400894726" lon="-123.25583873740537">
				<ele>83.37981132697314</ele>
				<time>2025-08-19T22:38:28Z</time>
			</trkpt>
			<trkpt lat="49.26357878323565" lon="-123.25583467361339">
				<ele>83.19585557281971</ele>
				<time>2025-08-19T22:38:30Z</time>
			</trkpt>
			<trkpt lat="49.26360270662714" lon="-123.25583467573269">
				<ele>83.02793314494193</ele>
				<time>2025-08-19T22:38:31Z</time>
			</trkpt>
			<trkpt lat="49.2636293174658" lon="-123.25582034898146">
				<ele>83.2681211233139</ele>
				<time>2025-08-19T22:38:33Z</time>
			</trkpt>
			<trkpt lat="49.26364682037393" lon="-123.2558121407776">
				<ele>83.39296230487525</ele>
				<time>2025-08-19T22:38:34Z</time>
			</trkpt>
			<trkpt lat="49.26367018261012" lon="-123.25579575239195">
				<ele>83.4724333724007</ele>
				<time>2025-08-19T22:38:36Z</time>
			</trkpt>
			<trkpt lat="49.263689517069814" lon="-123.25578631831675">
				<ele>83.87380896415561</ele>
				<time>2025-08-19T22:38:37Z</time>
			</trkpt>
			<trkpt lat="49.26372127661246" lon="-123.25575990103768">
				<ele>83.68544498551637</ele>
				<time>2025-08-19T22:38:39Z</time>
			</trkpt>
			<trkpt lat="49.26372657941908" lon="-123.25573248792406">
				<ele>83.94400638528168</ele>
				<time>2025-08-19T22:38:41Z</time>
			</trkpt>
			<trkpt lat="49.26374630191345" lon="-123.25570258702105">
				<ele>84.57940381579101</ele>
				<time>2025-08-19T22:38:43Z</time>
			</trkpt>
			<trkpt lat="49.263774427014425" lon="-123.2556748538407">
				<ele>84.60984182078391</ele>
				<time>2025-08-19T22:38:45Z</time>
			</trkpt>
			<trkpt lat="49.26378523478642" lon="-123.25565022038353">
				<ele>84.41825747024268</ele>
				<time>2025-08-19T22:38:47Z</time>
			</trkpt>
			<trkpt lat="49.26380911854511" lon="-123.25562166292927">
				<ele>84.69490693788975</ele>
				<time>2025-08-19T22:38:49Z</time>
			</trkpt>
			<trkpt lat="49.263811531632186" lon="-123.25558524949906">
				<ele>84.91861463990062</ele>
				<time>2025-08-19T22:38:52Z</time>
			</trkpt>
			<trkpt lat="49.26383157904597" lon="-123.25557730377537">
				<ele>84.8540993379429</ele>
				<time>2025-08-19T22:38:54Z</time>
			</trkpt>
			<trkpt lat="49.26385860126003" lon="-123.25558364200126">
				<ele>84.75509200338274</ele>
				<time>2025-08-19T22:38:57Z</time>
			</trkpt>
			<trkpt lat="49.26388081008029" lon="-123.25558855868016">
				<ele>84.77006633672863</ele>
				<time>2025-08-19T22:39:00Z</time>
			</trkpt>
			<trkpt lat="49.26389995601374" lon="-123.25552918363131">
				<ele>84.91857186611742</ele>
				<time>2025-08-19T22:39:03Z</time>
			</trkpt>
			<trkpt lat="49.263902833078674" lon="-123.2555733491567">
				<ele>84.84384931717068</ele>
				<time>2025-08-19T22:39:04Z</time>
			</trkpt>
			<trkpt lat="49.263905873165164" lon="-123.25558833957645">
				<ele>85.41860639397055</ele>
				<time>2025-08-19T22:39:23Z</time>
			</trkpt>
			<trkpt lat="49.263928100995216" lon="-123.25559912125956">
				<ele>85.51196218840778</ele>
				<time>2025-08-19T22:39:26Z</time>
			</trkpt>
			<trkpt lat="49.263951190329706" lon="-123.2555990934312">
				<ele>85.38547694124281</ele>
				<time>2025-08-19T22:39:28Z</time>
			</trkpt>
			<trkpt lat="49.26392119341139" lon="-123.2555642750776">
				<ele>85.88633349817246</ele>
				<time>2025-08-19T22:39:29Z</time>
			</trkpt>
			<trkpt lat="49.2639014907555" lon="-123.25558990334942">
				<ele>86.13810012768954</ele>
				<time>2025-08-19T22:39:30Z</time>
			</trkpt>
			<trkpt lat="49.26393315044772" lon="-123.25557985869884">
				<ele>85.73080890718848</ele>
				<time>2025-08-19T22:39:35Z</time>
			</trkpt>
			<trkpt lat="49.263988356600954" lon="-123.25562128714783">
				<ele>86.00856539886445</ele>
				<time>2025-08-19T22:39:40Z</time>
			</trkpt>
			<trkpt lat="49.264014083212366" lon="-123.25563184305697">
				<ele>86.45269087422639</ele>
				<time>2025-08-19T22:39:42Z</time>
			</trkpt>
			<trkpt lat="49.264038186267015" lon="-123.25564679858181">
				<ele>86.6621735310182</ele>
				<time>2025-08-19T22:39:44Z</time>
			</trkpt>
			<trkpt lat="49.264069128414945" lon="-123.25564988034557">
				<ele>87.39297173637897</ele>
				<time>2025-08-19T22:39:54Z</time>
			</trkpt>
			<trkpt lat="49.26406338091094" lon="-123.25568885369174">
				<ele>86.96773574873805</ele>
				<time>2025-08-19T22:41:47Z</time>
			</trkpt>
			<trkpt lat="49.264082641606" lon="-123.25569588539736">
				<ele>88.1634211987257</ele>
				<time>2025-08-19T22:42:22Z</time>
			</trkpt>
			<trkpt lat="49.26407356225347" lon="-123.25566638153612">
				<ele>88.5040587624535</ele>
				<time>2025-08-19T22:42:25Z</time>
			</trkpt>
			<trkpt lat="49.26408799374314" lon="-123.25562885688426">
				<ele>89.01526168175042</ele>
				<time>2025-08-19T22:42:27Z</time>
			</trkpt>
			<trkpt lat="49.2641018119164" lon="-123.25559992241317">
				<ele>89.085464021191</ele>
				<time>2025-08-19T22:42:29Z</time>
			</trkpt>
			<trkpt lat="49.26411073902446" lon="-123.25557524712752">
				<ele>89.43614936713129</ele>
				<time>2025-08-19T22:42:31Z</time>
			</trkpt>
			<trkpt lat="49.264125781153666" lon="-123.25554849113489">
				<ele>89.59885483980179</ele>
				<time>2025-08-19T22:42:33Z</time>
			</trkpt>
			<trkpt lat="49.26413906101962" lon="-123.25552122038047">
				<ele>89.99397509824485</ele>
				<time>2025-08-19T22:42:35Z</time>
			</trkpt>
			<trkpt lat="49.264153258762924" lon="-123.25548643474073">
				<ele>89.66443036682904</ele>
				<time>2025-08-19T22:42:37Z</time>
			</trkpt>
			<trkpt lat="49.264163627235064" lon="-123.2554430981342">
				<ele>89.62057683430612</ele>
				<time>2025-08-19T22:42:39Z</time>
			</trkpt>
			<trkpt lat="49.26416686923427" lon="-123.25541133390456">
				<ele>89.93389617651701</ele>
				<time>2025-08-19T22:42:41Z</time>
			</trkpt>
			<trkpt lat="49.26417101432741" lon="-123.25538404539586">
				<ele>89.63182760588825</ele>
				<time>2025-08-19T22:42:42Z</time>
			</trkpt>
			<trkpt lat="49.26415189810251" lon="-123.25534747163368">
				<ele>88.77454245928675</ele>
				<time>2025-08-19T22:42:45Z</time>
			</trkpt>
			<trkpt lat="49.26413400813107" lon="-123.25532053144718">
				<ele>88.47962822020054</ele>
				<time>2025-08-19T22:42:46Z</time>
			</trkpt>
			<trkpt lat="49.26412656093089" lon="-123.25529034787733">
				<ele>88.05077816639096</ele>
				<time>2025-08-19T22:42:47Z</time>
			</trkpt>
			<trkpt lat="49.26411087600679" lon="-123.25527553867389">
				<ele>88.41686286125332</ele>
				<time>2025-08-19T22:42:48Z</time>
			</trkpt>
			<trkpt lat="49.26409993859935" lon="-123.25525206150724">
				<ele>88.42807954829186</ele>
				<time>2025-08-19T22:42:49Z</time>
			</trkpt>
			<trkpt lat="49.26407861663222" lon="-123.2552310961651">
				<ele>88.23155157826841</ele>
				<time>2025-08-19T22:42:50Z</time>
			</trkpt>
			<trkpt lat="49.26405362109694" lon="-123.25519980484393">
				<ele>87.65961766801775</ele>
				<time>2025-08-19T22:42:51Z</time>
			</trkpt>
			<trkpt lat="49.26404987981604" lon="-123.25517271372767">
				<ele>87.43112085666507</ele>
				<time>2025-08-19T22:42:52Z</time>
			</trkpt>
			<trkpt lat="49.26407548315279" lon="-123.25513223813701">
				<ele>87.11966050229967</ele>
				<time>2025-08-19T22:42:53Z</time>
			</trkpt>
			<trkpt lat="49.264067209354614" lon="-123.2550959117838">
				<ele>87.76358121540397</ele>
				<time>2025-08-19T22:42:55Z</time>
			</trkpt>
			<trkpt lat="49.26406020480079" lon="-123.25504044085132">
				<ele>88.731291776523</ele>
				<time>2025-08-19T22:42:57Z</time>
			</trkpt>
			<trkpt lat="49.264046622285804" lon="-123.25500175992738">
				<ele>88.78017621859908</ele>
				<time>2025-08-19T22:43:00Z</time>
			</trkpt>
			<trkpt lat="49.26403366561988" lon="-123.25498247543769">
				<ele>88.79814624786377</ele>
				<time>2025-08-19T22:43:01Z</time>
			</trkpt>
			<trkpt lat="49.26403079109456" lon="-123.25494719036153">
				<ele>88.39763467665762</ele>
				<time>2025-08-19T22:43:03Z</time>
			</trkpt>
			<trkpt lat="49.26402119241569" lon="-123.25491112552214">
				<ele>87.73126771580428</ele>
				<time>2025-08-19T22:43:05Z</time>
			</trkpt>
			<trkpt lat="49.26400958109068" lon="-123.25488061629555">
				<ele>87.89396729040891</ele>
				<time>2025-08-19T22:43:08Z</time>
			</trkpt>
			<trkpt lat="49.26399080086077" lon="-123.25487930581941">
				<ele>87.86107491701841</ele>
				<time>2025-08-19T22:43:12Z</time>
			</trkpt>
			<trkpt lat="49.26397718931879" lon="-123.25487220744017">
				<ele>87.53872132115066</ele>
				<time>2025-08-19T22:43:21Z</time>
			</trkpt>
			<trkpt lat="49.26397526654367" lon="-123.25486980498313">
				<ele>87.84132992848754</ele>
				<time>2025-08-19T22:43:27Z</time>
			</trkpt>
			<trkpt lat="49.26396634068299" lon="-123.2548444471919">
				<ele>87.93376405257732</ele>
				<time>2025-08-19T22:43:30Z</time>
			</trkpt>
			<trkpt lat="49.263972871813436" lon="-123.25484079329857">
				<ele>87.90330069884658</ele>
				<time>2025-08-19T22:43:34Z</time>
			</trkpt>
			<trkpt lat="49.26397588318594" lon="-123.25486812914984">
				<ele>87.92737683653831</ele>
				<time>2025-08-19T22:43:43Z</time>
			</trkpt>
			<trkpt lat="49.26398704764002" lon="-123.25498860118027">
				<ele>87.7503430666402</ele>
				<time>2025-08-19T22:43:45Z</time>
			</trkpt>
			<trkpt lat="49.26400372046964" lon="-123.25499524397362">
				<ele>87.85070239193738</ele>
				<time>2025-08-19T22:43:46Z</time>
			</trkpt>
			<trkpt lat="49.264013829410175" lon="-123.25502678516877">
				<ele>87.37325495481491</ele>
				<time>2025-08-19T22:43:50Z</time>
			</trkpt>
			<trkpt lat="49.26399328460056" lon="-123.2550184749063">
				<ele>88.44863638281822</ele>
				<time>2025-08-19T22:43:54Z</time>
			</trkpt>
			<trkpt lat="49.26397785726179" lon="-123.25497011948924">
				<ele>88.35943241603673</ele>
				<time>2025-08-19T22:44:04Z</time>
			</trkpt>
			<trkpt lat="49.264025523166225" lon="-123.25498613777943">
				<ele>87.64519302267581</ele>
				<time>2025-08-19T22:44:10Z</time>
			</trkpt>
			<trkpt lat="49.26400758722504" lon="-123.2549573647926">
				<ele>87.69940715376288</ele>
				<time>2025-08-19T22:44:17Z</time>
			</trkpt>
			<trkpt lat="49.26402936444112" lon="-123.25491312983702">
				<ele>87.53689424041659</ele>
				<time>2025-08-19T22:44:36Z</time>
			</trkpt>
			<trkpt lat="49.26402146004536" lon="-123.2549064757236">
				<ele>86.8778988365084</ele>
				<time>2025-08-19T22:44:40Z</time>
			</trkpt>
			<trkpt lat="49.2640214597008" lon="-123.2549064769668">
				<ele>86.8778988365084</ele>
				<time>2025-08-19T22:44:45Z</time>
			</trkpt>
			<trkpt lat="49.264021459836734" lon="-123.25490647647634">
				<ele>86.8778988365084</ele>
				<time>2025-08-19T22:44:46Z</time>
			</trkpt>
			<trkpt lat="49.263961651893595" lon="-123.25490569808389">
				<ele>86.8778988365084</ele>
				<time>2025-08-19T22:44:48Z</time>
			</trkpt>
			<trkpt lat="49.26398369865433" lon="-123.25490598474104">
				<ele>86.8778988365084</ele>
				<time>2025-08-19T22:44:55Z</time>
			</trkpt>
			<trkpt lat="49.26399636918279" lon="-123.25490614948627">
				<ele>86.8778988365084</ele>
				<time>2025-08-19T22:44:59Z</time>
			</trkpt>
			<trkpt lat="49.26394360854675" lon="-123.25484370765676">
				<ele>86.99747640546411</ele>
				<time>2025-08-19T22:45:08Z</time>
			</trkpt>
			<trkpt lat="49.26397217570774" lon="-123.25486242552975">
				<ele>86.56350389122963</ele>
				<time>2025-08-19T22:45:15Z</time>
			</trkpt>
			<trkpt lat="49.263990882542586" lon="-123.25487716911265">
				<ele>87.00499974843115</ele>
				<time>2025-08-19T22:45:22Z</time>
			</trkpt>
			<trkpt lat="49.26400498811382" lon="-123.25488518268068">
				<ele>87.2560648676008</ele>
				<time>2025-08-19T22:45:26Z</time>
			</trkpt>
			<trkpt lat="49.26401969189107" lon="-123.25490417535438">
				<ele>87.53769516386092</ele>
				<time>2025-08-19T22:45:31Z</time>
			</trkpt>
			<trkpt lat="49.264018706565665" lon="-123.25489538284765">
				<ele>87.50750822480768</ele>
				<time>2025-08-19T22:45:32Z</time>
			</trkpt>
			<trkpt lat="49.2640375943489" lon="-123.25490855675685">
				<ele>87.42446801625192</ele>
				<time>2025-08-19T22:45:36Z</time>
			</trkpt>
			<trkpt lat="49.264079885907904" lon="-123.25475941839122">
				<ele>87.96068134810776</ele>
				<time>2025-08-19T22:45:44Z</time>
			</trkpt>
			<trkpt lat="49.264024668936486" lon="-123.25489374241108">
				<ele>87.78976394794881</ele>
				<time>2025-08-19T22:45:45Z</time>
			</trkpt>
			<trkpt lat="49.264014637123154" lon="-123.25489939864937">
				<ele>87.52355320751667</ele>
				<time>2025-08-19T22:45:49Z</time>
			</trkpt>
			<trkpt lat="49.26399693324835" lon="-123.2548746003885">
				<ele>87.97391172870994</ele>
				<time>2025-08-19T22:46:09Z</time>
			</trkpt>
			<trkpt lat="49.26398041329186" lon="-123.2548661397501">
				<ele>88.21002499572933</ele>
				<time>2025-08-19T22:46:14Z</time>
			</trkpt>
			<trkpt lat="49.26396082527715" lon="-123.25485933164012">
				<ele>88.19944680668414</ele>
				<time>2025-08-19T22:46:18Z</time>
			</trkpt>
			<trkpt lat="49.26394978000195" lon="-123.25487028564417">
				<ele>87.83847219962627</ele>
				<time>2025-08-19T22:46:24Z</time>
			</trkpt>
			<trkpt lat="49.26395141760959" lon="-123.25486752171287">
				<ele>87.83847219962627</ele>
				<time>2025-08-19T22:46:30Z</time>
			</trkpt>
			<trkpt lat="49.26394801744414" lon="-123.25487299130131">
				<ele>87.83847219962627</ele>
				<time>2025-08-19T22:46:53Z</time>
			</trkpt>
			<trkpt lat="49.26395053580673" lon="-123.25483651541718">
				<ele>87.44044022541493</ele>
				<time>2025-08-19T22:47:00Z</time>
			</trkpt>
			<trkpt lat="49.26397324509348" lon="-123.2548340770624">
				<ele>88.50203446112573</ele>
				<time>2025-08-19T22:47:02Z</time>
			</trkpt>
			<trkpt lat="49.263991641024965" lon="-123.2548113517692">
				<ele>88.10111592058092</ele>
				<time>2025-08-19T22:47:05Z</time>
			</trkpt>
			<trkpt lat="49.26402510053584" lon="-123.2547946817227">
				<ele>88.79115708731115</ele>
				<time>2025-08-19T22:47:07Z</time>
			</trkpt>
			<trkpt lat="49.264039946517585" lon="-123.25477659521307">
				<ele>87.39468285720795</ele>
				<time>2025-08-19T22:47:08Z</time>
			</trkpt>
			<trkpt lat="49.26403629803343" lon="-123.25478519932862">
				<ele>87.90598143264651</ele>
				<time>2025-08-19T22:47:11Z</time>
			</trkpt>
			<trkpt lat="49.2640331942036" lon="-123.25474666482918">
				<ele>88.69843142665923</ele>
				<time>2025-08-19T22:47:12Z</time>
			</trkpt>
			<trkpt lat="49.26405225486684" lon="-123.25471201084396">
				<ele>88.72998795844615</ele>
				<time>2025-08-19T22:47:14Z</time>
			</trkpt>
			<trkpt lat="49.26405357548619" lon="-123.25467559325276">
				<ele>88.56346049718559</ele>
				<time>2025-08-19T22:47:16Z</time>
			</trkpt>
			<trkpt lat="49.26407100580461" lon="-123.2546535639689">
				<ele>88.17163251712918</ele>
				<time>2025-08-19T22:47:18Z</time>
			</trkpt>
			<trkpt lat="49.26409033906236" lon="-123.25462285063597">
				<ele>88.05032972898334</ele>
				<time>2025-08-19T22:47:21Z</time>
			</trkpt>
			<trkpt lat="49.26409436725661" lon="-123.25459199227387">
				<ele>87.88781215716153</ele>
				<time>2025-08-19T22:47:23Z</time>
			</trkpt>
			<trkpt lat="49.26409619145536" lon="-123.2545635210245">
				<ele>88.35127264354378</ele>
				<time>2025-08-19T22:47:25Z</time>
			</trkpt>
			<trkpt lat="49.264113374746884" lon="-123.25453433777379">
				<ele>88.5388898756355</ele>
				<time>2025-08-19T22:47:27Z</time>
			</trkpt>
			<trkpt lat="49.26412060201162" lon="-123.25449699818039">
				<ele>89.06776911765337</ele>
				<time>2025-08-19T22:47:30Z</time>
			</trkpt>
			<trkpt lat="49.26413329805001" lon="-123.2544639256289">
				<ele>88.74918739311397</ele>
				<time>2025-08-19T22:47:33Z</time>
			</trkpt>
			<trkpt lat="49.26413452698199" lon="-123.25442872047891">
				<ele>89.01619870401919</ele>
				<time>2025-08-19T22:47:35Z</time>
			</trkpt>
			<trkpt lat="49.264142111538334" lon="-123.25439973086453">
				<ele>88.75764919817448</ele>
				<time>2025-08-19T22:47:37Z</time>
			</trkpt>
			<trkpt lat="49.26415149872532" lon="-123.25437450212019">
				<ele>89.16278866585344</ele>
				<time>2025-08-19T22:47:40Z</time>
			</trkpt>
			<trkpt lat="49.264156618118804" lon="-123.25434092306611">
				<ele>88.94949177652597</ele>
				<time>2025-08-19T22:47:42Z</time>
			</trkpt>
			<trkpt lat="49.26417206185485" lon="-123.25430118419756">
				<ele>89.09846532344818</ele>
				<time>2025-08-19T22:47:45Z</time>
			</trkpt>
			<trkpt lat="49.26418473055288" lon="-123.2542771340265">
				<ele>89.76921784877777</ele>
				<time>2025-08-19T22:47:47Z</time>
			</trkpt>
			<trkpt lat="49.26418597061413" lon="-123.25424881565164">
				<ele>89.70550217851996</ele>
				<time>2025-08-19T22:47:49Z</time>
			</trkpt>
			<trkpt lat="49.264202047038005" lon="-123.2542221898158">
				<ele>90.52490605041385</ele>
				<time>2025-08-19T22:47:51Z</time>
			</trkpt>
			<trkpt lat="49.264134251858685" lon="-123.25423423276243">
				<ele>90.94422443211079</ele>
				<time>2025-08-19T22:47:53Z</time>
			</trkpt>
			<trkpt lat="49.26417975778129" lon="-123.25420656093362">
				<ele>90.97166251018643</ele>
				<time>2025-08-19T22:47:54Z</time>
			</trkpt>
			<trkpt lat="49.26419089265778" lon="-123.25416921801289">
				<ele>91.10765995737165</ele>
				<time>2025-08-19T22:47:56Z</time>
			</trkpt>
			<trkpt lat="49.2642136380632" lon="-123.25414370564118">
				<ele>91.13213706668466</ele>
				<time>2025-08-19T22:47:58Z</time>
			</trkpt>
			<trkpt lat="49.26422506793326" lon="-123.25411397441546">
				<ele>91.35666050948203</ele>
				<time>2025-08-19T22:48:00Z</time>
			</trkpt>
			<trkpt lat="49.264245964126154" lon="-123.2540946735041">
				<ele>92.14367049466819</ele>
				<time>2025-08-19T22:48:02Z</time>
			</trkpt>
			<trkpt lat="49.264265066627175" lon="-123.25407957811163">
				<ele>92.57453198265284</ele>
				<time>2025-08-19T22:48:04Z</time>
			</trkpt>
			<trkpt lat="49.264287613956895" lon="-123.25407304170898">
				<ele>92.46370001882315</ele>
				<time>2025-08-19T22:48:06Z</time>
			</trkpt>
			<trkpt lat="49.2643010570693" lon="-123.25405435029133">
				<ele>91.9938033958897</ele>
				<time>2025-08-19T22:48:11Z</time>
			</trkpt>
			<trkpt lat="49.26429683297526" lon="-123.25402489684522">
				<ele>91.780870327726</ele>
				<time>2025-08-19T22:48:13Z</time>
			</trkpt>
			<trkpt lat="49.26429589110849" lon="-123.25402403475145">
				<ele>91.76521107181907</ele>
				<time>2025-08-19T22:48:23Z</time>
			</trkpt>
			<trkpt lat="49.2642956375101" lon="-123.25406609591305">
				<ele>91.54887705203146</ele>
				<time>2025-08-19T22:48:53Z</time>
			</trkpt>
			<trkpt lat="49.26429060255827" lon="-123.25405859077844">
				<ele>91.46305780299008</ele>
				<time>2025-08-19T22:48:59Z</time>
			</trkpt>
			<trkpt lat="49.26429283726513" lon="-123.2540502938435">
				<ele>91.46305780299008</ele>
				<time>2025-08-19T22:49:03Z</time>
			</trkpt>
			<trkpt lat="49.264315631736395" lon="-123.25401323282661">
				<ele>92.36611595004797</ele>
				<time>2025-08-19T22:49:18Z</time>
			</trkpt>
			<trkpt lat="49.2642990827926" lon="-123.25399732159731">
				<ele>91.99596541747451</ele>
				<time>2025-08-19T22:49:25Z</time>
			</trkpt>
			<trkpt lat="49.2643156812655" lon="-123.253963927412">
				<ele>92.4414525134489</ele>
				<time>2025-08-19T22:49:33Z</time>
			</trkpt>
			<trkpt lat="49.26432130448117" lon="-123.25397214863345">
				<ele>92.46875443402678</ele>
				<time>2025-08-19T22:49:39Z</time>
			</trkpt>
			<trkpt lat="49.26431031341926" lon="-123.25397534454477">
				<ele>92.46875443402678</ele>
				<time>2025-08-19T22:49:40Z</time>
			</trkpt>
			<trkpt lat="49.26431043429717" lon="-123.25397513407474">
				<ele>92.46875443402678</ele>
				<time>2025-08-19T22:49:42Z</time>
			</trkpt>
			<trkpt lat="49.26430718224343" lon="-123.25397614552016">
				<ele>92.46875443402678</ele>
				<time>2025-08-19T22:49:44Z</time>
			</trkpt>
			<trkpt lat="49.26428369996753" lon="-123.25396918861881">
				<ele>92.33449603617191</ele>
				<time>2025-08-19T22:49:51Z</time>
			</trkpt>
			<trkpt lat="49.26426953674427" lon="-123.25396540572191">
				<ele>92.33449603617191</ele>
				<time>2025-08-19T22:50:05Z</time>
			</trkpt>
			<trkpt lat="49.26426664925063" lon="-123.25399502143148">
				<ele>91.72232938650995</ele>
				<time>2025-08-19T22:50:24Z</time>
			</trkpt>
			<trkpt lat="49.26424959863925" lon="-123.25398164870256">
				<ele>91.52805693913251</ele>
				<time>2025-08-19T22:51:00Z</time>
			</trkpt>
			<trkpt lat="49.26428863187623" lon="-123.25397801852444">
				<ele>91.69318476691842</ele>
				<time>2025-08-19T22:51:34Z</time>
			</trkpt>
			<trkpt lat="49.264300927919926" lon="-123.25394929363729">
				<ele>91.84599721711129</ele>
				<time>2025-08-19T22:51:38Z</time>
			</trkpt>
			<trkpt lat="49.26428014073052" lon="-123.25392099984352">
				<ele>92.02104662451893</ele>
				<time>2025-08-19T22:51:40Z</time>
			</trkpt>
			<trkpt lat="49.26430648655722" lon="-123.253906986979">
				<ele>92.27224438730627</ele>
				<time>2025-08-19T22:51:42Z</time>
			</trkpt>
			<trkpt lat="49.2643302955607" lon="-123.25389360791246">
				<ele>92.39303404092789</ele>
				<time>2025-08-19T22:51:45Z</time>
			</trkpt>
			<trkpt lat="49.26432463434808" lon="-123.25386004954458">
				<ele>92.8082105377689</ele>
				<time>2025-08-19T22:51:47Z</time>
			</trkpt>
			<trkpt lat="49.264328955044455" lon="-123.25382696841766">
				<ele>92.10563102271408</ele>
				<time>2025-08-19T22:51:50Z</time>
			</trkpt>
			<trkpt lat="49.264326710879104" lon="-123.25379138799128">
				<ele>92.21848979685456</ele>
				<time>2025-08-19T22:51:52Z</time>
			</trkpt>
			<trkpt lat="49.264341236993964" lon="-123.25376507195928">
				<ele>92.39140915684402</ele>
				<time>2025-08-19T22:51:54Z</time>
			</trkpt>
			<trkpt lat="49.26435496998524" lon="-123.25373364965327">
				<ele>92.82065788190812</ele>
				<time>2025-08-19T22:51:57Z</time>
			</trkpt>
			<trkpt lat="49.26437298948097" lon="-123.2537126944977">
				<ele>92.56305349804461</ele>
				<time>2025-08-19T22:51:59Z</time>
			</trkpt>
			<trkpt lat="49.264383734766795" lon="-123.25368821027837">
				<ele>92.89938311465085</ele>
				<time>2025-08-19T22:52:01Z</time>
			</trkpt>
			<trkpt lat="49.264389295423285" lon="-123.25365820369746">
				<ele>92.89589445572346</ele>
				<time>2025-08-19T22:52:03Z</time>
			</trkpt>
			<trkpt lat="49.264411325296265" lon="-123.25363863536356">
				<ele>92.89923097845167</ele>
				<time>2025-08-19T22:52:05Z</time>
			</trkpt>
			<trkpt lat="49.26442092914075" lon="-123.25361382784438">
				<ele>93.20958240889013</ele>
				<time>2025-08-19T22:52:07Z</time>
			</trkpt>
			<trkpt lat="49.264420675946994" lon="-123.25358198358497">
				<ele>93.18113841302693</ele>
				<time>2025-08-19T22:52:09Z</time>
			</trkpt>
			<trkpt lat="49.264432177741014" lon="-123.2535566020338">
				<ele>93.25305119808763</ele>
				<time>2025-08-19T22:52:11Z</time>
			</trkpt>
			<trkpt lat="49.26444619870256" lon="-123.25352192410601">
				<ele>93.65450100786984</ele>
				<time>2025-08-19T22:52:14Z</time>
			</trkpt>
			<trkpt lat="49.26445716560974" lon="-123.25348568982527">
				<ele>93.52701911702752</ele>
				<time>2025-08-19T22:52:17Z</time>
			</trkpt>
			<trkpt lat="49.264465168708675" lon="-123.25345766329445">
				<ele>93.634736106731</ele>
				<time>2025-08-19T22:52:19Z</time>
			</trkpt>
			<trkpt lat="49.26449054819131" lon="-123.25343634931698">
				<ele>93.87573330383748</ele>
				<time>2025-08-19T22:52:21Z</time>
			</trkpt>
			<trkpt lat="49.26451164192413" lon="-123.25341913706616">
				<ele>93.80871843732893</ele>
				<time>2025-08-19T22:52:23Z</time>
			</trkpt>
			<trkpt lat="49.26450679143988" lon="-123.25338826637706">
				<ele>93.75664775632322</ele>
				<time>2025-08-19T22:52:25Z</time>
			</trkpt>
			<trkpt lat="49.26451870453518" lon="-123.25336476783731">
				<ele>93.87481972854584</ele>
				<time>2025-08-19T22:52:27Z</time>
			</trkpt>
			<trkpt lat="49.26453226054474" lon="-123.25334043626525">
				<ele>93.92269819229841</ele>
				<time>2025-08-19T22:52:29Z</time>
			</trkpt>
			<trkpt lat="49.264532200239906" lon="-123.25331146273727">
				<ele>93.98367214389145</ele>
				<time>2025-08-19T22:52:31Z</time>
			</trkpt>
			<trkpt lat="49.26452595254458" lon="-123.25328418668595">
				<ele>94.05567857436836</ele>
				<time>2025-08-19T22:52:33Z</time>
			</trkpt>
			<trkpt lat="49.26452734288349" lon="-123.25325366456785">
				<ele>93.88653270993382</ele>
				<time>2025-08-19T22:52:36Z</time>
			</trkpt>
			<trkpt lat="49.264533258628674" lon="-123.25322478412826">
				<ele>93.84823828190565</ele>
				<time>2025-08-19T22:52:38Z</time>
			</trkpt>
			<trkpt lat="49.26454529836606" lon="-123.25320165551034">
				<ele>93.95478019118309</ele>
				<time>2025-08-19T22:52:40Z</time>
			</trkpt>
			<trkpt lat="49.26456133287781" lon="-123.25317862698945">
				<ele>93.80628190748394</ele>
				<time>2025-08-19T22:52:42Z</time>
			</trkpt>
			<trkpt lat="49.26457561969261" lon="-123.25315857362267">
				<ele>93.66642627771944</ele>
				<time>2025-08-19T22:52:44Z</time>
			</trkpt>
			<trkpt lat="49.264591501041394" lon="-123.2531345108411">
				<ele>93.65618575364351</ele>
				<time>2025-08-19T22:52:46Z</time>
			</trkpt>
			<trkpt lat="49.26460267620665" lon="-123.25310837887575">
				<ele>93.6341150989756</ele>
				<time>2025-08-19T22:52:48Z</time>
			</trkpt>
			<trkpt lat="49.26461243435303" lon="-123.25307707652195">
				<ele>93.40170489717275</ele>
				<time>2025-08-19T22:52:50Z</time>
			</trkpt>
			<trkpt lat="49.2646268604747" lon="-123.2530467456036">
				<ele>93.91675432492048</ele>
				<time>2025-08-19T22:52:52Z</time>
			</trkpt>
			<trkpt lat="49.26463935149913" lon="-123.25302562654174">
				<ele>94.15924698021263</ele>
				<time>2025-08-19T22:52:54Z</time>
			</trkpt>
			<trkpt lat="49.26466292036588" lon="-123.2529981718134">
				<ele>94.36295571830124</ele>
				<time>2025-08-19T22:52:56Z</time>
			</trkpt>
			<trkpt lat="49.26468204524798" lon="-123.25298029344349">
				<ele>94.17697515338659</ele>
				<time>2025-08-19T22:52:58Z</time>
			</trkpt>
			<trkpt lat="49.26469868248197" lon="-123.25296854151094">
				<ele>94.25972530897707</ele>
				<time>2025-08-19T22:53:00Z</time>
			</trkpt>
			<trkpt lat="49.264725859524546" lon="-123.25294908727719">
				<ele>93.80805092677474</ele>
				<time>2025-08-19T22:53:04Z</time>
			</trkpt>
			<trkpt lat="49.26474471508127" lon="-123.25293830079227">
				<ele>93.81941372621804</ele>
				<time>2025-08-19T22:53:06Z</time>
			</trkpt>
			<trkpt lat="49.26476703183407" lon="-123.25293380218105">
				<ele>93.53664351068437</ele>
				<time>2025-08-19T22:53:09Z</time>
			</trkpt>
			<trkpt lat="49.26475667057425" lon="-123.25293719483312">
				<ele>94.2846422130242</ele>
				<time>2025-08-19T22:53:22Z</time>
			</trkpt>
			<trkpt lat="49.26475924757893" lon="-123.25290473450761">
				<ele>94.23883192706853</ele>
				<time>2025-08-19T22:53:39Z</time>
			</trkpt>
			<trkpt lat="49.26473809114977" lon="-123.25287424747968">
				<ele>94.28481165878475</ele>
				<time>2025-08-19T22:53:41Z</time>
			</trkpt>
			<trkpt lat="49.26471975241082" lon="-123.2528489965537">
				<ele>94.07917000725865</ele>
				<time>2025-08-19T22:53:43Z</time>
			</trkpt>
			<trkpt lat="49.26470621139897" lon="-123.25281701530835">
				<ele>93.97640601079911</ele>
				<time>2025-08-19T22:53:45Z</time>
			</trkpt>
			<trkpt lat="49.26472134733275" lon="-123.25282037846695">
				<ele>93.69046503212303</ele>
				<time>2025-08-19T22:53:52Z</time>
			</trkpt>
			<trkpt lat="49.26472329130576" lon="-123.25282287011822">
				<ele>93.69046503212303</ele>
				<time>2025-08-19T22:53:59Z</time>
			</trkpt>
			<trkpt lat="49.26470533473813" lon="-123.25280869062104">
				<ele>95.16334899142385</ele>
				<time>2025-08-19T22:54:04Z</time>
			</trkpt>
			<trkpt lat="49.264722169625365" lon="-123.25281374467204">
				<ele>94.24735014792532</ele>
				<time>2025-08-19T22:54:18Z</time>
			</trkpt>
			<trkpt lat="49.264592181946576" lon="-123.25278591099789">
				<ele>93.81123881787062</ele>
				<time>2025-08-19T22:54:30Z</time>
			</trkpt>
			<trkpt lat="49.26463507860599" lon="-123.25276710437166">
				<ele>93.64490823447704</ele>
				<time>2025-08-19T22:54:31Z</time>
			</trkpt>
			<trkpt lat="49.26467706414301" lon="-123.25274830925648">
				<ele>94.16324231494218</ele>
				<time>2025-08-19T22:54:32Z</time>
			</trkpt>
			<trkpt lat="49.264632748555236" lon="-123.25283743069785">
				<ele>94.3458246588707</ele>
				<time>2025-08-19T22:54:33Z</time>
			</trkpt>
			<trkpt lat="49.26465455024895" lon="-123.25283122475221">
				<ele>94.14560922700912</ele>
				<time>2025-08-19T22:54:34Z</time>
			</trkpt>
			<trkpt lat="49.26469400169706" lon="-123.25281959929464">
				<ele>94.20892356522381</ele>
				<time>2025-08-19T22:54:35Z</time>
			</trkpt>
			<trkpt lat="49.264709576286386" lon="-123.25280985201272">
				<ele>94.43593754805624</ele>
				<time>2025-08-19T22:54:39Z</time>
			</trkpt>
			<trkpt lat="49.264711962496015" lon="-123.25284122160431">
				<ele>93.94336820393801</ele>
				<time>2025-08-19T22:55:14Z</time>
			</trkpt>
			<trkpt lat="49.26471914133593" lon="-123.25286697495395">
				<ele>94.24505552835763</ele>
				<time>2025-08-19T22:55:18Z</time>
			</trkpt>
			<trkpt lat="49.26471593869925" lon="-123.2528540150882">
				<ele>93.9347322722897</ele>
				<time>2025-08-19T22:55:27Z</time>
			</trkpt>
			<trkpt lat="49.26473050223815" lon="-123.25283198342196">
				<ele>94.29805562272668</ele>
				<time>2025-08-19T22:55:40Z</time>
			</trkpt>
			<trkpt lat="49.2646984611474" lon="-123.25284022728987">
				<ele>94.08475794643164</ele>
				<time>2025-08-19T22:55:45Z</time>
			</trkpt>
			<trkpt lat="49.26470679300771" lon="-123.25284506515976">
				<ele>93.94803718104959</ele>
				<time>2025-08-19T22:55:48Z</time>
			</trkpt>
			<trkpt lat="49.264684428757924" lon="-123.2528303172591">
				<ele>93.38357897475362</ele>
				<time>2025-08-19T22:55:58Z</time>
			</trkpt>
			<trkpt lat="49.26467999682134" lon="-123.25282580516708">
				<ele>93.43184165842831</ele>
				<time>2025-08-19T22:55:59Z</time>
			</trkpt>
			<trkpt lat="49.26467575171057" lon="-123.25282144959128">
				<ele>93.42546991165727</ele>
				<time>2025-08-19T22:56:06Z</time>
			</trkpt>
			<trkpt lat="49.26466754184137" lon="-123.25282384864556">
				<ele>94.13480341713876</ele>
				<time>2025-08-19T22:56:11Z</time>
			</trkpt>
			<trkpt lat="49.26468786508522" lon="-123.252822937737">
				<ele>94.51081121247262</ele>
				<time>2025-08-19T22:56:45Z</time>
			</trkpt>
			<trkpt lat="49.264682984873446" lon="-123.25282864979717">
				<ele>94.43896386679262</ele>
				<time>2025-08-19T22:56:47Z</time>
			</trkpt>
			<trkpt lat="49.26469189045035" lon="-123.25282922611582">
				<ele>94.35253984760493</ele>
				<time>2025-08-19T22:56:55Z</time>
			</trkpt>
			<trkpt lat="49.26474363060268" lon="-123.25280716030746">
				<ele>94.81019305810332</ele>
				<time>2025-08-19T22:57:02Z</time>
			</trkpt>
			<trkpt lat="49.26474752464209" lon="-123.25284704813195">
				<ele>94.39270431455225</ele>
				<time>2025-08-19T22:57:13Z</time>
			</trkpt>
			<trkpt lat="49.26474731517005" lon="-123.2528830880951">
				<ele>94.2645814428106</ele>
				<time>2025-08-19T22:57:16Z</time>
			</trkpt>
			<trkpt lat="49.26475823947168" lon="-123.25294752963941">
				<ele>94.30841038469225</ele>
				<time>2025-08-19T22:57:18Z</time>
			</trkpt>
			<trkpt lat="49.26477396661123" lon="-123.25296450729145">
				<ele>94.28154931683093</ele>
				<time>2025-08-19T22:57:22Z</time>
			</trkpt>
			<trkpt lat="49.26479339669783" lon="-123.25298414750424">
				<ele>94.17493654973805</ele>
				<time>2025-08-19T22:57:25Z</time>
			</trkpt>
			<trkpt lat="49.26482144002168" lon="-123.25299511051224">
				<ele>94.40115482732654</ele>
				<time>2025-08-19T22:57:28Z</time>
			</trkpt>
			<trkpt lat="49.2648395756351" lon="-123.2530071162881">
				<ele>94.20213703531772</ele>
				<time>2025-08-19T22:57:30Z</time>
			</trkpt>
			<trkpt lat="49.2648570421305" lon="-123.25301748039054">
				<ele>94.33058803062886</ele>
				<time>2025-08-19T22:57:32Z</time>
			</trkpt>
			<trkpt lat="49.26488010918756" lon="-123.2530217167344">
				<ele>94.24457539711148</ele>
				<time>2025-08-19T22:57:35Z</time>
			</trkpt>
			<trkpt lat="49.26489905824558" lon="-123.2530312511315">
				<ele>94.36197476368397</ele>
				<time>2025-08-19T22:57:38Z</time>
			</trkpt>
			<trkpt lat="49.26492083575912" lon="-123.25304976781835">
				<ele>94.10829794313759</ele>
				<time>2025-08-19T22:57:40Z</time>
			</trkpt>
			<trkpt lat="49.2649374128902" lon="-123.2530651379301">
				<ele>94.32468213979155</ele>
				<time>2025-08-19T22:57:42Z</time>
			</trkpt>
			<trkpt lat="49.264957245308686" lon="-123.2530845118746">
				<ele>94.10586044937372</ele>
				<time>2025-08-19T22:57:45Z</time>
			</trkpt>
			<trkpt lat="49.26497164091096" lon="-123.25311253855097">
				<ele>93.73616414051503</ele>
				<time>2025-08-19T22:57:47Z</time>
			</trkpt>
			<trkpt lat="49.26499427935087" lon="-123.25311826054224">
				<ele>93.70020525995642</ele>
				<time>2025-08-19T22:57:50Z</time>
			</trkpt>
			<trkpt lat="49.26501279190732" lon="-123.25313252994779">
				<ele>93.6082838717848</ele>
				<time>2025-08-19T22:57:52Z</time>
			</trkpt>
			<trkpt lat="49.26503625404833" lon="-123.25314726326552">
				<ele>93.68427804857492</ele>
				<time>2025-08-19T22:57:55Z</time>
			</trkpt>
			<trkpt lat="49.26505883745479" lon="-123.25317500077495">
				<ele>93.94980478007346</ele>
				<time>2025-08-19T22:57:58Z</time>
			</trkpt>
			<trkpt lat="49.265074578121535" lon="-123.25319825651401">
				<ele>93.52416845597327</ele>
				<time>2025-08-19T22:58:01Z</time>
			</trkpt>
			<trkpt lat="49.26509477046854" lon="-123.25322971280583">
				<ele>93.27156438492239</ele>
				<time>2025-08-19T22:58:04Z</time>
			</trkpt>
			<trkpt lat="49.26510062248217" lon="-123.25325696030362">
				<ele>93.46788470633328</ele>
				<time>2025-08-19T22:58:06Z</time>
			</trkpt>
			<trkpt lat="49.26510696431241" lon="-123.25329400022564">
				<ele>93.28730738535523</ele>
				<time>2025-08-19T22:58:08Z</time>
			</trkpt>
			<trkpt lat="49.265112039821375" lon="-123.25332868435656">
				<ele>93.08490596991032</ele>
				<time>2025-08-19T22:58:10Z</time>
			</trkpt>
			<trkpt lat="49.26511481413758" lon="-123.25336487984222">
				<ele>93.10152157396078</ele>
				<time>2025-08-19T22:58:12Z</time>
			</trkpt>
			<trkpt lat="49.26511427250983" lon="-123.25340982159476">
				<ele>92.5708433482796</ele>
				<time>2025-08-19T22:58:14Z</time>
			</trkpt>
			<trkpt lat="49.26511981838951" lon="-123.25344185824974">
				<ele>92.23200389929116</ele>
				<time>2025-08-19T22:58:16Z</time>
			</trkpt>
			<trkpt lat="49.265119595587485" lon="-123.25347551317648">
				<ele>92.72101660445333</ele>
				<time>2025-08-19T22:58:18Z</time>
			</trkpt>
			<trkpt lat="49.265124321126585" lon="-123.25350430123873">
				<ele>92.36443574540317</ele>
				<time>2025-08-19T22:58:20Z</time>
			</trkpt>
			<trkpt lat="49.26510761550421" lon="-123.25352232269493">
				<ele>92.39533433970064</ele>
				<time>2025-08-19T22:58:31Z</time>
			</trkpt>
			<trkpt lat="49.26510239284308" lon="-123.25350729583178">
				<ele>92.53354316297919</ele>
				<time>2025-08-19T22:58:43Z</time>
			</trkpt>
			<trkpt lat="49.265083538794144" lon="-123.25351992638205">
				<ele>92.87131427228451</ele>
				<time>2025-08-19T22:58:51Z</time>
			</trkpt>
			<trkpt lat="49.26506427056887" lon="-123.25353004954984">
				<ele>93.34981788042933</ele>
				<time>2025-08-19T22:58:52Z</time>
			</trkpt>
			<trkpt lat="49.26509212323486" lon="-123.25350529425057">
				<ele>93.06406810134649</ele>
				<time>2025-08-19T22:59:03Z</time>
			</trkpt>
			<trkpt lat="49.26506824594364" lon="-123.25346730292803">
				<ele>93.41844049002975</ele>
				<time>2025-08-19T22:59:07Z</time>
			</trkpt>
			<trkpt lat="49.26508068678152" lon="-123.25350807748627">
				<ele>93.21905494760722</ele>
				<time>2025-08-19T22:59:08Z</time>
			</trkpt>
			<trkpt lat="49.265102082618206" lon="-123.25350600883864">
				<ele>92.77238685730845</ele>
				<time>2025-08-19T22:59:20Z</time>
			</trkpt>
			<trkpt lat="49.26508706328027" lon="-123.25353337420144">
				<ele>92.95474505610764</ele>
				<time>2025-08-19T22:59:26Z</time>
			</trkpt>
			<trkpt lat="49.2651020662464" lon="-123.25346899097224">
				<ele>92.5085069378838</ele>
				<time>2025-08-19T22:59:35Z</time>
			</trkpt>
			<trkpt lat="49.26511151694049" lon="-123.25343975576112">
				<ele>93.94605379831046</ele>
				<time>2025-08-19T22:59:39Z</time>
			</trkpt>
			<trkpt lat="49.26510249206195" lon="-123.25348671875138">
				<ele>93.83921231050044</ele>
				<time>2025-08-19T22:59:43Z</time>
			</trkpt>
			<trkpt lat="49.265116041763626" lon="-123.25346848305655">
				<ele>93.83829973917454</ele>
				<time>2025-08-19T22:59:53Z</time>
			</trkpt>
			<trkpt lat="49.2651119309146" lon="-123.25343919497394">
				<ele>93.69764809124172</ele>
				<time>2025-08-19T23:00:21Z</time>
			</trkpt>
			<trkpt lat="49.26511270629967" lon="-123.2534073802377">
				<ele>94.13730116002262</ele>
				<time>2025-08-19T23:00:44Z</time>
			</trkpt>
			<trkpt lat="49.26511894012583" lon="-123.25337937753146">
				<ele>94.26422888599336</ele>
				<time>2025-08-19T23:00:57Z</time>
			</trkpt>
			<trkpt lat="49.26508088132991" lon="-123.25338652245925">
				<ele>92.96985678374767</ele>
				<time>2025-08-19T23:01:27Z</time>
			</trkpt>
			<trkpt lat="49.26508436855521" lon="-123.25337738595768">
				<ele>93.19113600160927</ele>
				<time>2025-08-19T23:01:32Z</time>
			</trkpt>
			<trkpt lat="49.2650961618143" lon="-123.25335650126326">
				<ele>93.43995879031718</ele>
				<time>2025-08-19T23:01:33Z</time>
			</trkpt>
			<trkpt lat="49.26510562720815" lon="-123.25339228199665">
				<ele>93.47654665913433</ele>
				<time>2025-08-19T23:01:36Z</time>
			</trkpt>
			<trkpt lat="49.26509089785051" lon="-123.25335565833328">
				<ele>93.46647938713431</ele>
				<time>2025-08-19T23:01:37Z</time>
			</trkpt>
			<trkpt lat="49.26510218930179" lon="-123.25338376991539">
				<ele>93.46647938713431</ele>
				<time>2025-08-19T23:01:42Z</time>
			</trkpt>
			<trkpt lat="49.26509842288787" lon="-123.25326955994802">
				<ele>94.48347400035709</ele>
				<time>2025-08-19T23:01:58Z</time>
			</trkpt>
			<trkpt lat="49.265098402507974" lon="-123.25330133967664">
				<ele>93.6049430090934</ele>
				<time>2025-08-19T23:02:02Z</time>
			</trkpt>
			<trkpt lat="49.265101576711224" lon="-123.2533380003417">
				<ele>93.5163233038038</ele>
				<time>2025-08-19T23:02:06Z</time>
			</trkpt>
			<trkpt lat="49.265091199905626" lon="-123.25332475132791">
				<ele>93.51734447851777</ele>
				<time>2025-08-19T23:02:08Z</time>
			</trkpt>
			<trkpt lat="49.26508252335998" lon="-123.2534458754362">
				<ele>93.54491195175797</ele>
				<time>2025-08-19T23:02:20Z</time>
			</trkpt>
			<trkpt lat="49.26509516897473" lon="-123.25347502569872">
				<ele>93.32743732724339</ele>
				<time>2025-08-19T23:02:21Z</time>
			</trkpt>
			<trkpt lat="49.26510831640049" lon="-123.2535101810673">
				<ele>93.2567734895274</ele>
				<time>2025-08-19T23:02:24Z</time>
			</trkpt>
			<trkpt lat="49.26509237727631" lon="-123.2533485264144">
				<ele>93.25278912577778</ele>
				<time>2025-08-19T23:02:27Z</time>
			</trkpt>
			<trkpt lat="49.265089122460985" lon="-123.25339523315232">
				<ele>93.33107453677803</ele>
				<time>2025-08-19T23:02:32Z</time>
			</trkpt>
			<trkpt lat="49.265103919424" lon="-123.25342163046264">
				<ele>93.66114839725196</ele>
				<time>2025-08-19T23:02:41Z</time>
			</trkpt>
			<trkpt lat="49.26511352379348" lon="-123.25346647315507">
				<ele>93.24432720895857</ele>
				<time>2025-08-19T23:02:56Z</time>
			</trkpt>
			<trkpt lat="49.265116666494635" lon="-123.25349978327587">
				<ele>92.84173553995788</ele>
				<time>2025-08-19T23:03:04Z</time>
			</trkpt>
			<trkpt lat="49.265103305178016" lon="-123.25352770304046">
				<ele>92.8427321780473</ele>
				<time>2025-08-19T23:03:08Z</time>
			</trkpt>
			<trkpt lat="49.265082933661255" lon="-123.25352312509254">
				<ele>92.8501094924286</ele>
				<time>2025-08-19T23:03:09Z</time>
			</trkpt>
			<trkpt lat="49.265074653987455" lon="-123.25349581857574">
				<ele>92.6999843865633</ele>
				<time>2025-08-19T23:03:11Z</time>
			</trkpt>
			<trkpt lat="49.265110115874236" lon="-123.25350196331884">
				<ele>93.13401088491082</ele>
				<time>2025-08-19T23:03:13Z</time>
			</trkpt>
			<trkpt lat="49.265134083305206" lon="-123.25346786589317">
				<ele>92.97174991015345</ele>
				<time>2025-08-19T23:03:15Z</time>
			</trkpt>
			<trkpt lat="49.26515551296918" lon="-123.25345982708856">
				<ele>93.133146985434</ele>
				<time>2025-08-19T23:03:17Z</time>
			</trkpt>
			<trkpt lat="49.26516878198048" lon="-123.25343676977664">
				<ele>93.2966780308634</ele>
				<time>2025-08-19T23:03:19Z</time>
			</trkpt>
			<trkpt lat="49.26518841949329" lon="-123.25342347520649">
				<ele>93.12733427993953</ele>
				<time>2025-08-19T23:03:20Z</time>
			</trkpt>
			<trkpt lat="49.26521217450465" lon="-123.25341430660484">
				<ele>93.56758924946189</ele>
				<time>2025-08-19T23:03:22Z</time>
			</trkpt>
			<trkpt lat="49.26524422522599" lon="-123.25343630689675">
				<ele>93.4778538942337</ele>
				<time>2025-08-19T23:03:24Z</time>
			</trkpt>
			<trkpt lat="49.265265705317795" lon="-123.25345022858608">
				<ele>93.75574829243124</ele>
				<time>2025-08-19T23:03:26Z</time>
			</trkpt>
			<trkpt lat="49.265292025955304" lon="-123.25345073189649">
				<ele>92.80874009151012</ele>
				<time>2025-08-19T23:03:28Z</time>
			</trkpt>
			<trkpt lat="49.265315070197886" lon="-123.25346048625033">
				<ele>92.93095021881163</ele>
				<time>2025-08-19T23:03:30Z</time>
			</trkpt>
			<trkpt lat="49.26533192979421" lon="-123.25347645238105">
				<ele>93.45821394585073</ele>
				<time>2025-08-19T23:03:31Z</time>
			</trkpt>
			<trkpt lat="49.26535066216416" lon="-123.25347882899807">
				<ele>93.26557305641472</ele>
				<time>2025-08-19T23:03:33Z</time>
			</trkpt>
			<trkpt lat="49.26537335220347" lon="-123.25347512058376">
				<ele>92.67765651643276</ele>
				<time>2025-08-19T23:03:35Z</time>
			</trkpt>
			<trkpt lat="49.26537799726934" lon="-123.25348944879087">
				<ele>92.33235224336386</ele>
				<time>2025-08-19T23:03:59Z</time>
			</trkpt>
			<trkpt lat="49.26537474449491" lon="-123.25346064058341">
				<ele>92.21799805387855</ele>
				<time>2025-08-19T23:04:00Z</time>
			</trkpt>
			<trkpt lat="49.265362615769135" lon="-123.25350415631874">
				<ele>92.41010329220444</ele>
				<time>2025-08-19T23:04:03Z</time>
			</trkpt>
			<trkpt lat="49.26533640131276" lon="-123.2535516202971">
				<ele>92.26678020413965</ele>
				<time>2025-08-19T23:04:06Z</time>
			</trkpt>
			<trkpt lat="49.26534837347904" lon="-123.25352849580544">
				<ele>92.19002815987915</ele>
				<time>2025-08-19T23:04:09Z</time>
			</trkpt>
			<trkpt lat="49.26537196380791" lon="-123.25353049590248">
				<ele>91.92960558924824</ele>
				<time>2025-08-19T23:04:25Z</time>
			</trkpt>
			<trkpt lat="49.26537489736984" lon="-123.25352750035819">
				<ele>91.92960558924824</ele>
				<time>2025-08-19T23:04:30Z</time>
			</trkpt>
			<trkpt lat="49.26537165897404" lon="-123.2535715047117">
				<ele>92.93495707865804</ele>
				<time>2025-08-19T23:04:49Z</time>
			</trkpt>
			<trkpt lat="49.26542379235036" lon="-123.25355641664208">
				<ele>94.08618270140141</ele>
				<time>2025-08-19T23:04:53Z</time>
			</trkpt>
			<trkpt lat="49.26539016717028" lon="-123.25354231313278">
				<ele>93.91496795788407</ele>
				<time>2025-08-19T23:04:57Z</time>
			</trkpt>
			<trkpt lat="49.265409389557966" lon="-123.25353620242727">
				<ele>92.50246171373874</ele>
				<time>2025-08-19T23:05:21Z</time>
			</trkpt>
			<trkpt lat="49.26542141029374" lon="-123.25351440954275">
				<ele>92.50246171373874</ele>
				<time>2025-08-19T23:05:32Z</time>
			</trkpt>
			<trkpt lat="49.265476057939736" lon="-123.25342081684286">
				<ele>92.25595041364431</ele>
				<time>2025-08-19T23:05:42Z</time>
			</trkpt>
			<trkpt lat="49.26545132130443" lon="-123.25342560982484">
				<ele>92.11005223169923</ele>
				<time>2025-08-19T23:05:43Z</time>
			</trkpt>
			<trkpt lat="49.265430208358154" lon="-123.25344059221753">
				<ele>92.46416171081364</ele>
				<time>2025-08-19T23:05:47Z</time>
			</trkpt>
			<trkpt lat="49.26544096681576" lon="-123.25349102091721">
				<ele>92.33250660542399</ele>
				<time>2025-08-19T23:05:53Z</time>
			</trkpt>
			<trkpt lat="49.265416614879605" lon="-123.25346881795512">
				<ele>92.63252353668213</ele>
				<time>2025-08-19T23:06:06Z</time>
			</trkpt>
			<trkpt lat="49.26539461878349" lon="-123.25347727365128">
				<ele>92.59061959385872</ele>
				<time>2025-08-19T23:06:07Z</time>
			</trkpt>
			<trkpt lat="49.26528073947995" lon="-123.25353094479794">
				<ele>92.90998338907957</ele>
				<time>2025-08-19T23:06:10Z</time>
			</trkpt>
			<trkpt lat="49.265287418111605" lon="-123.2535585092359">
				<ele>92.69785497244447</ele>
				<time>2025-08-19T23:06:11Z</time>
			</trkpt>
			<trkpt lat="49.26529836654245" lon="-123.25354901647319">
				<ele>92.6553351432085</ele>
				<time>2025-08-19T23:06:12Z</time>
			</trkpt>
			<trkpt lat="49.26534608976933" lon="-123.25355206472682">
				<ele>92.8829518193379</ele>
				<time>2025-08-19T23:06:15Z</time>
			</trkpt>
			<trkpt lat="49.265347413428756" lon="-123.25354944649808">
				<ele>92.6086631771177</ele>
				<time>2025-08-19T23:06:18Z</time>
			</trkpt>
			<trkpt lat="49.26536624387049" lon="-123.25353187962045">
				<ele>93.04267991241068</ele>
				<time>2025-08-19T23:06:22Z</time>
			</trkpt>
			<trkpt lat="49.26536943042231" lon="-123.25350328839903">
				<ele>92.97524350695312</ele>
				<time>2025-08-19T23:06:27Z</time>
			</trkpt>
			<trkpt lat="49.265390629361434" lon="-123.25351460274938">
				<ele>93.0597715601325</ele>
				<time>2025-08-19T23:06:30Z</time>
			</trkpt>
			<trkpt lat="49.2653748864526" lon="-123.253510900317">
				<ele>92.23271614126861</ele>
				<time>2025-08-19T23:07:14Z</time>
			</trkpt>
			<trkpt lat="49.265396348021696" lon="-123.25353754119301">
				<ele>93.12085173651576</ele>
				<time>2025-08-19T23:07:45Z</time>
			</trkpt>
			<trkpt lat="49.265374426780724" lon="-123.25352467999767">
				<ele>92.30083784740418</ele>
				<time>2025-08-19T23:07:52Z</time>
			</trkpt>
			<trkpt lat="49.26538695968367" lon="-123.25355291056087">
				<ele>92.44894903991371</ele>
				<time>2025-08-19T23:07:54Z</time>
			</trkpt>
			<trkpt lat="49.265369131677495" lon="-123.25355930019715">
				<ele>92.48034579399973</ele>
				<time>2025-08-19T23:08:01Z</time>
			</trkpt>
			<trkpt lat="49.265277155831605" lon="-123.25363602173667">
				<ele>93.03275773115456</ele>
				<time>2025-08-19T23:08:17Z</time>
			</trkpt>
			<trkpt lat="49.2653047114761" lon="-123.25362647389645">
				<ele>92.81013958156109</ele>
				<time>2025-08-19T23:08:24Z</time>
			</trkpt>
			<trkpt lat="49.265330013013596" lon="-123.25361331771232">
				<ele>92.92477252334356</ele>
				<time>2025-08-19T23:08:25Z</time>
			</trkpt>
			<trkpt lat="49.265364762361926" lon="-123.25358492288451">
				<ele>92.90845346264541</ele>
				<time>2025-08-19T23:08:27Z</time>
			</trkpt>
			<trkpt lat="49.265382592536874" lon="-123.25357257397292">
				<ele>92.9036823688075</ele>
				<time>2025-08-19T23:08:28Z</time>
			</trkpt>
			<trkpt lat="49.26539858107392" lon="-123.25355194678473">
				<ele>92.90050629340112</ele>
				<time>2025-08-19T23:08:29Z</time>
			</trkpt>
			<trkpt lat="49.26541269894613" lon="-123.25353011147328">
				<ele>92.94986839592457</ele>
				<time>2025-08-19T23:08:30Z</time>
			</trkpt>
			<trkpt lat="49.26544058537717" lon="-123.2535186820651">
				<ele>92.71342732291669</ele>
				<time>2025-08-19T23:08:32Z</time>
			</trkpt>
			<trkpt lat="49.26546778217617" lon="-123.25352151963627">
				<ele>92.77902044728398</ele>
				<time>2025-08-19T23:08:34Z</time>
			</trkpt>
			<trkpt lat="49.26548847777367" lon="-123.25352650030183">
				<ele>92.36981149110943</ele>
				<time>2025-08-19T23:08:36Z</time>
			</trkpt>
			<trkpt lat="49.26551460109317" lon="-123.25354431654878">
				<ele>92.00953241530806</ele>
				<time>2025-08-19T23:08:38Z</time>
			</trkpt>
			<trkpt lat="49.26553638792409" lon="-123.25355183972631">
				<ele>92.12435716670007</ele>
				<time>2025-08-19T23:08:40Z</time>
			</trkpt>
			<trkpt lat="49.26555436220223" lon="-123.2535609419137">
				<ele>92.28360222280025</ele>
				<time>2025-08-19T23:08:42Z</time>
			</trkpt>
			<trkpt lat="49.26557744454277" lon="-123.2535744392313">
				<ele>91.7405954292044</ele>
				<time>2025-08-19T23:08:44Z</time>
			</trkpt>
			<trkpt lat="49.26559504244083" lon="-123.25359120580916">
				<ele>91.68295762781054</ele>
				<time>2025-08-19T23:08:46Z</time>
			</trkpt>
			<trkpt lat="49.265614636526976" lon="-123.2536030671346">
				<ele>91.40531162451953</ele>
				<time>2025-08-19T23:08:48Z</time>
			</trkpt>
			<trkpt lat="49.2656564708886" lon="-123.2536294474968">
				<ele>92.72712987009436</ele>
				<time>2025-08-19T23:08:51Z</time>
			</trkpt>
			<trkpt lat="49.26567598384341" lon="-123.25364117509658">
				<ele>92.06656825356185</ele>
				<time>2025-08-19T23:08:55Z</time>
			</trkpt>
			<trkpt lat="49.26569493789747" lon="-123.25366158997856">
				<ele>92.04672297742218</ele>
				<time>2025-08-19T23:08:57Z</time>
			</trkpt>
			<trkpt lat="49.265722121220804" lon="-123.25368290677864">
				<ele>92.08351178467274</ele>
				<time>2025-08-19T23:09:00Z</time>
			</trkpt>
			<trkpt lat="49.26573991049725" lon="-123.25370207203784">
				<ele>91.70544214360416</ele>
				<time>2025-08-19T23:09:02Z</time>
			</trkpt>
			<trkpt lat="49.26575900780722" lon="-123.25372492989148">
				<ele>91.52883757930249</ele>
				<time>2025-08-19T23:09:05Z</time>
			</trkpt>
			<trkpt lat="49.2657748890762" lon="-123.25373995259818">
				<ele>92.10492759384215</ele>
				<time>2025-08-19T23:09:07Z</time>
			</trkpt>
			<trkpt lat="49.265792250461416" lon="-123.25376473840281">
				<ele>91.48160791862756</ele>
				<time>2025-08-19T23:09:10Z</time>
			</trkpt>
			<trkpt lat="49.26581364408626" lon="-123.25378052372838">
				<ele>91.634993894957</ele>
				<time>2025-08-19T23:09:12Z</time>
			</trkpt>
			<trkpt lat="49.26583548095915" lon="-123.2537928927359">
				<ele>91.33316099271178</ele>
				<time>2025-08-19T23:09:15Z</time>
			</trkpt>
			<trkpt lat="49.26585225406099" lon="-123.25380718389013">
				<ele>91.60726028587669</ele>
				<time>2025-08-19T23:09:17Z</time>
			</trkpt>
			<trkpt lat="49.26586517327065" lon="-123.25383630511045">
				<ele>92.0043865814805</ele>
				<time>2025-08-19T23:09:19Z</time>
			</trkpt>
			<trkpt lat="49.26587502074133" lon="-123.25386676139146">
				<ele>91.75470499508083</ele>
				<time>2025-08-19T23:09:22Z</time>
			</trkpt>
			<trkpt lat="49.26589594933552" lon="-123.25389941467435">
				<ele>92.26188986748457</ele>
				<time>2025-08-19T23:09:24Z</time>
			</trkpt>
			<trkpt lat="49.26591579838515" lon="-123.25391537539764">
				<ele>92.52220278047025</ele>
				<time>2025-08-19T23:09:25Z</time>
			</trkpt>
			<trkpt lat="49.265898676154386" lon="-123.25395890376532">
				<ele>92.17433345410973</ele>
				<time>2025-08-19T23:09:27Z</time>
			</trkpt>
			<trkpt lat="49.26587820921504" lon="-123.25392305378655">
				<ele>91.97408850304782</ele>
				<time>2025-08-19T23:09:34Z</time>
			</trkpt>
			<trkpt lat="49.26588036700381" lon="-123.2538771137553">
				<ele>91.97363576386124</ele>
				<time>2025-08-19T23:09:39Z</time>
			</trkpt>
			<trkpt lat="49.265885152654974" lon="-123.25390651029913">
				<ele>92.32893197517842</ele>
				<time>2025-08-19T23:09:42Z</time>
			</trkpt>
			<trkpt lat="49.265900931347986" lon="-123.25393059312209">
				<ele>92.36847940087318</ele>
				<time>2025-08-19T23:09:53Z</time>
			</trkpt>
			<trkpt lat="49.26588502243365" lon="-123.2538938440771">
				<ele>91.5027261916548</ele>
				<time>2025-08-19T23:10:08Z</time>
			</trkpt>
			<trkpt lat="49.26588316413799" lon="-123.25391381790372">
				<ele>91.4187731128186</ele>
				<time>2025-08-19T23:10:21Z</time>
			</trkpt>
			<trkpt lat="49.265898462613826" lon="-123.25389908335009">
				<ele>92.52092754282057</ele>
				<time>2025-08-19T23:11:02Z</time>
			</trkpt>
			<trkpt lat="49.26595710200874" lon="-123.2538873722895">
				<ele>92.33173238951713</ele>
				<time>2025-08-19T23:11:06Z</time>
			</trkpt>
			<trkpt lat="49.26589929165243" lon="-123.25389944189939">
				<ele>92.35507320705801</ele>
				<time>2025-08-19T23:11:12Z</time>
			</trkpt>
			<trkpt lat="49.265917430987145" lon="-123.25390080244061">
				<ele>92.07270249444991</ele>
				<time>2025-08-19T23:11:20Z</time>
			</trkpt>
			<trkpt lat="49.265958372938414" lon="-123.25393018121133">
				<ele>92.26961587369442</ele>
				<time>2025-08-19T23:12:14Z</time>
			</trkpt>
			<trkpt lat="49.265940141476385" lon="-123.25394997348816">
				<ele>92.33513678610325</ele>
				<time>2025-08-19T23:12:24Z</time>
			</trkpt>
			<trkpt lat="49.26591953211496" lon="-123.25394659105932">
				<ele>92.30290610715747</ele>
				<time>2025-08-19T23:12:26Z</time>
			</trkpt>
			<trkpt lat="49.26589394674778" lon="-123.253937258006">
				<ele>92.07875187601894</ele>
				<time>2025-08-19T23:12:30Z</time>
			</trkpt>
			<trkpt lat="49.26591039412494" lon="-123.25391325319627">
				<ele>91.99630940705538</ele>
				<time>2025-08-19T23:12:34Z</time>
			</trkpt>
			<trkpt lat="49.26593548770597" lon="-123.25389584723821">
				<ele>92.54342228826135</ele>
				<time>2025-08-19T23:12:36Z</time>
			</trkpt>
			<trkpt lat="49.26595419280055" lon="-123.25388945110831">
				<ele>92.2200631564483</ele>
				<time>2025-08-19T23:12:38Z</time>
			</trkpt>
			<trkpt lat="49.26597271948678" lon="-123.25389476846523">
				<ele>92.19647321850061</ele>
				<time>2025-08-19T23:12:40Z</time>
			</trkpt>
			<trkpt lat="49.265993058471615" lon="-123.25390923405033">
				<ele>92.50470349565148</ele>
				<time>2025-08-19T23:12:42Z</time>
			</trkpt>
			<trkpt lat="49.266012331878954" lon="-123.25392393023706">
				<ele>92.592699771747</ele>
				<time>2025-08-19T23:12:44Z</time>
			</trkpt>
			<trkpt lat="49.266031125678" lon="-123.25393706851781">
				<ele>92.06449913419783</ele>
				<time>2025-08-19T23:12:46Z</time>
			</trkpt>
			<trkpt lat="49.266046504263976" lon="-123.25395362803839">
				<ele>92.52213511429727</ele>
				<time>2025-08-19T23:12:48Z</time>
			</trkpt>
			<trkpt lat="49.266065506743715" lon="-123.25396459933735">
				<ele>91.86318723205477</ele>
				<time>2025-08-19T23:12:50Z</time>
			</trkpt>
			<trkpt lat="49.26609051998415" lon="-123.25397648350176">
				<ele>92.32659599371254</ele>
				<time>2025-08-19T23:12:53Z</time>
			</trkpt>
			<trkpt lat="49.26612655408801" lon="-123.25396452611551">
				<ele>91.88613464403898</ele>
				<time>2025-08-19T23:12:56Z</time>
			</trkpt>
			<trkpt lat="49.26614511055483" lon="-123.25395438283952">
				<ele>92.54682657402009</ele>
				<time>2025-08-19T23:12:58Z</time>
			</trkpt>
			<trkpt lat="49.26616542521686" lon="-123.2539568793472">
				<ele>92.08170390687883</ele>
				<time>2025-08-19T23:13:00Z</time>
			</trkpt>
			<trkpt lat="49.26618933006251" lon="-123.25394747897991">
				<ele>92.35437008459121</ele>
				<time>2025-08-19T23:13:02Z</time>
			</trkpt>
			<trkpt lat="49.266210350375545" lon="-123.25395188786237">
				<ele>91.8087302017957</ele>
				<time>2025-08-19T23:13:04Z</time>
			</trkpt>
			<trkpt lat="49.26623484813572" lon="-123.2539605792064">
				<ele>91.54132253862917</ele>
				<time>2025-08-19T23:13:06Z</time>
			</trkpt>
			<trkpt lat="49.266263845457054" lon="-123.25397897449827">
				<ele>91.49898521509022</ele>
				<time>2025-08-19T23:13:09Z</time>
			</trkpt>
			<trkpt lat="49.26628686862091" lon="-123.25399179182776">
				<ele>91.4130853926763</ele>
				<time>2025-08-19T23:13:11Z</time>
			</trkpt>
			<trkpt lat="49.26631072565202" lon="-123.25401829855605">
				<ele>91.84290351811796</ele>
				<time>2025-08-19T23:13:13Z</time>
			</trkpt>
			<trkpt lat="49.26633242720666" lon="-123.25402702644989">
				<ele>91.9100470552221</ele>
				<time>2025-08-19T23:13:15Z</time>
			</trkpt>
			<trkpt lat="49.266344850581675" lon="-123.25405049962471">
				<ele>91.91767184063792</ele>
				<time>2025-08-19T23:13:16Z</time>
			</trkpt>
			<trkpt lat="49.26636623591834" lon="-123.25406201328721">
				<ele>92.15524365473539</ele>
				<time>2025-08-19T23:13:18Z</time>
			</trkpt>
			<trkpt lat="49.2663813327517" lon="-123.25408247810913">
				<ele>91.80318898335099</ele>
				<time>2025-08-19T23:13:20Z</time>
			</trkpt>
			<trkpt lat="49.266399021696316" lon="-123.25408876572774">
				<ele>91.72395779471844</ele>
				<time>2025-08-19T23:13:22Z</time>
			</trkpt>
			<trkpt lat="49.26641539197722" lon="-123.2541008488766">
				<ele>91.909169415012</ele>
				<time>2025-08-19T23:13:24Z</time>
			</trkpt>
			<trkpt lat="49.26643585579395" lon="-123.25411639297917">
				<ele>92.27988240774721</ele>
				<time>2025-08-19T23:13:26Z</time>
			</trkpt>
			<trkpt lat="49.266455840090245" lon="-123.25412280268807">
				<ele>91.54143280535936</ele>
				<time>2025-08-19T23:13:29Z</time>
			</trkpt>
			<trkpt lat="49.266482187148725" lon="-123.25415106135145">
				<ele>91.98273569718003</ele>
				<time>2025-08-19T23:13:31Z</time>
			</trkpt>
			<trkpt lat="49.26650611546249" lon="-123.25416895118593">
				<ele>91.5280028609559</ele>
				<time>2025-08-19T23:13:34Z</time>
			</trkpt>
			<trkpt lat="49.26652997676036" lon="-123.25418902236878">
				<ele>91.68849797081202</ele>
				<time>2025-08-19T23:13:37Z</time>
			</trkpt>
			<trkpt lat="49.26655027605503" lon="-123.25420479175354">
				<ele>92.61149457469583</ele>
				<time>2025-08-19T23:13:38Z</time>
			</trkpt>
			<trkpt lat="49.2665662312328" lon="-123.25422241858872">
				<ele>91.71627949550748</ele>
				<time>2025-08-19T23:13:41Z</time>
			</trkpt>
			<trkpt lat="49.26658244696424" lon="-123.25423737175123">
				<ele>91.48860207106918</ele>
				<time>2025-08-19T23:13:43Z</time>
			</trkpt>
			<trkpt lat="49.266601738744" lon="-123.25426377668624">
				<ele>91.3779624896124</ele>
				<time>2025-08-19T23:13:45Z</time>
			</trkpt>
			<trkpt lat="49.266626333005505" lon="-123.25425604200863">
				<ele>91.54870870709419</ele>
				<time>2025-08-19T23:13:48Z</time>
			</trkpt>
			<trkpt lat="49.266651127949" lon="-123.25427810757996">
				<ele>91.63844874035567</ele>
				<time>2025-08-19T23:13:50Z</time>
			</trkpt>
			<trkpt lat="49.266676349155034" lon="-123.2542960429401">
				<ele>91.19016848504543</ele>
				<time>2025-08-19T23:13:53Z</time>
			</trkpt>
			<trkpt lat="49.266700219345445" lon="-123.25431156600298">
				<ele>91.27195830270648</ele>
				<time>2025-08-19T23:13:55Z</time>
			</trkpt>
			<trkpt lat="49.2667265920882" lon="-123.25432325857186">
				<ele>90.90908129513264</ele>
				<time>2025-08-19T23:13:59Z</time>
			</trkpt>
			<trkpt lat="49.26675522428937" lon="-123.25431488544622">
				<ele>91.26340755168349</ele>
				<time>2025-08-19T23:14:07Z</time>
			</trkpt>
			<trkpt lat="49.2667357614127" lon="-123.25431691589559">
				<ele>91.49624249059707</ele>
				<time>2025-08-19T23:14:10Z</time>
			</trkpt>
			<trkpt lat="49.26674424914344" lon="-123.25434580486193">
				<ele>90.96435174439102</ele>
				<time>2025-08-19T23:14:15Z</time>
			</trkpt>
			<trkpt lat="49.266756830051804" lon="-123.25438007883149">
				<ele>91.15152326133102</ele>
				<time>2025-08-19T23:14:20Z</time>
			</trkpt>
			<trkpt lat="49.2667476919974" lon="-123.25435988511497">
				<ele>91.46224572509527</ele>
				<time>2025-08-19T23:14:28Z</time>
			</trkpt>
			<trkpt lat="49.26674498552985" lon="-123.25431338611978">
				<ele>91.16119073703885</ele>
				<time>2025-08-19T23:14:43Z</time>
			</trkpt>
			<trkpt lat="49.26676206754839" lon="-123.25434124265269">
				<ele>90.66101185884327</ele>
				<time>2025-08-19T23:14:53Z</time>
			</trkpt>
			<trkpt lat="49.266774344178515" lon="-123.25436575781391">
				<ele>91.00847684498876</ele>
				<time>2025-08-19T23:14:57Z</time>
			</trkpt>
			<trkpt lat="49.26676393129647" lon="-123.25434090003691">
				<ele>91.44215843454003</ele>
				<time>2025-08-19T23:15:01Z</time>
			</trkpt>
			<trkpt lat="49.26673664355716" lon="-123.25435601552817">
				<ele>91.77274246513844</ele>
				<time>2025-08-19T23:15:08Z</time>
			</trkpt>
			<trkpt lat="49.26674744152948" lon="-123.2543563350455">
				<ele>91.77674722392112</ele>
				<time>2025-08-19T23:15:09Z</time>
			</trkpt>
			<trkpt lat="49.26674201566693" lon="-123.2543297077191">
				<ele>91.05646530166268</ele>
				<time>2025-08-19T23:15:45Z</time>
			</trkpt>
			<trkpt lat="49.26674396927938" lon="-123.25430222555593">
				<ele>92.69344782829285</ele>
				<time>2025-08-19T23:16:15Z</time>
			</trkpt>
			<trkpt lat="49.26677736045064" lon="-123.25430000757275">
				<ele>91.23587425332516</ele>
				<time>2025-08-19T23:17:18Z</time>
			</trkpt>
			<trkpt lat="49.26675434971024" lon="-123.2543054506409">
				<ele>91.3085959404707</ele>
				<time>2025-08-19T23:17:21Z</time>
			</trkpt>
			<trkpt lat="49.26677752504862" lon="-123.254316358716">
				<ele>91.03419270925224</ele>
				<time>2025-08-19T23:17:28Z</time>
			</trkpt>
			<trkpt lat="49.266797433135174" lon="-123.25433266047398">
				<ele>91.10861245077103</ele>
				<time>2025-08-19T23:17:30Z</time>
			</trkpt>
			<trkpt lat="49.266770903697484" lon="-123.25431329853618">
				<ele>91.09070978872478</ele>
				<time>2025-08-19T23:17:33Z</time>
			</trkpt>
			<trkpt lat="49.26677839641956" lon="-123.2543712983937">
				<ele>91.93163609039038</ele>
				<time>2025-08-19T23:17:38Z</time>
			</trkpt>
			<trkpt lat="49.266751674248084" lon="-123.25435309801519">
				<ele>91.82195806037635</ele>
				<time>2025-08-19T23:17:40Z</time>
			</trkpt>
			<trkpt lat="49.266736883548404" lon="-123.2543203556964">
				<ele>92.39340994134545</ele>
				<time>2025-08-19T23:17:45Z</time>
			</trkpt>
			<trkpt lat="49.2667547531502" lon="-123.25434949482664">
				<ele>92.133919631131</ele>
				<time>2025-08-19T23:17:47Z</time>
			</trkpt>
			<trkpt lat="49.266772104361614" lon="-123.25439933222633">
				<ele>92.12447298504412</ele>
				<time>2025-08-19T23:17:48Z</time>
			</trkpt>
			<trkpt lat="49.266790265492645" lon="-123.25441331786944">
				<ele>91.4837344372645</ele>
				<time>2025-08-19T23:17:49Z</time>
			</trkpt>
			<trkpt lat="49.26679878622941" lon="-123.25438097026844">
				<ele>91.5989362243563</ele>
				<time>2025-08-19T23:17:50Z</time>
			</trkpt>
			<trkpt lat="49.26681879703831" lon="-123.25439545179631">
				<ele>91.97869700659066</ele>
				<time>2025-08-19T23:17:54Z</time>
			</trkpt>
			<trkpt lat="49.266845434802" lon="-123.25440878414675">
				<ele>92.20433134026825</ele>
				<time>2025-08-19T23:17:57Z</time>
			</trkpt>
			<trkpt lat="49.266863653751585" lon="-123.25442664519883">
				<ele>92.19657716248184</ele>
				<time>2025-08-19T23:17:59Z</time>
			</trkpt>
			<trkpt lat="49.26688646950751" lon="-123.25444589801171">
				<ele>92.04491406213492</ele>
				<time>2025-08-19T23:18:02Z</time>
			</trkpt>
			<trkpt lat="49.26690691377642" lon="-123.25446020878982">
				<ele>91.2546331975609</ele>
				<time>2025-08-19T23:18:04Z</time>
			</trkpt>
			<trkpt lat="49.26692281476371" lon="-123.25447508656275">
				<ele>91.41085563693196</ele>
				<time>2025-08-19T23:18:06Z</time>
			</trkpt>
			<trkpt lat="49.266940439517" lon="-123.25448950774528">
				<ele>90.91095076594502</ele>
				<time>2025-08-19T23:18:08Z</time>
			</trkpt>
			<trkpt lat="49.26696017166439" lon="-123.25452560239181">
				<ele>91.32457250915468</ele>
				<time>2025-08-19T23:18:12Z</time>
			</trkpt>
			<trkpt lat="49.26697972449645" lon="-123.25453848762345">
				<ele>91.00691938679665</ele>
				<time>2025-08-19T23:18:14Z</time>
			</trkpt>
			<trkpt lat="49.267001023106886" lon="-123.2545561814527">
				<ele>91.08856809232384</ele>
				<time>2025-08-19T23:18:16Z</time>
			</trkpt>
			<trkpt lat="49.26701776907802" lon="-123.25457094275379">
				<ele>91.29200401343405</ele>
				<time>2025-08-19T23:18:18Z</time>
			</trkpt>
			<trkpt lat="49.26703662170223" lon="-123.25458982068483">
				<ele>91.29143102187663</ele>
				<time>2025-08-19T23:18:20Z</time>
			</trkpt>
			<trkpt lat="49.26705518772177" lon="-123.25460061645506">
				<ele>91.21647970378399</ele>
				<time>2025-08-19T23:18:22Z</time>
			</trkpt>
			<trkpt lat="49.267076150854685" lon="-123.25461366626543">
				<ele>91.10452136769891</ele>
				<time>2025-08-19T23:18:25Z</time>
			</trkpt>
			<trkpt lat="49.267094234875664" lon="-123.2546228453324">
				<ele>91.30406900495291</ele>
				<time>2025-08-19T23:18:27Z</time>
			</trkpt>
			<trkpt lat="49.26711667736566" lon="-123.25462293727199">
				<ele>91.54253312479705</ele>
				<time>2025-08-19T23:18:29Z</time>
			</trkpt>
			<trkpt lat="49.26713899138267" lon="-123.25462204512988">
				<ele>91.26984652597457</ele>
				<time>2025-08-19T23:18:31Z</time>
			</trkpt>
			<trkpt lat="49.26716268796636" lon="-123.25462402518593">
				<ele>91.36541226506233</ele>
				<time>2025-08-19T23:18:34Z</time>
			</trkpt>
			<trkpt lat="49.26718202861307" lon="-123.25462550666616">
				<ele>91.4472869373858</ele>
				<time>2025-08-19T23:18:36Z</time>
			</trkpt>
			<trkpt lat="49.2672069060544" lon="-123.25463297015285">
				<ele>91.8095290074125</ele>
				<time>2025-08-19T23:18:39Z</time>
			</trkpt>
			<trkpt lat="49.267226269457225" lon="-123.25464362526861">
				<ele>91.0063911601901</ele>
				<time>2025-08-19T23:18:53Z</time>
			</trkpt>
			<trkpt lat="49.267230792392034" lon="-123.25467056704528">
				<ele>90.59135978203267</ele>
				<time>2025-08-19T23:19:17Z</time>
			</trkpt>
			<trkpt lat="49.26721614052202" lon="-123.25464950706245">
				<ele>90.52079378813505</ele>
				<time>2025-08-19T23:19:25Z</time>
			</trkpt>
			<trkpt lat="49.26721503566537" lon="-123.25467897649104">
				<ele>91.29286925308406</ele>
				<time>2025-08-19T23:19:26Z</time>
			</trkpt>
			<trkpt lat="49.26722044330584" lon="-123.25468727763295">
				<ele>91.51429141219705</ele>
				<time>2025-08-19T23:19:39Z</time>
			</trkpt>
			<trkpt lat="49.26719314216146" lon="-123.25469757559576">
				<ele>90.99391805473715</ele>
				<time>2025-08-19T23:20:01Z</time>
			</trkpt>
			<trkpt lat="49.26720406036725" lon="-123.25468735341698">
				<ele>91.22904638387263</ele>
				<time>2025-08-19T23:20:07Z</time>
			</trkpt>
			<trkpt lat="49.26719377853094" lon="-123.25471236953862">
				<ele>90.80392856057733</ele>
				<time>2025-08-19T23:20:29Z</time>
			</trkpt>
			<trkpt lat="49.26720073445167" lon="-123.25468356969522">
				<ele>90.9569054339081</ele>
				<time>2025-08-19T23:20:34Z</time>
			</trkpt>
			<trkpt lat="49.267198328216494" lon="-123.25471131091273">
				<ele>91.68953224644065</ele>
				<time>2025-08-19T23:20:48Z</time>
			</trkpt>
			<trkpt lat="49.26718762964633" lon="-123.2547336489804">
				<ele>91.1909440793097</ele>
				<time>2025-08-19T23:21:43Z</time>
			</trkpt>
			<trkpt lat="49.26711616296598" lon="-123.25482018862269">
				<ele>91.56342388410121</ele>
				<time>2025-08-19T23:22:03Z</time>
			</trkpt>
			<trkpt lat="49.267139544191664" lon="-123.25482244206893">
				<ele>91.34696533065289</ele>
				<time>2025-08-19T23:22:04Z</time>
			</trkpt>
			<trkpt lat="49.26717538844494" lon="-123.25477338979584">
				<ele>91.22059222962707</ele>
				<time>2025-08-19T23:22:10Z</time>
			</trkpt>
			<trkpt lat="49.26715205480228" lon="-123.25475423504804">
				<ele>91.04640731588006</ele>
				<time>2025-08-19T23:22:19Z</time>
			</trkpt>
			<trkpt lat="49.26716596090333" lon="-123.25473189131507">
				<ele>91.51669762004167</ele>
				<time>2025-08-19T23:22:23Z</time>
			</trkpt>
			<trkpt lat="49.26715946543448" lon="-123.25475761284464">
				<ele>91.4419514304027</ele>
				<time>2025-08-19T23:22:24Z</time>
			</trkpt>
			<trkpt lat="49.26718310246562" lon="-123.25474219327059">
				<ele>90.55136442743242</ele>
				<time>2025-08-19T23:22:31Z</time>
			</trkpt>
			<trkpt lat="49.267179461258934" lon="-123.2547692108523">
				<ele>90.35759076848626</ele>
				<time>2025-08-19T23:22:33Z</time>
			</trkpt>
			<trkpt lat="49.26718513209847" lon="-123.2547410896552">
				<ele>89.88497889973223</ele>
				<time>2025-08-19T23:22:35Z</time>
			</trkpt>
			<trkpt lat="49.267214142198505" lon="-123.25473083870432">
				<ele>90.49005630984902</ele>
				<time>2025-08-19T23:22:37Z</time>
			</trkpt>
			<trkpt lat="49.26724303712275" lon="-123.25475651428792">
				<ele>90.6494223838672</ele>
				<time>2025-08-19T23:22:39Z</time>
			</trkpt>
			<trkpt lat="49.26726193185289" lon="-123.2547641918104">
				<ele>90.58661097846925</ele>
				<time>2025-08-19T23:22:42Z</time>
			</trkpt>
			<trkpt lat="49.26727558030161" lon="-123.25478880778763">
				<ele>90.94496560841799</ele>
				<time>2025-08-19T23:22:45Z</time>
			</trkpt>
			<trkpt lat="49.26729442960715" lon="-123.25480031213604">
				<ele>91.40711793024093</ele>
				<time>2025-08-19T23:22:47Z</time>
			</trkpt>
			<trkpt lat="49.267304815641026" lon="-123.25480839634844">
				<ele>91.42124436143786</ele>
				<time>2025-08-19T23:22:50Z</time>
			</trkpt>
			<trkpt lat="49.26732443348233" lon="-123.25482788656218">
				<ele>91.3674901612103</ele>
				<time>2025-08-19T23:22:52Z</time>
			</trkpt>
			<trkpt lat="49.2673534176781" lon="-123.25485460483573">
				<ele>91.22951607313007</ele>
				<time>2025-08-19T23:22:55Z</time>
			</trkpt>
			<trkpt lat="49.267371748555355" lon="-123.25486663697943">
				<ele>90.8757195584476</ele>
				<time>2025-08-19T23:22:58Z</time>
			</trkpt>
			<trkpt lat="49.26738934911546" lon="-123.25487695135521">
				<ele>91.67429101094604</ele>
				<time>2025-08-19T23:23:00Z</time>
			</trkpt>
			<trkpt lat="49.267407008305725" lon="-123.25490054587267">
				<ele>91.03809289541095</ele>
				<time>2025-08-19T23:23:02Z</time>
			</trkpt>
			<trkpt lat="49.267420954843715" lon="-123.25493184401947">
				<ele>91.30363847035915</ele>
				<time>2025-08-19T23:23:05Z</time>
			</trkpt>
			<trkpt lat="49.267442678785415" lon="-123.25492912453333">
				<ele>91.24677500221878</ele>
				<time>2025-08-19T23:23:06Z</time>
			</trkpt>
			<trkpt lat="49.26746959036745" lon="-123.25495435853415">
				<ele>90.86266508605331</ele>
				<time>2025-08-19T23:23:09Z</time>
			</trkpt>
			<trkpt lat="49.26747609513215" lon="-123.25498250439401">
				<ele>90.93916495796293</ele>
				<time>2025-08-19T23:23:11Z</time>
			</trkpt>
			<trkpt lat="49.26749162482522" lon="-123.2550158101817">
				<ele>90.61673425603658</ele>
				<time>2025-08-19T23:23:13Z</time>
			</trkpt>
			<trkpt lat="49.26749961942306" lon="-123.2550417180079">
				<ele>91.44896191731095</ele>
				<time>2025-08-19T23:23:15Z</time>
			</trkpt>
			<trkpt lat="49.26751819229833" lon="-123.25507517572512">
				<ele>90.70300507918</ele>
				<time>2025-08-19T23:23:18Z</time>
			</trkpt>
			<trkpt lat="49.26752792513712" lon="-123.25509940472571">
				<ele>90.83352255634964</ele>
				<time>2025-08-19T23:23:20Z</time>
			</trkpt>
			<trkpt lat="49.26753499577756" lon="-123.25514152223938">
				<ele>90.95729444548488</ele>
				<time>2025-08-19T23:23:23Z</time>
			</trkpt>
			<trkpt lat="49.26753592569547" lon="-123.25517051881727">
				<ele>91.1078673619777</ele>
				<time>2025-08-19T23:23:26Z</time>
			</trkpt>
			<trkpt lat="49.26752937135015" lon="-123.25521384628911">
				<ele>90.6758587276563</ele>
				<time>2025-08-19T23:23:28Z</time>
			</trkpt>
			<trkpt lat="49.2675248122695" lon="-123.2552527586988">
				<ele>90.66572053451091</ele>
				<time>2025-08-19T23:23:30Z</time>
			</trkpt>
			<trkpt lat="49.26752911168926" lon="-123.25528457768297">
				<ele>90.82698886003345</ele>
				<time>2025-08-19T23:23:32Z</time>
			</trkpt>
			<trkpt lat="49.26752057841897" lon="-123.25533853535107">
				<ele>91.03501025214791</ele>
				<time>2025-08-19T23:23:34Z</time>
			</trkpt>
			<trkpt lat="49.267513817700774" lon="-123.25537616405515">
				<ele>90.29068088810891</ele>
				<time>2025-08-19T23:23:37Z</time>
			</trkpt>
			<trkpt lat="49.26749597555987" lon="-123.25540126882552">
				<ele>90.52868404518813</ele>
				<time>2025-08-19T23:23:39Z</time>
			</trkpt>
			<trkpt lat="49.26749089736198" lon="-123.25542929932905">
				<ele>90.61967506725341</ele>
				<time>2025-08-19T23:23:41Z</time>
			</trkpt>
			<trkpt lat="49.26747905976074" lon="-123.25546475971043">
				<ele>90.63866737671196</ele>
				<time>2025-08-19T23:23:44Z</time>
			</trkpt>
			<trkpt lat="49.26747202706913" lon="-123.25549673365907">
				<ele>90.06823877710849</ele>
				<time>2025-08-19T23:23:46Z</time>
			</trkpt>
			<trkpt lat="49.26746980347508" lon="-123.25552761530786">
				<ele>90.19304389506578</ele>
				<time>2025-08-19T23:23:48Z</time>
			</trkpt>
			<trkpt lat="49.267458606263375" lon="-123.25554925100299">
				<ele>89.84214790724218</ele>
				<time>2025-08-19T23:23:50Z</time>
			</trkpt>
			<trkpt lat="49.26745411101104" lon="-123.25558074947236">
				<ele>89.701008297503</ele>
				<time>2025-08-19T23:23:53Z</time>
			</trkpt>
			<trkpt lat="49.267432461543" lon="-123.25560277652718">
				<ele>89.91458323504776</ele>
				<time>2025-08-19T23:23:54Z</time>
			</trkpt>
			<trkpt lat="49.26742470984962" lon="-123.25557121340034">
				<ele>89.2313571171835</ele>
				<time>2025-08-19T23:23:55Z</time>
			</trkpt>
			<trkpt lat="49.26742131316195" lon="-123.25554352395626">
				<ele>89.71159096900374</ele>
				<time>2025-08-19T23:24:00Z</time>
			</trkpt>
			<trkpt lat="49.267425036213595" lon="-123.25550258960527">
				<ele>89.54465983435512</ele>
				<time>2025-08-19T23:24:04Z</time>
			</trkpt>
			<trkpt lat="49.2674314259467" lon="-123.25547632358028">
				<ele>89.52835872024298</ele>
				<time>2025-08-19T23:24:06Z</time>
			</trkpt>
			<trkpt lat="49.26746254904493" lon="-123.25547574708">
				<ele>89.87021509837359</ele>
				<time>2025-08-19T23:24:09Z</time>
			</trkpt>
			<trkpt lat="49.267401348407574" lon="-123.25546369948373">
				<ele>89.75948137324303</ele>
				<time>2025-08-19T23:24:10Z</time>
			</trkpt>
			<trkpt lat="49.267388829470164" lon="-123.25550639019214">
				<ele>90.03473329916596</ele>
				<time>2025-08-19T23:24:11Z</time>
			</trkpt>
			<trkpt lat="49.267412136119745" lon="-123.25552843821491">
				<ele>90.41251048725098</ele>
				<time>2025-08-19T23:24:13Z</time>
			</trkpt>
			<trkpt lat="49.26741490237891" lon="-123.25557082177968">
				<ele>89.84794194810092</ele>
				<time>2025-08-19T23:24:16Z</time>
			</trkpt>
			<trkpt lat="49.267402923658906" lon="-123.25554553390023">
				<ele>89.69406803231686</ele>
				<time>2025-08-19T23:24:26Z</time>
			</trkpt>
			<trkpt lat="49.2673936600341" lon="-123.25542392879368">
				<ele>89.6320847729221</ele>
				<time>2025-08-19T23:25:03Z</time>
			</trkpt>
			<trkpt lat="49.26740938971223" lon="-123.2554676622262">
				<ele>89.34393450524658</ele>
				<time>2025-08-19T23:25:04Z</time>
			</trkpt>
			<trkpt lat="49.26740084865243" lon="-123.25550104373711">
				<ele>89.25921727251261</ele>
				<time>2025-08-19T23:25:05Z</time>
			</trkpt>
			<trkpt lat="49.26741308622518" lon="-123.25554336767111">
				<ele>89.07848288770765</ele>
				<time>2025-08-19T23:25:07Z</time>
			</trkpt>
			<trkpt lat="49.267401193165924" lon="-123.25556848194174">
				<ele>89.22484491020441</ele>
				<time>2025-08-19T23:25:11Z</time>
			</trkpt>
			<trkpt lat="49.26743906905626" lon="-123.2555990485776">
				<ele>89.46926796808839</ele>
				<time>2025-08-19T23:25:12Z</time>
			</trkpt>
			<trkpt lat="49.267417873390386" lon="-123.2555865951022">
				<ele>89.32455910742283</ele>
				<time>2025-08-19T23:25:14Z</time>
			</trkpt>
			<trkpt lat="49.267484632473916" lon="-123.25554981192126">
				<ele>89.18238281831145</ele>
				<time>2025-08-19T23:25:15Z</time>
			</trkpt>
			<trkpt lat="49.26751384082134" lon="-123.25553291212124">
				<ele>89.53070167917758</ele>
				<time>2025-08-19T23:25:16Z</time>
			</trkpt>
			<trkpt lat="49.26748794653961" lon="-123.25551679116028">
				<ele>89.64963642507792</ele>
				<time>2025-08-19T23:25:17Z</time>
			</trkpt>
			<trkpt lat="49.267463656080224" lon="-123.25549899711703">
				<ele>89.85388441290706</ele>
				<time>2025-08-19T23:25:22Z</time>
			</trkpt>
			<trkpt lat="49.267475529615105" lon="-123.2555374577755">
				<ele>90.3963482612744</ele>
				<time>2025-08-19T23:25:25Z</time>
			</trkpt>
			<trkpt lat="49.26745674732087" lon="-123.25553198859953">
				<ele>90.44983022008091</ele>
				<time>2025-08-19T23:25:27Z</time>
			</trkpt>
			<trkpt lat="49.26744466868268" lon="-123.2555572753861">
				<ele>90.85363699588925</ele>
				<time>2025-08-19T23:25:30Z</time>
			</trkpt>
			<trkpt lat="49.26747558743551" lon="-123.2555509607367">
				<ele>90.32314028963447</ele>
				<time>2025-08-19T23:25:39Z</time>
			</trkpt>
			<trkpt lat="49.267458783852696" lon="-123.25553880537859">
				<ele>89.72646036092192</ele>
				<time>2025-08-19T23:25:44Z</time>
			</trkpt>
			<trkpt lat="49.267442764218806" lon="-123.25551941629597">
				<ele>89.5633874265477</ele>
				<time>2025-08-19T23:25:50Z</time>
			</trkpt>
			<trkpt lat="49.267427927948575" lon="-123.25549721437345">
				<ele>89.67224472761154</ele>
				<time>2025-08-19T23:26:05Z</time>
			</trkpt>
			<trkpt lat="49.26737783492239" lon="-123.25547157709366">
				<ele>89.67224472761154</ele>
				<time>2025-08-19T23:26:10Z</time>
			</trkpt>
			<trkpt lat="49.26740998998996" lon="-123.25548588074103">
				<ele>89.67224472761154</ele>
				<time>2025-08-19T23:26:16Z</time>
			</trkpt>
			<trkpt lat="49.26737783492239" lon="-123.25547157709366">
				<ele>89.67224472761154</ele>
				<time>2025-08-19T23:26:21Z</time>
			</trkpt>
			<trkpt lat="49.26737783492239" lon="-123.25547157709366">
				<ele>89.67224472761154</ele>
				<time>2025-08-19T23:26:31Z</time>
			</trkpt>
			<trkpt lat="49.26740225034653" lon="-123.25547841182929">
				<ele>89.67224472761154</ele>
				<time>2025-08-19T23:26:32Z</time>
			</trkpt>
			<trkpt lat="49.26742936181039" lon="-123.25543052658998">
				<ele>89.85070814937353</ele>
				<time>2025-08-19T23:26:54Z</time>
			</trkpt>
			<trkpt lat="49.26737723505151" lon="-123.25544874007953">
				<ele>89.82071925140917</ele>
				<time>2025-08-19T23:26:55Z</time>
			</trkpt>
			<trkpt lat="49.26743056674209" lon="-123.25544629067488">
				<ele>90.03451876994222</ele>
				<time>2025-08-19T23:26:56Z</time>
			</trkpt>
			<trkpt lat="49.267428855373396" lon="-123.25547727324705">
				<ele>90.03204233385623</ele>
				<time>2025-08-19T23:26:57Z</time>
			</trkpt>
			<trkpt lat="49.267429176855586" lon="-123.2555088422731">
				<ele>89.96237301081419</ele>
				<time>2025-08-19T23:26:58Z</time>
			</trkpt>
			<trkpt lat="49.26745333837215" lon="-123.25550924917735">
				<ele>90.748285099864</ele>
				<time>2025-08-19T23:27:01Z</time>
			</trkpt>
			<trkpt lat="49.26746208696296" lon="-123.25547454659566">
				<ele>90.54831622168422</ele>
				<time>2025-08-19T23:27:04Z</time>
			</trkpt>
			<trkpt lat="49.26746136225867" lon="-123.2554469521669">
				<ele>90.48463450558484</ele>
				<time>2025-08-19T23:27:06Z</time>
			</trkpt>
			<trkpt lat="49.267447567903126" lon="-123.25546985862803">
				<ele>90.19514558371156</ele>
				<time>2025-08-19T23:27:08Z</time>
			</trkpt>
			<trkpt lat="49.26745215643276" lon="-123.25544961159525">
				<ele>90.02390827704221</ele>
				<time>2025-08-19T23:27:11Z</time>
			</trkpt>
			<trkpt lat="49.2674763234531" lon="-123.25546620161762">
				<ele>90.41162086836994</ele>
				<time>2025-08-19T23:27:14Z</time>
			</trkpt>
			<trkpt lat="49.26749102247131" lon="-123.2554953787981">
				<ele>90.08582271169871</ele>
				<time>2025-08-19T23:27:16Z</time>
			</trkpt>
			<trkpt lat="49.26751095819608" lon="-123.25551191411944">
				<ele>89.89971164613962</ele>
				<time>2025-08-19T23:27:18Z</time>
			</trkpt>
			<trkpt lat="49.267530054909365" lon="-123.25553666314812">
				<ele>90.1689738696441</ele>
				<time>2025-08-19T23:27:21Z</time>
			</trkpt>
			<trkpt lat="49.26755682469088" lon="-123.25553710950948">
				<ele>89.87340398412198</ele>
				<time>2025-08-19T23:27:23Z</time>
			</trkpt>
			<trkpt lat="49.2675737934295" lon="-123.25556331420151">
				<ele>89.56586718838662</ele>
				<time>2025-08-19T23:27:25Z</time>
			</trkpt>
			<trkpt lat="49.26757698295088" lon="-123.25559890894489">
				<ele>89.57787213847041</ele>
				<time>2025-08-19T23:27:27Z</time>
			</trkpt>
			<trkpt lat="49.26759846794984" lon="-123.25558638457895">
				<ele>89.74602876324207</ele>
				<time>2025-08-19T23:27:29Z</time>
			</trkpt>
			<trkpt lat="49.26761788512088" lon="-123.25560136565723">
				<ele>90.18075336143374</ele>
				<time>2025-08-19T23:27:32Z</time>
			</trkpt>
			<trkpt lat="49.267641143822594" lon="-123.2555946962206">
				<ele>90.08603202272207</ele>
				<time>2025-08-19T23:27:35Z</time>
			</trkpt>
			<trkpt lat="49.26765835443925" lon="-123.25558497485554">
				<ele>89.40120505634695</ele>
				<time>2025-08-19T23:27:36Z</time>
			</trkpt>
			<trkpt lat="49.26764295872237" lon="-123.25560712183537">
				<ele>89.82044082321227</ele>
				<time>2025-08-19T23:27:37Z</time>
			</trkpt>
			<trkpt lat="49.26766572217623" lon="-123.2556116810684">
				<ele>89.71820082422346</ele>
				<time>2025-08-19T23:27:44Z</time>
			</trkpt>
			<trkpt lat="49.267662249151776" lon="-123.25564356404287">
				<ele>89.82883865665644</ele>
				<time>2025-08-19T23:27:46Z</time>
			</trkpt>
			<trkpt lat="49.267645037569416" lon="-123.25563533125603">
				<ele>90.2676811311394</ele>
				<time>2025-08-19T23:27:52Z</time>
			</trkpt>
			<trkpt lat="49.2676747522906" lon="-123.25564373673377">
				<ele>89.94781740382314</ele>
				<time>2025-08-19T23:27:58Z</time>
			</trkpt>
			<trkpt lat="49.26765751081029" lon="-123.25563301610649">
				<ele>89.75703259557486</ele>
				<time>2025-08-19T23:27:59Z</time>
			</trkpt>
			<trkpt lat="49.267641951361874" lon="-123.25560882803705">
				<ele>89.90510809607804</ele>
				<time>2025-08-19T23:28:03Z</time>
			</trkpt>
			<trkpt lat="49.267647658356985" lon="-123.25560250373547">
				<ele>89.851826377213</ele>
				<time>2025-08-19T23:28:11Z</time>
			</trkpt>
			<trkpt lat="49.26761206286911" lon="-123.25564088944357">
				<ele>89.85956612229347</ele>
				<time>2025-08-19T23:28:16Z</time>
			</trkpt>
			<trkpt lat="49.26762888799872" lon="-123.25562080085339">
				<ele>89.8685499932617</ele>
				<time>2025-08-19T23:28:22Z</time>
			</trkpt>
			<trkpt lat="49.26761058084227" lon="-123.25563183170586">
				<ele>89.64683409407735</ele>
				<time>2025-08-19T23:28:41Z</time>
			</trkpt>
			<trkpt lat="49.267593230782445" lon="-123.25563926243468">
				<ele>89.65309936460108</ele>
				<time>2025-08-19T23:28:50Z</time>
			</trkpt>
			<trkpt lat="49.26759418847677" lon="-123.25561127942444">
				<ele>90.3137687286362</ele>
				<time>2025-08-19T23:30:03Z</time>
			</trkpt>
			<trkpt lat="49.26761095475532" lon="-123.25559481278688">
				<ele>89.76267309952527</ele>
				<time>2025-08-19T23:30:15Z</time>
			</trkpt>
			<trkpt lat="49.267597831587224" lon="-123.25561657079065">
				<ele>89.38992542866617</ele>
				<time>2025-08-19T23:30:27Z</time>
			</trkpt>
			<trkpt lat="49.2676245689344" lon="-123.25560708661725">
				<ele>89.80943838972598</ele>
				<time>2025-08-19T23:30:35Z</time>
			</trkpt>
			<trkpt lat="49.26761777871486" lon="-123.25556177191262">
				<ele>89.66268993541598</ele>
				<time>2025-08-19T23:30:53Z</time>
			</trkpt>
			<trkpt lat="49.26763676540495" lon="-123.25553836864624">
				<ele>90.46102601476014</ele>
				<time>2025-08-19T23:30:54Z</time>
			</trkpt>
			<trkpt lat="49.267637735452055" lon="-123.25549433475136">
				<ele>90.28058254253119</ele>
				<time>2025-08-19T23:30:55Z</time>
			</trkpt>
			<trkpt lat="49.267646815866534" lon="-123.25545926788412">
				<ele>90.33439648896456</ele>
				<time>2025-08-19T23:30:59Z</time>
			</trkpt>
			<trkpt lat="49.26765491402336" lon="-123.25542238943531">
				<ele>91.04594821762294</ele>
				<time>2025-08-19T23:31:02Z</time>
			</trkpt>
			<trkpt lat="49.26764846459087" lon="-123.25536594166923">
				<ele>90.2597103714943</ele>
				<time>2025-08-19T23:31:04Z</time>
			</trkpt>
			<trkpt lat="49.26768661448404" lon="-123.25537303876021">
				<ele>90.38728918787092</ele>
				<time>2025-08-19T23:31:07Z</time>
			</trkpt>
			<trkpt lat="49.26771504815674" lon="-123.25537218261508">
				<ele>90.82891301065683</ele>
				<time>2025-08-19T23:31:08Z</time>
			</trkpt>
			<trkpt lat="49.26772930655487" lon="-123.25539706600108">
				<ele>90.41026636771858</ele>
				<time>2025-08-19T23:31:10Z</time>
			</trkpt>
			<trkpt lat="49.26774952351848" lon="-123.25541116838018">
				<ele>90.13128685113043</ele>
				<time>2025-08-19T23:31:12Z</time>
			</trkpt>
			<trkpt lat="49.26776735636404" lon="-123.25544160393727">
				<ele>89.92824033927172</ele>
				<time>2025-08-19T23:31:14Z</time>
			</trkpt>
			<trkpt lat="49.26778360019582" lon="-123.25545525535094">
				<ele>90.55491812434047</ele>
				<time>2025-08-19T23:31:16Z</time>
			</trkpt>
			<trkpt lat="49.267797898221644" lon="-123.25547854220824">
				<ele>90.2350257690996</ele>
				<time>2025-08-19T23:31:18Z</time>
			</trkpt>
			<trkpt lat="49.26781255808737" lon="-123.25551505940942">
				<ele>90.0890426626429</ele>
				<time>2025-08-19T23:31:21Z</time>
			</trkpt>
			<trkpt lat="49.26783744269876" lon="-123.25552045029501">
				<ele>90.23576282896101</ele>
				<time>2025-08-19T23:31:23Z</time>
			</trkpt>
			<trkpt lat="49.26786646265728" lon="-123.25553124246485">
				<ele>90.06397145427763</ele>
				<time>2025-08-19T23:31:25Z</time>
			</trkpt>
			<trkpt lat="49.2678859335425" lon="-123.25554260096423">
				<ele>89.94505600072443</ele>
				<time>2025-08-19T23:31:27Z</time>
			</trkpt>
			<trkpt lat="49.26790409329566" lon="-123.2555481453916">
				<ele>90.14707593992352</ele>
				<time>2025-08-19T23:31:29Z</time>
			</trkpt>
			<trkpt lat="49.26792125483559" lon="-123.25556876097409">
				<ele>90.22432473860681</ele>
				<time>2025-08-19T23:31:31Z</time>
			</trkpt>
			<trkpt lat="49.267905680678936" lon="-123.25555336821508">
				<ele>90.02097022905946</ele>
				<time>2025-08-19T23:31:46Z</time>
			</trkpt>
			<trkpt lat="49.26792484493527" lon="-123.25553600950859">
				<ele>90.58538729324937</ele>
				<time>2025-08-19T23:31:59Z</time>
			</trkpt>
			<trkpt lat="49.26791001723048" lon="-123.25555347079236">
				<ele>90.46321274992079</ele>
				<time>2025-08-19T23:32:05Z</time>
			</trkpt>
			<trkpt lat="49.26790005357395" lon="-123.25552972023404">
				<ele>90.21167766489089</ele>
				<time>2025-08-19T23:32:19Z</time>
			</trkpt>
			<trkpt lat="49.26790420225672" lon="-123.25553331681722">
				<ele>90.42574509512633</ele>
				<time>2025-08-19T23:32:31Z</time>
			</trkpt>
			<trkpt lat="49.2679224209847" lon="-123.25553649810514">
				<ele>90.5175742758438</ele>
				<time>2025-08-19T23:32:57Z</time>
			</trkpt>
			<trkpt lat="49.26794406219364" lon="-123.25556111654059">
				<ele>90.62334595154971</ele>
				<time>2025-08-19T23:33:31Z</time>
			</trkpt>
			<trkpt lat="49.267922419580934" lon="-123.25555283711144">
				<ele>89.99025551229715</ele>
				<time>2025-08-19T23:33:35Z</time>
			</trkpt>
			<trkpt lat="49.26792570806048" lon="-123.25553921699687">
				<ele>89.99486801028252</ele>
				<time>2025-08-19T23:33:41Z</time>
			</trkpt>
			<trkpt lat="49.267902813221966" lon="-123.25553958345613">
				<ele>89.41892713587731</ele>
				<time>2025-08-19T23:33:56Z</time>
			</trkpt>
			<trkpt lat="49.267901102188105" lon="-123.2556005342899">
				<ele>89.2591280080378</ele>
				<time>2025-08-19T23:33:57Z</time>
			</trkpt>
			<trkpt lat="49.267876746936935" lon="-123.25561063285123">
				<ele>89.84468094725162</ele>
				<time>2025-08-19T23:33:58Z</time>
			</trkpt>
			<trkpt lat="49.26789729468798" lon="-123.25558620233303">
				<ele>90.75509197451174</ele>
				<time>2025-08-19T23:34:00Z</time>
			</trkpt>
			<trkpt lat="49.26792746826252" lon="-123.25558451575537">
				<ele>90.27948491554707</ele>
				<time>2025-08-19T23:34:08Z</time>
			</trkpt>
			<trkpt lat="49.26794361129199" lon="-123.25559715521533">
				<ele>90.05570443999022</ele>
				<time>2025-08-19T23:34:10Z</time>
			</trkpt>
			<trkpt lat="49.2679627024551" lon="-123.25561107377958">
				<ele>89.9044481869787</ele>
				<time>2025-08-19T23:34:12Z</time>
			</trkpt>
			<trkpt lat="49.26799190112501" lon="-123.25564266265016">
				<ele>90.11242944002151</ele>
				<time>2025-08-19T23:34:14Z</time>
			</trkpt>
			<trkpt lat="49.26799118359331" lon="-123.25568130260824">
				<ele>89.78447639290243</ele>
				<time>2025-08-19T23:34:17Z</time>
			</trkpt>
			<trkpt lat="49.26799978847908" lon="-123.25572738431465">
				<ele>89.55513669364154</ele>
				<time>2025-08-19T23:34:18Z</time>
			</trkpt>
			<trkpt lat="49.26798894923041" lon="-123.25577990011168">
				<ele>89.78791068308055</ele>
				<time>2025-08-19T23:34:21Z</time>
			</trkpt>
			<trkpt lat="49.26797068639967" lon="-123.2558431690671">
				<ele>89.18262115586549</ele>
				<time>2025-08-19T23:34:26Z</time>
			</trkpt>
			<trkpt lat="49.26798466908167" lon="-123.25587381461006">
				<ele>89.32474561780691</ele>
				<time>2025-08-19T23:34:29Z</time>
			</trkpt>
			<trkpt lat="49.26798056877746" lon="-123.2559111187096">
				<ele>89.25307605881244</ele>
				<time>2025-08-19T23:34:31Z</time>
			</trkpt>
			<trkpt lat="49.26798199246335" lon="-123.25593969815311">
				<ele>89.38011767528951</ele>
				<time>2025-08-19T23:34:33Z</time>
			</trkpt>
			<trkpt lat="49.26796997941586" lon="-123.25597025275391">
				<ele>89.4079796532169</ele>
				<time>2025-08-19T23:34:35Z</time>
			</trkpt>
			<trkpt lat="49.267970649577336" lon="-123.25599918232827">
				<ele>88.72273606341332</ele>
				<time>2025-08-19T23:34:39Z</time>
			</trkpt>
			<trkpt lat="49.26797032018294" lon="-123.25604127608135">
				<ele>88.08745684660971</ele>
				<time>2025-08-19T23:34:43Z</time>
			</trkpt>
			<trkpt lat="49.26796752533882" lon="-123.25608070091874">
				<ele>88.41944134701043</ele>
				<time>2025-08-19T23:34:45Z</time>
			</trkpt>
			<trkpt lat="49.26796954210282" lon="-123.25610933468165">
				<ele>88.55938861798495</ele>
				<time>2025-08-19T23:34:47Z</time>
			</trkpt>
			<trkpt lat="49.26797188565107" lon="-123.25614848376779">
				<ele>88.33957978244871</ele>
				<time>2025-08-19T23:34:49Z</time>
			</trkpt>
			<trkpt lat="49.26796987515176" lon="-123.25617583557688">
				<ele>88.29975608736277</ele>
				<time>2025-08-19T23:34:51Z</time>
			</trkpt>
			<trkpt lat="49.267964021743616" lon="-123.25621447966677">
				<ele>88.76359711773694</ele>
				<time>2025-08-19T23:34:53Z</time>
			</trkpt>
			<trkpt lat="49.267968876905314" lon="-123.256247536497">
				<ele>88.53175728302449</ele>
				<time>2025-08-19T23:34:55Z</time>
			</trkpt>
			<trkpt lat="49.267974252418846" lon="-123.25627848653686">
				<ele>88.88638482335955</ele>
				<time>2025-08-19T23:34:58Z</time>
			</trkpt>
			<trkpt lat="49.26799083558463" lon="-123.25629404783561">
				<ele>89.08221295941621</ele>
				<time>2025-08-19T23:35:00Z</time>
			</trkpt>
			<trkpt lat="49.268006433503146" lon="-123.2563241008306">
				<ele>88.51161223836243</ele>
				<time>2025-08-19T23:35:02Z</time>
			</trkpt>
			<trkpt lat="49.2679987047499" lon="-123.25637219042757">
				<ele>88.32162756565958</ele>
				<time>2025-08-19T23:35:06Z</time>
			</trkpt>
			<trkpt lat="49.26800727527912" lon="-123.25640002489163">
				<ele>88.03550602309406</ele>
				<time>2025-08-19T23:35:08Z</time>
			</trkpt>
			<trkpt lat="49.267993166229324" lon="-123.25642999692236">
				<ele>87.24954511132091</ele>
				<time>2025-08-19T23:35:11Z</time>
			</trkpt>
			<trkpt lat="49.267974201639504" lon="-123.25643647242617">
				<ele>87.27493451163173</ele>
				<time>2025-08-19T23:35:17Z</time>
			</trkpt>
			<trkpt lat="49.267978016106724" lon="-123.25638695213063">
				<ele>87.06812222860754</ele>
				<time>2025-08-19T23:35:21Z</time>
			</trkpt>
			<trkpt lat="49.26798248488728" lon="-123.25641589676242">
				<ele>87.34013841487467</ele>
				<time>2025-08-19T23:35:23Z</time>
			</trkpt>
			<trkpt lat="49.26800228558033" lon="-123.25635003138285">
				<ele>87.38255964312702</ele>
				<time>2025-08-19T23:35:24Z</time>
			</trkpt>
			<trkpt lat="49.26797849771382" lon="-123.2563771898876">
				<ele>87.35507181845605</ele>
				<time>2025-08-19T23:35:25Z</time>
			</trkpt>
			<trkpt lat="49.2679598217028" lon="-123.25638725746178">
				<ele>87.48771515581757</ele>
				<time>2025-08-19T23:35:29Z</time>
			</trkpt>
			<trkpt lat="49.26797909301376" lon="-123.25638773995924">
				<ele>87.4081224501133</ele>
				<time>2025-08-19T23:35:43Z</time>
			</trkpt>
			<trkpt lat="49.2679559231759" lon="-123.25637858272995">
				<ele>87.24623470008373</ele>
				<time>2025-08-19T23:35:52Z</time>
			</trkpt>
			<trkpt lat="49.267967872959396" lon="-123.2564029166279">
				<ele>87.25813760794699</ele>
				<time>2025-08-19T23:35:58Z</time>
			</trkpt>
			<trkpt lat="49.26798616896112" lon="-123.256395819792">
				<ele>87.09475334174931</ele>
				<time>2025-08-19T23:36:03Z</time>
			</trkpt>
			<trkpt lat="49.268006536976245" lon="-123.25639322838634">
				<ele>87.05969146173447</ele>
				<time>2025-08-19T23:36:06Z</time>
			</trkpt>
			<trkpt lat="49.268020334397164" lon="-123.25637421776108">
				<ele>87.07557308673859</ele>
				<time>2025-08-19T23:36:09Z</time>
			</trkpt>
			<trkpt lat="49.268044428156905" lon="-123.25636853705981">
				<ele>87.74902030173689</ele>
				<time>2025-08-19T23:36:13Z</time>
			</trkpt>
			<trkpt lat="49.26802555373439" lon="-123.25638084442359">
				<ele>87.48781184479594</ele>
				<time>2025-08-19T23:36:16Z</time>
			</trkpt>
			<trkpt lat="49.268007426480956" lon="-123.25637165447367">
				<ele>87.88027033861727</ele>
				<time>2025-08-19T23:36:21Z</time>
			</trkpt>
			<trkpt lat="49.26798708765219" lon="-123.25636399488508">
				<ele>88.0334986820817</ele>
				<time>2025-08-19T23:36:23Z</time>
			</trkpt>
			<trkpt lat="49.2679751209035" lon="-123.25638587748013">
				<ele>87.66290875617415</ele>
				<time>2025-08-19T23:36:34Z</time>
			</trkpt>
			<trkpt lat="49.2680091679969" lon="-123.25638140901748">
				<ele>87.4953330475837</ele>
				<time>2025-08-19T23:36:36Z</time>
			</trkpt>
			<trkpt lat="49.26799013108367" lon="-123.2563875938497">
				<ele>87.41388028301299</ele>
				<time>2025-08-19T23:36:39Z</time>
			</trkpt>
			<trkpt lat="49.26796913266445" lon="-123.25640303749664">
				<ele>87.30353893619031</ele>
				<time>2025-08-19T23:36:44Z</time>
			</trkpt>
			<trkpt lat="49.26794617647101" lon="-123.25641514687226">
				<ele>87.27209177892655</ele>
				<time>2025-08-19T23:36:48Z</time>
			</trkpt>
			<trkpt lat="49.26796548049938" lon="-123.2563624285416">
				<ele>87.61361040081829</ele>
				<time>2025-08-19T23:36:52Z</time>
			</trkpt>
			<trkpt lat="49.26796510127694" lon="-123.25632862209487">
				<ele>87.97750023938715</ele>
				<time>2025-08-19T23:36:56Z</time>
			</trkpt>
			<trkpt lat="49.26795441766982" lon="-123.25635408656035">
				<ele>87.95078649651259</ele>
				<time>2025-08-19T23:37:00Z</time>
			</trkpt>
			<trkpt lat="49.26795619005503" lon="-123.25638205397189">
				<ele>88.01431281957775</ele>
				<time>2025-08-19T23:37:03Z</time>
			</trkpt>
			<trkpt lat="49.26794589032942" lon="-123.2563591812092">
				<ele>88.18590063136071</ele>
				<time>2025-08-19T23:37:07Z</time>
			</trkpt>
			<trkpt lat="49.26795181874496" lon="-123.25637199989353">
				<ele>88.18590063136071</ele>
				<time>2025-08-19T23:37:13Z</time>
			</trkpt>
			<trkpt lat="49.26793052093021" lon="-123.25637508236049">
				<ele>87.32902280520648</ele>
				<time>2025-08-19T23:38:09Z</time>
			</trkpt>
			<trkpt lat="49.26792226467641" lon="-123.25640012533829">
				<ele>87.4743653582409</ele>
				<time>2025-08-19T23:38:33Z</time>
			</trkpt>
			<trkpt lat="49.267945814662305" lon="-123.25638535580366">
				<ele>87.31654657796025</ele>
				<time>2025-08-19T23:38:39Z</time>
			</trkpt>
			<trkpt lat="49.267960586364104" lon="-123.25642053867264">
				<ele>86.89179625641555</ele>
				<time>2025-08-19T23:38:42Z</time>
			</trkpt>
			<trkpt lat="49.26798639871566" lon="-123.25641637756438">
				<ele>86.89518435485661</ele>
				<time>2025-08-19T23:38:49Z</time>
			</trkpt>
			<trkpt lat="49.26801376403157" lon="-123.25641796414752">
				<ele>86.58867974765599</ele>
				<time>2025-08-19T23:38:51Z</time>
			</trkpt>
			<trkpt lat="49.26803324925587" lon="-123.25640468607322">
				<ele>87.40959489904344</ele>
				<time>2025-08-19T23:38:53Z</time>
			</trkpt>
			<trkpt lat="49.26805187562108" lon="-123.25639865166728">
				<ele>87.46361440327018</ele>
				<time>2025-08-19T23:38:55Z</time>
			</trkpt>
			<trkpt lat="49.26807085208196" lon="-123.25640702113434">
				<ele>87.28749323729426</ele>
				<time>2025-08-19T23:38:56Z</time>
			</trkpt>
			<trkpt lat="49.26809875371849" lon="-123.256425037184">
				<ele>87.51633539609611</ele>
				<time>2025-08-19T23:38:58Z</time>
			</trkpt>
			<trkpt lat="49.26812510494402" lon="-123.25642524506507">
				<ele>87.47709236480296</ele>
				<time>2025-08-19T23:39:00Z</time>
			</trkpt>
			<trkpt lat="49.268147384754144" lon="-123.25643260805262">
				<ele>87.722321793437</ele>
				<time>2025-08-19T23:39:02Z</time>
			</trkpt>
			<trkpt lat="49.26817120250974" lon="-123.25643697185751">
				<ele>87.44145031832159</ele>
				<time>2025-08-19T23:39:04Z</time>
			</trkpt>
			<trkpt lat="49.26818980209254" lon="-123.25643692126512">
				<ele>87.77996327821165</ele>
				<time>2025-08-19T23:39:06Z</time>
			</trkpt>
			<trkpt lat="49.26821546109207" lon="-123.25645425620586">
				<ele>87.67196025606245</ele>
				<time>2025-08-19T23:39:08Z</time>
			</trkpt>
			<trkpt lat="49.268234849024964" lon="-123.25647361429301">
				<ele>87.92148309480399</ele>
				<time>2025-08-19T23:39:10Z</time>
			</trkpt>
			<trkpt lat="49.268260483591426" lon="-123.25649338417621">
				<ele>87.6604721462354</ele>
				<time>2025-08-19T23:39:13Z</time>
			</trkpt>
			<trkpt lat="49.268287983681226" lon="-123.25650048066547">
				<ele>87.51127528306097</ele>
				<time>2025-08-19T23:39:16Z</time>
			</trkpt>
			<trkpt lat="49.26830774467978" lon="-123.25651340069999">
				<ele>87.43164268415421</ele>
				<time>2025-08-19T23:39:18Z</time>
			</trkpt>
			<trkpt lat="49.2683253567706" lon="-123.25652228525018">
				<ele>87.74456805549562</ele>
				<time>2025-08-19T23:39:21Z</time>
			</trkpt>
			<trkpt lat="49.268350128034534" lon="-123.25654228298077">
				<ele>88.16872045956552</ele>
				<time>2025-08-19T23:39:22Z</time>
			</trkpt>
			<trkpt lat="49.26837983433366" lon="-123.25654211249635">
				<ele>88.4745175940916</ele>
				<time>2025-08-19T23:39:27Z</time>
			</trkpt>
			<trkpt lat="49.26840269701705" lon="-123.25656053367767">
				<ele>88.14266399201006</ele>
				<time>2025-08-19T23:39:29Z</time>
			</trkpt>
			<trkpt lat="49.268431255361435" lon="-123.25658014251015">
				<ele>88.07113086991012</ele>
				<time>2025-08-19T23:39:31Z</time>
			</trkpt>
			<trkpt lat="49.26844713256439" lon="-123.25656667809919">
				<ele>88.11751835234463</ele>
				<time>2025-08-19T23:39:34Z</time>
			</trkpt>
			<trkpt lat="49.26846305954564" lon="-123.2565520107462">
				<ele>88.51393388211727</ele>
				<time>2025-08-19T23:39:36Z</time>
			</trkpt>
			<trkpt lat="49.268473762110595" lon="-123.25652942049476">
				<ele>88.15450242348015</ele>
				<time>2025-08-19T23:39:38Z</time>
			</trkpt>
			<trkpt lat="49.26848748842903" lon="-123.25649515590842">
				<ele>88.25442320667207</ele>
				<time>2025-08-19T23:39:40Z</time>
			</trkpt>
			<trkpt lat="49.2684597651111" lon="-123.25648948310125">
				<ele>88.6241932362318</ele>
				<time>2025-08-19T23:39:43Z</time>
			</trkpt>
			<trkpt lat="49.268473416752116" lon="-123.2564660812524">
				<ele>88.73542277235538</ele>
				<time>2025-08-19T23:39:44Z</time>
			</trkpt>
			<trkpt lat="49.26849236292228" lon="-123.25645593937509">
				<ele>88.64834790304303</ele>
				<time>2025-08-19T23:39:45Z</time>
			</trkpt>
			<trkpt lat="49.26851169539897" lon="-123.25644157394788">
				<ele>88.78249092865735</ele>
				<time>2025-08-19T23:39:46Z</time>
			</trkpt>
			<trkpt lat="49.268538482979054" lon="-123.25645475420194">
				<ele>88.83551502041519</ele>
				<time>2025-08-19T23:39:47Z</time>
			</trkpt>
			<trkpt lat="49.26856807383745" lon="-123.25644733622302">
				<ele>88.2541906638071</ele>
				<time>2025-08-19T23:39:49Z</time>
			</trkpt>
			<trkpt lat="49.268598899880196" lon="-123.25647013940392">
				<ele>88.55368653219193</ele>
				<time>2025-08-19T23:39:51Z</time>
			</trkpt>
			<trkpt lat="49.26861686815994" lon="-123.25646855376453">
				<ele>88.52091052103788</ele>
				<time>2025-08-19T23:39:53Z</time>
			</trkpt>
			<trkpt lat="49.2686430603826" lon="-123.25647105869267">
				<ele>88.34595688432455</ele>
				<time>2025-08-19T23:39:55Z</time>
			</trkpt>
			<trkpt lat="49.26867128506698" lon="-123.25647610091956">
				<ele>87.92395863775164</ele>
				<time>2025-08-19T23:39:57Z</time>
			</trkpt>
			<trkpt lat="49.26868980970729" lon="-123.25645632453576">
				<ele>88.23206650279462</ele>
				<time>2025-08-19T23:39:59Z</time>
			</trkpt>
			<trkpt lat="49.26870426026916" lon="-123.25643536944673">
				<ele>88.81691977661103</ele>
				<time>2025-08-19T23:40:01Z</time>
			</trkpt>
			<trkpt lat="49.26872610523378" lon="-123.25641967972278">
				<ele>89.02622803114355</ele>
				<time>2025-08-19T23:40:03Z</time>
			</trkpt>
			<trkpt lat="49.26875048765384" lon="-123.256423388235">
				<ele>89.1661527948454</ele>
				<time>2025-08-19T23:40:05Z</time>
			</trkpt>
			<trkpt lat="49.26877069069261" lon="-123.25643504841358">
				<ele>88.91711606644094</ele>
				<time>2025-08-19T23:40:07Z</time>
			</trkpt>
			<trkpt lat="49.26878647907366" lon="-123.25644963401851">
				<ele>88.62142909131944</ele>
				<time>2025-08-19T23:40:09Z</time>
			</trkpt>
			<trkpt lat="49.268790230011504" lon="-123.25647946460028">
				<ele>88.2545367423445</ele>
				<time>2025-08-19T23:40:11Z</time>
			</trkpt>
			<trkpt lat="49.26876083843156" lon="-123.25647975819703">
				<ele>88.08787254802883</ele>
				<time>2025-08-19T23:40:39Z</time>
			</trkpt>
			<trkpt lat="49.268791204660545" lon="-123.25646842277662">
				<ele>88.39277993142605</ele>
				<time>2025-08-19T23:40:44Z</time>
			</trkpt>
			<trkpt lat="49.268789535787164" lon="-123.25646869854062">
				<ele>88.39277993142605</ele>
				<time>2025-08-19T23:40:59Z</time>
			</trkpt>
			<trkpt lat="49.26877799569732" lon="-123.25644215548884">
				<ele>88.319344939664</ele>
				<time>2025-08-19T23:41:38Z</time>
			</trkpt>
			<trkpt lat="49.26878642934159" lon="-123.25645515052804">
				<ele>88.319344939664</ele>
				<time>2025-08-19T23:41:45Z</time>
			</trkpt>
			<trkpt lat="49.2687475689248" lon="-123.25646221591363">
				<ele>88.37764510978013</ele>
				<time>2025-08-19T23:42:12Z</time>
			</trkpt>
			<trkpt lat="49.26876862537453" lon="-123.25644109119906">
				<ele>88.39167376607656</ele>
				<time>2025-08-19T23:42:14Z</time>
			</trkpt>
			<trkpt lat="49.26879556087075" lon="-123.25647980054082">
				<ele>88.00646238494664</ele>
				<time>2025-08-19T23:42:20Z</time>
			</trkpt>
			<trkpt lat="49.26877413359596" lon="-123.25644490754446">
				<ele>88.14204894099385</ele>
				<time>2025-08-19T23:42:21Z</time>
			</trkpt>
			<trkpt lat="49.26875799360867" lon="-123.25641646507466">
				<ele>88.00873129535466</ele>
				<time>2025-08-19T23:42:24Z</time>
			</trkpt>
			<trkpt lat="49.26872733106781" lon="-123.25640574374808">
				<ele>89.17599325906485</ele>
				<time>2025-08-19T23:42:27Z</time>
			</trkpt>
			<trkpt lat="49.268691845495184" lon="-123.25640130387912">
				<ele>89.00098375696689</ele>
				<time>2025-08-19T23:42:30Z</time>
			</trkpt>
			<trkpt lat="49.26867306060268" lon="-123.25637792567302">
				<ele>88.9864982701838</ele>
				<time>2025-08-19T23:42:33Z</time>
			</trkpt>
			<trkpt lat="49.26864759720561" lon="-123.25636365411584">
				<ele>88.68964292295277</ele>
				<time>2025-08-19T23:42:34Z</time>
			</trkpt>
			<trkpt lat="49.268622211408704" lon="-123.25634247671465">
				<ele>88.9989107530564</ele>
				<time>2025-08-19T23:42:36Z</time>
			</trkpt>
			<trkpt lat="49.26863953008093" lon="-123.25630696033514">
				<ele>88.74343866948038</ele>
				<time>2025-08-19T23:42:38Z</time>
			</trkpt>
			<trkpt lat="49.26862621980378" lon="-123.25627587940947">
				<ele>88.57899132743478</ele>
				<time>2025-08-19T23:42:40Z</time>
			</trkpt>
			<trkpt lat="49.268626139593685" lon="-123.2562395605688">
				<ele>88.83834017906338</ele>
				<time>2025-08-19T23:42:42Z</time>
			</trkpt>
			<trkpt lat="49.26864401883072" lon="-123.25625656001476">
				<ele>88.41745429672301</ele>
				<time>2025-08-19T23:42:44Z</time>
			</trkpt>
			<trkpt lat="49.26863404041097" lon="-123.256209175433">
				<ele>88.24128981865942</ele>
				<time>2025-08-19T23:42:45Z</time>
			</trkpt>
			<trkpt lat="49.26861717087263" lon="-123.25618476980117">
				<ele>88.59758519846946</ele>
				<time>2025-08-19T23:42:47Z</time>
			</trkpt>
			<trkpt lat="49.26859800922433" lon="-123.25616558019485">
				<ele>89.07550317328423</ele>
				<time>2025-08-19T23:42:49Z</time>
			</trkpt>
			<trkpt lat="49.26858406703924" lon="-123.2561448783354">
				<ele>88.91565652843565</ele>
				<time>2025-08-19T23:42:51Z</time>
			</trkpt>
			<trkpt lat="49.26856378568948" lon="-123.25611821820036">
				<ele>89.4869133355096</ele>
				<time>2025-08-19T23:42:54Z</time>
			</trkpt>
			<trkpt lat="49.26853981479287" lon="-123.25609381021415">
				<ele>88.69785556569695</ele>
				<time>2025-08-19T23:42:57Z</time>
			</trkpt>
			<trkpt lat="49.26851068687526" lon="-123.25607054805161">
				<ele>88.92038458865136</ele>
				<time>2025-08-19T23:42:59Z</time>
			</trkpt>
			<trkpt lat="49.268486461662974" lon="-123.2560472197377">
				<ele>89.20182668138295</ele>
				<time>2025-08-19T23:43:01Z</time>
			</trkpt>
			<trkpt lat="49.26845257842479" lon="-123.25603065656915">
				<ele>89.12545347679406</ele>
				<time>2025-08-19T23:43:04Z</time>
			</trkpt>
			<trkpt lat="49.268434536653004" lon="-123.25602646292946">
				<ele>89.21191703155637</ele>
				<time>2025-08-19T23:43:07Z</time>
			</trkpt>
			<trkpt lat="49.26840590935264" lon="-123.25600645087304">
				<ele>89.31828301772475</ele>
				<time>2025-08-19T23:43:08Z</time>
			</trkpt>
			<trkpt lat="49.26838034955546" lon="-123.25600241584496">
				<ele>89.20676345657557</ele>
				<time>2025-08-19T23:43:11Z</time>
			</trkpt>
			<trkpt lat="49.268363227476826" lon="-123.25597398869735">
				<ele>89.01562004350126</ele>
				<time>2025-08-19T23:43:13Z</time>
			</trkpt>
			<trkpt lat="49.26834076656794" lon="-123.25595728824676">
				<ele>89.29884167201817</ele>
				<time>2025-08-19T23:43:15Z</time>
			</trkpt>
			<trkpt lat="49.268318404485385" lon="-123.25595905562166">
				<ele>89.49310717731714</ele>
				<time>2025-08-19T23:43:16Z</time>
			</trkpt>
			<trkpt lat="49.26830313907709" lon="-123.25592986016936">
				<ele>88.9763796068728</ele>
				<time>2025-08-19T23:43:18Z</time>
			</trkpt>
			<trkpt lat="49.268287236546286" lon="-123.25591545588551">
				<ele>89.13074665889144</ele>
				<time>2025-08-19T23:43:20Z</time>
			</trkpt>
			<trkpt lat="49.26826938164255" lon="-123.25590352915776">
				<ele>88.95651601720601</ele>
				<time>2025-08-19T23:43:22Z</time>
			</trkpt>
			<trkpt lat="49.26824334978914" lon="-123.2558899317856">
				<ele>89.31732904259115</ele>
				<time>2025-08-19T23:43:24Z</time>
			</trkpt>
			<trkpt lat="49.26821800091922" lon="-123.25585996986607">
				<ele>89.73032609280199</ele>
				<time>2025-08-19T23:43:27Z</time>
			</trkpt>
			<trkpt lat="49.26820351696867" lon="-123.25582092803474">
				<ele>88.86326095554978</ele>
				<time>2025-08-19T23:43:29Z</time>
			</trkpt>
			<trkpt lat="49.26817546968619" lon="-123.25581193861952">
				<ele>89.28054196015</ele>
				<time>2025-08-19T23:43:31Z</time>
			</trkpt>
			<trkpt lat="49.26815737475336" lon="-123.25579668606436">
				<ele>89.85923625249416</ele>
				<time>2025-08-19T23:43:33Z</time>
			</trkpt>
			<trkpt lat="49.268129745097916" lon="-123.25576136290965">
				<ele>89.15391945373267</ele>
				<time>2025-08-19T23:43:38Z</time>
			</trkpt>
			<trkpt lat="49.26810470872712" lon="-123.2557372093848">
				<ele>89.07848786842078</ele>
				<time>2025-08-19T23:43:42Z</time>
			</trkpt>
			<trkpt lat="49.26809977215475" lon="-123.2557026470604">
				<ele>89.45374936237931</ele>
				<time>2025-08-19T23:43:44Z</time>
			</trkpt>
			<trkpt lat="49.26807312486297" lon="-123.25569223096458">
				<ele>89.21714823320508</ele>
				<time>2025-08-19T23:43:46Z</time>
			</trkpt>
			<trkpt lat="49.26805308098258" lon="-123.25569058245506">
				<ele>89.08386530168355</ele>
				<time>2025-08-19T23:43:47Z</time>
			</trkpt>
			<trkpt lat="49.26802916027307" lon="-123.25570318570625">
				<ele>89.38992455601692</ele>
				<time>2025-08-19T23:43:48Z</time>
			</trkpt>
			<trkpt lat="49.268000388416915" lon="-123.25569475876668">
				<ele>89.51196332741529</ele>
				<time>2025-08-19T23:43:49Z</time>
			</trkpt>
			<trkpt lat="49.26798179357628" lon="-123.25566752686268">
				<ele>89.6197160743177</ele>
				<time>2025-08-19T23:43:51Z</time>
			</trkpt>
			<trkpt lat="49.267964018235176" lon="-123.25564046425916">
				<ele>90.2535072285682</ele>
				<time>2025-08-19T23:43:53Z</time>
			</trkpt>
			<trkpt lat="49.26793095089879" lon="-123.25560205716562">
				<ele>89.99901624955237</ele>
				<time>2025-08-19T23:43:57Z</time>
			</trkpt>
			<trkpt lat="49.267910669529755" lon="-123.25559096272208">
				<ele>89.92930827382952</ele>
				<time>2025-08-19T23:44:01Z</time>
			</trkpt>
			<trkpt lat="49.26788483313988" lon="-123.25557296851728">
				<ele>89.75047580432147</ele>
				<time>2025-08-19T23:44:02Z</time>
			</trkpt>
			<trkpt lat="49.267909519159346" lon="-123.255583819285">
				<ele>89.7243857095018</ele>
				<time>2025-08-19T23:44:03Z</time>
			</trkpt>
			<trkpt lat="49.267889712797704" lon="-123.25555814089176">
				<ele>89.68443148303777</ele>
				<time>2025-08-19T23:44:04Z</time>
			</trkpt>
			<trkpt lat="49.26787003386605" lon="-123.25555205794909">
				<ele>89.87611695751548</ele>
				<time>2025-08-19T23:44:05Z</time>
			</trkpt>
			<trkpt lat="49.267852601385876" lon="-123.25553897861778">
				<ele>89.69563157856464</ele>
				<time>2025-08-19T23:44:06Z</time>
			</trkpt>
			<trkpt lat="49.26783479761474" lon="-123.25552465857604">
				<ele>89.9081938425079</ele>
				<time>2025-08-19T23:44:10Z</time>
			</trkpt>
			<trkpt lat="49.26779567358204" lon="-123.25551946424015">
				<ele>89.78740130923688</ele>
				<time>2025-08-19T23:44:11Z</time>
			</trkpt>
			<trkpt lat="49.26777484197572" lon="-123.25550481624549">
				<ele>89.8667615428567</ele>
				<time>2025-08-19T23:44:13Z</time>
			</trkpt>
			<trkpt lat="49.267751257236974" lon="-123.25553682280156">
				<ele>89.9968387177214</ele>
				<time>2025-08-19T23:44:14Z</time>
			</trkpt>
			<trkpt lat="49.26774689972028" lon="-123.25549715785942">
				<ele>90.04904509522021</ele>
				<time>2025-08-19T23:44:16Z</time>
			</trkpt>
			<trkpt lat="49.26771338262715" lon="-123.25549546584317">
				<ele>90.04166173376143</ele>
				<time>2025-08-19T23:44:18Z</time>
			</trkpt>
			<trkpt lat="49.26766766080542" lon="-123.25547556683007">
				<ele>90.46729510929435</ele>
				<time>2025-08-19T23:44:19Z</time>
			</trkpt>
			<trkpt lat="49.26766954994684" lon="-123.25543045546522">
				<ele>90.18566264864057</ele>
				<time>2025-08-19T23:44:21Z</time>
			</trkpt>
			<trkpt lat="49.26768708935036" lon="-123.25537785771041">
				<ele>90.06030276697129</ele>
				<time>2025-08-19T23:44:25Z</time>
			</trkpt>
			<trkpt lat="49.26768470658981" lon="-123.2553483845056">
				<ele>90.02736507728696</ele>
				<time>2025-08-19T23:44:26Z</time>
			</trkpt>
			<trkpt lat="49.26767862783074" lon="-123.25530640456603">
				<ele>90.07535186223686</ele>
				<time>2025-08-19T23:44:29Z</time>
			</trkpt>
			<trkpt lat="49.26767990419693" lon="-123.25525650312005">
				<ele>90.22407281026244</ele>
				<time>2025-08-19T23:44:31Z</time>
			</trkpt>
			<trkpt lat="49.26767294944333" lon="-123.25521077168598">
				<ele>90.82552187424153</ele>
				<time>2025-08-19T23:44:32Z</time>
			</trkpt>
			<trkpt lat="49.26768704077825" lon="-123.25516675115092">
				<ele>90.98401158489287</ele>
				<time>2025-08-19T23:44:35Z</time>
			</trkpt>
			<trkpt lat="49.26769724893648" lon="-123.25513480274921">
				<ele>90.52990102022886</ele>
				<time>2025-08-19T23:44:37Z</time>
			</trkpt>
			<trkpt lat="49.26771019265038" lon="-123.2551047178272">
				<ele>90.43344418797642</ele>
				<time>2025-08-19T23:44:39Z</time>
			</trkpt>
			<trkpt lat="49.26771990177409" lon="-123.25507528737951">
				<ele>90.44753767643124</ele>
				<time>2025-08-19T23:44:41Z</time>
			</trkpt>
			<trkpt lat="49.2677317677681" lon="-123.25503954540915">
				<ele>90.59281056467444</ele>
				<time>2025-08-19T23:44:43Z</time>
			</trkpt>
			<trkpt lat="49.26772270660913" lon="-123.25500456344533">
				<ele>90.50919022411108</ele>
				<time>2025-08-19T23:44:46Z</time>
			</trkpt>
			<trkpt lat="49.26772784736003" lon="-123.25495192940133">
				<ele>90.62390559911728</ele>
				<time>2025-08-19T23:44:47Z</time>
			</trkpt>
			<trkpt lat="49.26774951975581" lon="-123.25491282785634">
				<ele>90.47713691182435</ele>
				<time>2025-08-19T23:44:52Z</time>
			</trkpt>
			<trkpt lat="49.267767982782104" lon="-123.25489924795473">
				<ele>90.40611490700394</ele>
				<time>2025-08-19T23:44:54Z</time>
			</trkpt>
			<trkpt lat="49.267785300077904" lon="-123.2548740278079">
				<ele>89.43611151445657</ele>
				<time>2025-08-19T23:44:56Z</time>
			</trkpt>
			<trkpt lat="49.267791550245455" lon="-123.25484400492722">
				<ele>90.47882833424956</ele>
				<time>2025-08-19T23:44:58Z</time>
			</trkpt>
			<trkpt lat="49.26779723552373" lon="-123.25480621884034">
				<ele>89.96253584232181</ele>
				<time>2025-08-19T23:45:00Z</time>
			</trkpt>
			<trkpt lat="49.2678067818961" lon="-123.254774814741">
				<ele>90.40063833631575</ele>
				<time>2025-08-19T23:45:03Z</time>
			</trkpt>
			<trkpt lat="49.26781275955363" lon="-123.25474477211438">
				<ele>90.6295902878046</ele>
				<time>2025-08-19T23:45:05Z</time>
			</trkpt>
			<trkpt lat="49.26781882528571" lon="-123.25471888347008">
				<ele>90.34643254801631</ele>
				<time>2025-08-19T23:45:07Z</time>
			</trkpt>
			<trkpt lat="49.26782424844691" lon="-123.25467740741296">
				<ele>89.87425682228059</ele>
				<time>2025-08-19T23:45:10Z</time>
			</trkpt>
			<trkpt lat="49.26783150080726" lon="-123.25462089879377">
				<ele>89.50435450207442</ele>
				<time>2025-08-19T23:45:14Z</time>
			</trkpt>
			<trkpt lat="49.267850380627664" lon="-123.25458444678735">
				<ele>89.61945797409862</ele>
				<time>2025-08-19T23:45:16Z</time>
			</trkpt>
			<trkpt lat="49.26787088823172" lon="-123.25456717741059">
				<ele>90.24840562976897</ele>
				<time>2025-08-19T23:45:19Z</time>
			</trkpt>
			<trkpt lat="49.26788591011944" lon="-123.25453575429914">
				<ele>89.8665214702487</ele>
				<time>2025-08-19T23:45:21Z</time>
			</trkpt>
			<trkpt lat="49.267898314674504" lon="-123.25449669297382">
				<ele>89.63462757039815</ele>
				<time>2025-08-19T23:45:23Z</time>
			</trkpt>
			<trkpt lat="49.26791485984309" lon="-123.2544734482557">
				<ele>89.7051537046209</ele>
				<time>2025-08-19T23:45:25Z</time>
			</trkpt>
			<trkpt lat="49.26793161403121" lon="-123.2544332521662">
				<ele>89.49414959456772</ele>
				<time>2025-08-19T23:45:27Z</time>
			</trkpt>
			<trkpt lat="49.26793191955006" lon="-123.25438043487087">
				<ele>88.66029247362167</ele>
				<time>2025-08-19T23:45:30Z</time>
			</trkpt>
			<trkpt lat="49.26795249277795" lon="-123.25434098057967">
				<ele>89.39782969467342</ele>
				<time>2025-08-19T23:45:33Z</time>
			</trkpt>
			<trkpt lat="49.26795554739782" lon="-123.25428521071441">
				<ele>89.64398553501815</ele>
				<time>2025-08-19T23:45:37Z</time>
			</trkpt>
			<trkpt lat="49.267959098091914" lon="-123.25421262114406">
				<ele>89.84825231134892</ele>
				<time>2025-08-19T23:45:40Z</time>
			</trkpt>
			<trkpt lat="49.26797075659172" lon="-123.25417964887168">
				<ele>89.66846056841314</ele>
				<time>2025-08-19T23:45:42Z</time>
			</trkpt>
			<trkpt lat="49.26799775955358" lon="-123.25418490370448">
				<ele>89.71243900898844</ele>
				<time>2025-08-19T23:45:45Z</time>
			</trkpt>
			<trkpt lat="49.268016504881885" lon="-123.25418215889253">
				<ele>89.641935037449</ele>
				<time>2025-08-19T23:45:47Z</time>
			</trkpt>
			<trkpt lat="49.26804512658327" lon="-123.25415455997849">
				<ele>89.9319900656119</ele>
				<time>2025-08-19T23:45:49Z</time>
			</trkpt>
			<trkpt lat="49.26803711195425" lon="-123.25412016617123">
				<ele>89.69567006081343</ele>
				<time>2025-08-19T23:45:51Z</time>
			</trkpt>
			<trkpt lat="49.26804110250246" lon="-123.25408519494732">
				<ele>89.96176280919462</ele>
				<time>2025-08-19T23:45:52Z</time>
			</trkpt>
			<trkpt lat="49.268061337484724" lon="-123.25409472008118">
				<ele>90.0392249096185</ele>
				<time>2025-08-19T23:45:53Z</time>
			</trkpt>
			<trkpt lat="49.26807572860617" lon="-123.25405550190649">
				<ele>89.06868071388453</ele>
				<time>2025-08-19T23:45:55Z</time>
			</trkpt>
			<trkpt lat="49.26808482748661" lon="-123.25402960273796">
				<ele>89.63102308474481</ele>
				<time>2025-08-19T23:45:57Z</time>
			</trkpt>
			<trkpt lat="49.268094077605205" lon="-123.25398571566002">
				<ele>89.0455718729645</ele>
				<time>2025-08-19T23:45:58Z</time>
			</trkpt>
			<trkpt lat="49.2680997540737" lon="-123.25393409811642">
				<ele>89.36276974435896</ele>
				<time>2025-08-19T23:46:00Z</time>
			</trkpt>
			<trkpt lat="49.26808815930926" lon="-123.25389949773535">
				<ele>89.39462490566075</ele>
				<time>2025-08-19T23:46:02Z</time>
			</trkpt>
			<trkpt lat="49.26810250724145" lon="-123.25387039638335">
				<ele>89.24402974452823</ele>
				<time>2025-08-19T23:46:11Z</time>
			</trkpt>
			<trkpt lat="49.26809517412935" lon="-123.25375594029988">
				<ele>89.4291218938306</ele>
				<time>2025-08-19T23:46:12Z</time>
			</trkpt>
			<trkpt lat="49.268104962631156" lon="-123.25379959003267">
				<ele>89.31218874733895</ele>
				<time>2025-08-19T23:46:14Z</time>
			</trkpt>
			<trkpt lat="49.26810994712832" lon="-123.25377261470966">
				<ele>89.70803487021476</ele>
				<time>2025-08-19T23:46:15Z</time>
			</trkpt>
			<trkpt lat="49.26811200991828" lon="-123.2538153718425">
				<ele>89.57459911610931</ele>
				<time>2025-08-19T23:46:16Z</time>
			</trkpt>
			<trkpt lat="49.26816781796521" lon="-123.25380536480603">
				<ele>88.9797962764278</ele>
				<time>2025-08-19T23:46:20Z</time>
			</trkpt>
			<trkpt lat="49.26815823211619" lon="-123.25383664416438">
				<ele>88.8245450919494</ele>
				<time>2025-08-19T23:46:21Z</time>
			</trkpt>
			<trkpt lat="49.26817870601358" lon="-123.25385090897304">
				<ele>89.76874915603548</ele>
				<time>2025-08-19T23:46:27Z</time>
			</trkpt>
			<trkpt lat="49.2681697033465" lon="-123.25385039956329">
				<ele>89.65462416410446</ele>
				<time>2025-08-19T23:46:40Z</time>
			</trkpt>
			<trkpt lat="49.26817604201723" lon="-123.2538215328782">
				<ele>90.58071018010378</ele>
				<time>2025-08-19T23:47:09Z</time>
			</trkpt>
			<trkpt lat="49.26815239716232" lon="-123.25383155511753">
				<ele>89.47615875210613</ele>
				<time>2025-08-19T23:47:15Z</time>
			</trkpt>
			<trkpt lat="49.26816373350683" lon="-123.25383326831023">
				<ele>89.3147697262466</ele>
				<time>2025-08-19T23:47:18Z</time>
			</trkpt>
			<trkpt lat="49.26814120686484" lon="-123.25383082926632">
				<ele>89.37511908262968</ele>
				<time>2025-08-19T23:47:25Z</time>
			</trkpt>
			<trkpt lat="49.268126347030055" lon="-123.25384989169122">
				<ele>88.91170500312</ele>
				<time>2025-08-19T23:48:12Z</time>
			</trkpt>
			<trkpt lat="49.268112193187605" lon="-123.25377432306963">
				<ele>89.53934962302446</ele>
				<time>2025-08-19T23:48:34Z</time>
			</trkpt>
			<trkpt lat="49.268118940160115" lon="-123.25382400186668">
				<ele>89.16684393491596</ele>
				<time>2025-08-19T23:48:37Z</time>
			</trkpt>
			<trkpt lat="49.2681197749316" lon="-123.2538594675575">
				<ele>89.02208787202835</ele>
				<time>2025-08-19T23:48:39Z</time>
			</trkpt>
			<trkpt lat="49.26808141472603" lon="-123.25384914156248">
				<ele>89.39273488055915</ele>
				<time>2025-08-19T23:48:41Z</time>
			</trkpt>
			<trkpt lat="49.26806454991012" lon="-123.25383374310152">
				<ele>89.267413652502</ele>
				<time>2025-08-19T23:48:43Z</time>
			</trkpt>
			<trkpt lat="49.26808102292753" lon="-123.25382046223534">
				<ele>89.25108113791794</ele>
				<time>2025-08-19T23:48:45Z</time>
			</trkpt>
			<trkpt lat="49.2680217144287" lon="-123.25387183133698">
				<ele>89.27271236758679</ele>
				<time>2025-08-19T23:48:47Z</time>
			</trkpt>
			<trkpt lat="49.268018619264524" lon="-123.25384326637855">
				<ele>89.59771566372365</ele>
				<time>2025-08-19T23:48:49Z</time>
			</trkpt>
			<trkpt lat="49.26799880734474" lon="-123.25381902119359">
				<ele>89.4331216039136</ele>
				<time>2025-08-19T23:48:51Z</time>
			</trkpt>
			<trkpt lat="49.267950095969276" lon="-123.2538028915787">
				<ele>89.69835055805743</ele>
				<time>2025-08-19T23:48:53Z</time>
			</trkpt>
			<trkpt lat="49.267963286236316" lon="-123.2537804558702">
				<ele>89.62035796046257</ele>
				<time>2025-08-19T23:48:54Z</time>
			</trkpt>
			<trkpt lat="49.26794239305091" lon="-123.2537811076783">
				<ele>89.32543557416648</ele>
				<time>2025-08-19T23:48:55Z</time>
			</trkpt>
			<trkpt lat="49.2679238353067" lon="-123.25377590271597">
				<ele>89.40478574391454</ele>
				<time>2025-08-19T23:48:57Z</time>
			</trkpt>
			<trkpt lat="49.267904927906265" lon="-123.25377412127563">
				<ele>89.69214964285493</ele>
				<time>2025-08-19T23:48:58Z</time>
			</trkpt>
			<trkpt lat="49.26788052282957" lon="-123.25375147984694">
				<ele>89.72064508963376</ele>
				<time>2025-08-19T23:49:00Z</time>
			</trkpt>
			<trkpt lat="49.267861828050805" lon="-123.25373864807912">
				<ele>89.5789554528892</ele>
				<time>2025-08-19T23:49:01Z</time>
			</trkpt>
			<trkpt lat="49.26784178936777" lon="-123.25372389805868">
				<ele>89.10262358095497</ele>
				<time>2025-08-19T23:49:04Z</time>
			</trkpt>
			<trkpt lat="49.26781937417644" lon="-123.253702619941">
				<ele>89.53256384003907</ele>
				<time>2025-08-19T23:49:06Z</time>
			</trkpt>
			<trkpt lat="49.267799303650534" lon="-123.25368602183389">
				<ele>89.64348893519491</ele>
				<time>2025-08-19T23:49:09Z</time>
			</trkpt>
			<trkpt lat="49.26778020411128" lon="-123.25367816257352">
				<ele>89.56680628843606</ele>
				<time>2025-08-19T23:49:10Z</time>
			</trkpt>
			<trkpt lat="49.26775792927319" lon="-123.25368507294908">
				<ele>89.73297241143882</ele>
				<time>2025-08-19T23:49:12Z</time>
			</trkpt>
			<trkpt lat="49.26772664525606" lon="-123.25366920508725">
				<ele>89.55431216582656</ele>
				<time>2025-08-19T23:49:14Z</time>
			</trkpt>
			<trkpt lat="49.26770743583385" lon="-123.25364575821223">
				<ele>89.71186549589038</ele>
				<time>2025-08-19T23:49:16Z</time>
			</trkpt>
			<trkpt lat="49.2676894439129" lon="-123.25362061461723">
				<ele>89.73750902712345</ele>
				<time>2025-08-19T23:49:18Z</time>
			</trkpt>
			<trkpt lat="49.26767117170711" lon="-123.25361261665877">
				<ele>89.58160139247775</ele>
				<time>2025-08-19T23:49:19Z</time>
			</trkpt>
			<trkpt lat="49.26768164903162" lon="-123.25358799732389">
				<ele>89.2321104016155</ele>
				<time>2025-08-19T23:49:21Z</time>
			</trkpt>
			<trkpt lat="49.2676552044786" lon="-123.25356047399626">
				<ele>89.2501583173871</ele>
				<time>2025-08-19T23:49:23Z</time>
			</trkpt>
			<trkpt lat="49.26762447784607" lon="-123.2535474820253">
				<ele>89.45303042884916</ele>
				<time>2025-08-19T23:49:26Z</time>
			</trkpt>
			<trkpt lat="49.26759056708362" lon="-123.25353845748677">
				<ele>88.97100749053061</ele>
				<time>2025-08-19T23:49:28Z</time>
			</trkpt>
			<trkpt lat="49.267572127446584" lon="-123.2535168229961">
				<ele>89.28017293475568</ele>
				<time>2025-08-19T23:49:31Z</time>
			</trkpt>
			<trkpt lat="49.26755212736668" lon="-123.25347891600026">
				<ele>89.43784748390317</ele>
				<time>2025-08-19T23:49:33Z</time>
			</trkpt>
			<trkpt lat="49.26753433674176" lon="-123.25347489312271">
				<ele>89.74365068320185</ele>
				<time>2025-08-19T23:49:34Z</time>
			</trkpt>
			<trkpt lat="49.26751481790283" lon="-123.25346385470768">
				<ele>89.38976187258959</ele>
				<time>2025-08-19T23:49:35Z</time>
			</trkpt>
			<trkpt lat="49.2675198571187" lon="-123.25343695971908">
				<ele>89.18424529023468</ele>
				<time>2025-08-19T23:49:37Z</time>
			</trkpt>
			<trkpt lat="49.26749801909616" lon="-123.25343085603313">
				<ele>89.5287551023066</ele>
				<time>2025-08-19T23:49:38Z</time>
			</trkpt>
			<trkpt lat="49.26746580809039" lon="-123.25343297506359">
				<ele>89.50771220866591</ele>
				<time>2025-08-19T23:49:40Z</time>
			</trkpt>
			<trkpt lat="49.26742365058281" lon="-123.253423070246">
				<ele>89.57085335254669</ele>
				<time>2025-08-19T23:49:42Z</time>
			</trkpt>
			<trkpt lat="49.267388805898186" lon="-123.25339395544293">
				<ele>89.68186488281935</ele>
				<time>2025-08-19T23:49:44Z</time>
			</trkpt>
			<trkpt lat="49.267362846545446" lon="-123.25336754902933">
				<ele>90.03453790489584</ele>
				<time>2025-08-19T23:49:49Z</time>
			</trkpt>
			<trkpt lat="49.26734715027838" lon="-123.25333915712514">
				<ele>89.570516763255</ele>
				<time>2025-08-19T23:49:51Z</time>
			</trkpt>
			<trkpt lat="49.26733246534024" lon="-123.25331948974399">
				<ele>89.10987887624651</ele>
				<time>2025-08-19T23:49:53Z</time>
			</trkpt>
			<trkpt lat="49.26731427595089" lon="-123.25329685915692">
				<ele>89.59758644737303</ele>
				<time>2025-08-19T23:49:55Z</time>
			</trkpt>
			<trkpt lat="49.26728736903455" lon="-123.25327469164272">
				<ele>89.58185622096062</ele>
				<time>2025-08-19T23:49:56Z</time>
			</trkpt>
			<trkpt lat="49.26726512671934" lon="-123.25326382902536">
				<ele>89.64811198879033</ele>
				<time>2025-08-19T23:50:00Z</time>
			</trkpt>
			<trkpt lat="49.267238017185264" lon="-123.2532550316304">
				<ele>89.6859995322302</ele>
				<time>2025-08-19T23:50:02Z</time>
			</trkpt>
			<trkpt lat="49.26720817405375" lon="-123.25322701149672">
				<ele>89.18251689523458</ele>
				<time>2025-08-19T23:50:07Z</time>
			</trkpt>
			<trkpt lat="49.26719425733991" lon="-123.25320253742589">
				<ele>89.43095128796995</ele>
				<time>2025-08-19T23:50:08Z</time>
			</trkpt>
			<trkpt lat="49.26716743114644" lon="-123.25317661898742">
				<ele>89.88827927131206</ele>
				<time>2025-08-19T23:50:10Z</time>
			</trkpt>
			<trkpt lat="49.267153636888466" lon="-123.25314834699765">
				<ele>90.17239526286721</ele>
				<time>2025-08-19T23:50:12Z</time>
			</trkpt>
			<trkpt lat="49.26713655285971" lon="-123.2531068412569">
				<ele>89.78606464341283</ele>
				<time>2025-08-19T23:50:14Z</time>
			</trkpt>
			<trkpt lat="49.26710907580896" lon="-123.2530879600922">
				<ele>89.9634078508243</ele>
				<time>2025-08-19T23:50:17Z</time>
			</trkpt>
			<trkpt lat="49.267091698782835" lon="-123.25307906326105">
				<ele>90.29394148942083</ele>
				<time>2025-08-19T23:50:19Z</time>
			</trkpt>
			<trkpt lat="49.26707820149159" lon="-123.25305346603152">
				<ele>90.28327221609652</ele>
				<time>2025-08-19T23:50:21Z</time>
			</trkpt>
			<trkpt lat="49.26705979919178" lon="-123.25303402126659">
				<ele>90.11270065512508</ele>
				<time>2025-08-19T23:50:22Z</time>
			</trkpt>
			<trkpt lat="49.267039423511775" lon="-123.2529972066445">
				<ele>90.07672866154462</ele>
				<time>2025-08-19T23:50:25Z</time>
			</trkpt>
			<trkpt lat="49.267018060103354" lon="-123.25294765311956">
				<ele>89.84043073747307</ele>
				<time>2025-08-19T23:50:28Z</time>
			</trkpt>
			<trkpt lat="49.26700204012667" lon="-123.25292460576041">
				<ele>90.07481754105538</ele>
				<time>2025-08-19T23:50:30Z</time>
			</trkpt>
			<trkpt lat="49.26697644678198" lon="-123.25287702880071">
				<ele>90.34302635956556</ele>
				<time>2025-08-19T23:50:33Z</time>
			</trkpt>
			<trkpt lat="49.26696671429271" lon="-123.25285153128341">
				<ele>90.19073861371726</ele>
				<time>2025-08-19T23:50:35Z</time>
			</trkpt>
			<trkpt lat="49.26696315683776" lon="-123.25282319338288">
				<ele>89.82668710313737</ele>
				<time>2025-08-19T23:50:37Z</time>
			</trkpt>
			<trkpt lat="49.26696032010171" lon="-123.25278122806613">
				<ele>90.23719548434019</ele>
				<time>2025-08-19T23:50:39Z</time>
			</trkpt>
			<trkpt lat="49.26695834759163" lon="-123.25274163445442">
				<ele>90.2517712218687</ele>
				<time>2025-08-19T23:50:41Z</time>
			</trkpt>
			<trkpt lat="49.26693941731495" lon="-123.25272657136082">
				<ele>90.31488297879696</ele>
				<time>2025-08-19T23:50:42Z</time>
			</trkpt>
			<trkpt lat="49.26692644612107" lon="-123.25269586202114">
				<ele>90.5086177084595</ele>
				<time>2025-08-19T23:50:44Z</time>
			</trkpt>
			<trkpt lat="49.266909376411114" lon="-123.25267970994342">
				<ele>90.4764714743942</ele>
				<time>2025-08-19T23:50:46Z</time>
			</trkpt>
			<trkpt lat="49.266889586428945" lon="-123.25264826909333">
				<ele>90.60661059152335</ele>
				<time>2025-08-19T23:50:49Z</time>
			</trkpt>
			<trkpt lat="49.26684656831193" lon="-123.25259694099525">
				<ele>90.18293017335236</ele>
				<time>2025-08-19T23:50:51Z</time>
			</trkpt>
			<trkpt lat="49.26685681001217" lon="-123.25256923774664">
				<ele>90.15045016258955</ele>
				<time>2025-08-19T23:50:55Z</time>
			</trkpt>
			<trkpt lat="49.26685081971572" lon="-123.25253572441414">
				<ele>89.93239023536444</ele>
				<time>2025-08-19T23:50:57Z</time>
			</trkpt>
			<trkpt lat="49.26685335487681" lon="-123.25249967294576">
				<ele>89.93342073261738</ele>
				<time>2025-08-19T23:50:59Z</time>
			</trkpt>
			<trkpt lat="49.26685957564454" lon="-123.25246855434659">
				<ele>89.90111180394888</ele>
				<time>2025-08-19T23:51:00Z</time>
			</trkpt>
			<trkpt lat="49.26686638692095" lon="-123.25243882122055">
				<ele>90.22109439317137</ele>
				<time>2025-08-19T23:51:02Z</time>
			</trkpt>
			<trkpt lat="49.26685758173198" lon="-123.25239345677319">
				<ele>89.67677741963416</ele>
				<time>2025-08-19T23:51:04Z</time>
			</trkpt>
			<trkpt lat="49.26685944081183" lon="-123.25235303335973">
				<ele>89.98837207537144</ele>
				<time>2025-08-19T23:51:06Z</time>
			</trkpt>
			<trkpt lat="49.26685723873572" lon="-123.2523230037934">
				<ele>90.00188908260316</ele>
				<time>2025-08-19T23:51:08Z</time>
			</trkpt>
			<trkpt lat="49.26684773132252" lon="-123.25228039901413">
				<ele>89.87435485329479</ele>
				<time>2025-08-19T23:51:11Z</time>
			</trkpt>
			<trkpt lat="49.26685514240025" lon="-123.25223558513046">
				<ele>89.73031291924417</ele>
				<time>2025-08-19T23:51:13Z</time>
			</trkpt>
			<trkpt lat="49.266851069061" lon="-123.25220570952777">
				<ele>89.49995283130556</ele>
				<time>2025-08-19T23:51:14Z</time>
			</trkpt>
			<trkpt lat="49.26684626177844" lon="-123.25217069817323">
				<ele>89.4876869469881</ele>
				<time>2025-08-19T23:51:15Z</time>
			</trkpt>
			<trkpt lat="49.26684448459706" lon="-123.2521385750436">
				<ele>89.41404062975198</ele>
				<time>2025-08-19T23:51:17Z</time>
			</trkpt>
			<trkpt lat="49.26685388744944" lon="-123.25210731698742">
				<ele>89.35546835511923</ele>
				<time>2025-08-19T23:51:20Z</time>
			</trkpt>
			<trkpt lat="49.266859638470685" lon="-123.25207752952862">
				<ele>88.86577018070966</ele>
				<time>2025-08-19T23:51:22Z</time>
			</trkpt>
			<trkpt lat="49.26686148667892" lon="-123.25204312564588">
				<ele>89.28695377521217</ele>
				<time>2025-08-19T23:51:24Z</time>
			</trkpt>
			<trkpt lat="49.26684039190132" lon="-123.25200707743286">
				<ele>89.48216078523546</ele>
				<time>2025-08-19T23:51:26Z</time>
			</trkpt>
			<trkpt lat="49.266839618121054" lon="-123.25197238728887">
				<ele>89.3107446366921</ele>
				<time>2025-08-19T23:51:28Z</time>
			</trkpt>
			<trkpt lat="49.266852830783186" lon="-123.2519283019656">
				<ele>89.3877376941964</ele>
				<time>2025-08-19T23:51:30Z</time>
			</trkpt>
			<trkpt lat="49.26684935161349" lon="-123.2518912404199">
				<ele>89.05190723389387</ele>
				<time>2025-08-19T23:51:34Z</time>
			</trkpt>
			<trkpt lat="49.266830604712894" lon="-123.25185852459975">
				<ele>88.78015645779669</ele>
				<time>2025-08-19T23:51:36Z</time>
			</trkpt>
			<trkpt lat="49.26681268458429" lon="-123.25184701085301">
				<ele>88.81753063388169</ele>
				<time>2025-08-19T23:51:41Z</time>
			</trkpt>
			<trkpt lat="49.26683248011822" lon="-123.25183785089237">
				<ele>89.23031216394156</ele>
				<time>2025-08-19T23:51:43Z</time>
			</trkpt>
			<trkpt lat="49.26680497446468" lon="-123.25183458982549">
				<ele>89.25967008434236</ele>
				<time>2025-08-19T23:51:44Z</time>
			</trkpt>
			<trkpt lat="49.266766581216835" lon="-123.2517394144835">
				<ele>89.60242209024727</ele>
				<time>2025-08-19T23:51:45Z</time>
			</trkpt>
			<trkpt lat="49.26675519793903" lon="-123.25178353690464">
				<ele>89.80682329460979</ele>
				<time>2025-08-19T23:51:46Z</time>
			</trkpt>
			<trkpt lat="49.26673046124595" lon="-123.25176662950402">
				<ele>89.77390520088375</ele>
				<time>2025-08-19T23:51:48Z</time>
			</trkpt>
			<trkpt lat="49.26669537149256" lon="-123.25175755224161">
				<ele>89.64289865083992</ele>
				<time>2025-08-19T23:51:50Z</time>
			</trkpt>
			<trkpt lat="49.26670742991696" lon="-123.25173203980329">
				<ele>89.44520774111152</ele>
				<time>2025-08-19T23:51:51Z</time>
			</trkpt>
			<trkpt lat="49.26671429339706" lon="-123.25169579786784">
				<ele>89.53446813579649</ele>
				<time>2025-08-19T23:51:53Z</time>
			</trkpt>
			<trkpt lat="49.26670209514574" lon="-123.2516698702756">
				<ele>89.47203406039625</ele>
				<time>2025-08-19T23:51:55Z</time>
			</trkpt>
			<trkpt lat="49.26668145676472" lon="-123.25163821614917">
				<ele>89.51154128555208</ele>
				<time>2025-08-19T23:51:57Z</time>
			</trkpt>
			<trkpt lat="49.266676704944345" lon="-123.25158960857277">
				<ele>89.62533607706428</ele>
				<time>2025-08-19T23:51:59Z</time>
			</trkpt>
			<trkpt lat="49.266679737527795" lon="-123.25154362849635">
				<ele>89.57545440737158</ele>
				<time>2025-08-19T23:52:00Z</time>
			</trkpt>
			<trkpt lat="49.26670104646462" lon="-123.25150364527539">
				<ele>89.55664817616343</ele>
				<time>2025-08-19T23:52:01Z</time>
			</trkpt>
			<trkpt lat="49.26671020630535" lon="-123.25147548319163">
				<ele>89.57114320900291</ele>
				<time>2025-08-19T23:52:02Z</time>
			</trkpt>
			<trkpt lat="49.26672926299837" lon="-123.25144898310174">
				<ele>89.26586951222271</ele>
				<time>2025-08-19T23:52:03Z</time>
			</trkpt>
			<trkpt lat="49.26673394459001" lon="-123.25141791107632">
				<ele>89.28997211717069</ele>
				<time>2025-08-19T23:52:04Z</time>
			</trkpt>
			<trkpt lat="49.26673682938466" lon="-123.25138094551164">
				<ele>89.67649122606963</ele>
				<time>2025-08-19T23:52:05Z</time>
			</trkpt>
			<trkpt lat="49.2667337883096" lon="-123.25131298691481">
				<ele>89.66388523485512</ele>
				<time>2025-08-19T23:52:06Z</time>
			</trkpt>
			<trkpt lat="49.266738318351486" lon="-123.25134464976263">
				<ele>89.45083631202579</ele>
				<time>2025-08-19T23:52:07Z</time>
			</trkpt>
			<trkpt lat="49.266728253076785" lon="-123.25131321521498">
				<ele>89.55391653068364</ele>
				<time>2025-08-19T23:52:09Z</time>
			</trkpt>
			<trkpt lat="49.26670033667048" lon="-123.25128534607">
				<ele>89.2069939142093</ele>
				<time>2025-08-19T23:52:11Z</time>
			</trkpt>
			<trkpt lat="49.26670500813554" lon="-123.25124760824026">
				<ele>88.94234536681324</ele>
				<time>2025-08-19T23:52:13Z</time>
			</trkpt>
			<trkpt lat="49.266721506540115" lon="-123.25122671985103">
				<ele>89.21904450003058</ele>
				<time>2025-08-19T23:52:14Z</time>
			</trkpt>
			<trkpt lat="49.266736234463366" lon="-123.25120562369138">
				<ele>89.21697369590402</ele>
				<time>2025-08-19T23:52:23Z</time>
			</trkpt>
			<trkpt lat="49.2667080282889" lon="-123.25121629473787">
				<ele>89.37290448602289</ele>
				<time>2025-08-19T23:52:26Z</time>
			</trkpt>
			<trkpt lat="49.2666866850433" lon="-123.25121995178338">
				<ele>89.70947299711406</ele>
				<time>2025-08-19T23:52:28Z</time>
			</trkpt>
			<trkpt lat="49.266721565032086" lon="-123.2512224593081">
				<ele>89.753512699157</ele>
				<time>2025-08-19T23:52:29Z</time>
			</trkpt>
			<trkpt lat="49.266738583914766" lon="-123.25119614679976">
				<ele>89.56117634568363</ele>
				<time>2025-08-19T23:52:31Z</time>
			</trkpt>
			<trkpt lat="49.266759589846494" lon="-123.25115563885191">
				<ele>89.9119487144053</ele>
				<time>2025-08-19T23:52:33Z</time>
			</trkpt>
			<trkpt lat="49.26673831005028" lon="-123.25115609108819">
				<ele>89.9706989005208</ele>
				<time>2025-08-19T23:52:35Z</time>
			</trkpt>
			<trkpt lat="49.26671658391095" lon="-123.25116571553016">
				<ele>89.83913438115269</ele>
				<time>2025-08-19T23:52:38Z</time>
			</trkpt>
			<trkpt lat="49.26674265028641" lon="-123.25119353504415">
				<ele>89.33209726400673</ele>
				<time>2025-08-19T23:53:00Z</time>
			</trkpt>
			<trkpt lat="49.26674116311792" lon="-123.2511805219002">
				<ele>89.37137364968657</ele>
				<time>2025-08-19T23:53:12Z</time>
			</trkpt>
			<trkpt lat="49.26675475724647" lon="-123.25119880573132">
				<ele>89.65237873606384</ele>
				<time>2025-08-19T23:53:21Z</time>
			</trkpt>
			<trkpt lat="49.26674265119962" lon="-123.25117698799734">
				<ele>89.14152482617646</ele>
				<time>2025-08-19T23:53:50Z</time>
			</trkpt>
			<trkpt lat="49.26672603500032" lon="-123.25116338203323">
				<ele>90.2015055930242</ele>
				<time>2025-08-19T23:54:20Z</time>
			</trkpt>
			<trkpt lat="49.26674036030368" lon="-123.25118249092326">
				<ele>89.04346408508718</ele>
				<time>2025-08-19T23:54:48Z</time>
			</trkpt>
			<trkpt lat="49.266705453437154" lon="-123.25118540856072">
				<ele>89.14119540061802</ele>
				<time>2025-08-19T23:54:53Z</time>
			</trkpt>
			<trkpt lat="49.266684555276115" lon="-123.2512023641668">
				<ele>89.69624750874937</ele>
				<time>2025-08-19T23:54:55Z</time>
			</trkpt>
			<trkpt lat="49.2666662753212" lon="-123.25120097368647">
				<ele>89.5838747099042</ele>
				<time>2025-08-19T23:54:58Z</time>
			</trkpt>
			<trkpt lat="49.26663527011262" lon="-123.25117855402318">
				<ele>89.63074725586921</ele>
				<time>2025-08-19T23:55:01Z</time>
			</trkpt>
			<trkpt lat="49.26664594543692" lon="-123.25115687352044">
				<ele>89.77932252828032</ele>
				<time>2025-08-19T23:55:06Z</time>
			</trkpt>
			<trkpt lat="49.26662441572428" lon="-123.2511637135735">
				<ele>89.57981917914003</ele>
				<time>2025-08-19T23:55:07Z</time>
			</trkpt>
			<trkpt lat="49.26660747514367" lon="-123.25115206949127">
				<ele>89.84833654761314</ele>
				<time>2025-08-19T23:55:08Z</time>
			</trkpt>
			<trkpt lat="49.266577514352605" lon="-123.2511319328273">
				<ele>90.04575327690691</ele>
				<time>2025-08-19T23:55:10Z</time>
			</trkpt>
			<trkpt lat="49.26654229876209" lon="-123.25112127576928">
				<ele>89.80657578166574</ele>
				<time>2025-08-19T23:55:13Z</time>
			</trkpt>
			<trkpt lat="49.266522391736785" lon="-123.2511007027849">
				<ele>90.2236265419051</ele>
				<time>2025-08-19T23:55:16Z</time>
			</trkpt>
			<trkpt lat="49.26650147815406" lon="-123.25109784275168">
				<ele>89.96128058433533</ele>
				<time>2025-08-19T23:55:18Z</time>
			</trkpt>
			<trkpt lat="49.26647864746752" lon="-123.25109411018319">
				<ele>90.59422673191875</ele>
				<time>2025-08-19T23:55:20Z</time>
			</trkpt>
			<trkpt lat="49.266451094694716" lon="-123.25108623700326">
				<ele>90.40325724892318</ele>
				<time>2025-08-19T23:55:22Z</time>
			</trkpt>
			<trkpt lat="49.26642439896801" lon="-123.25107029752161">
				<ele>90.52067139651626</ele>
				<time>2025-08-19T23:55:24Z</time>
			</trkpt>
			<trkpt lat="49.26640816949473" lon="-123.25105565157763">
				<ele>90.10061685182154</ele>
				<time>2025-08-19T23:55:26Z</time>
			</trkpt>
			<trkpt lat="49.266382069059965" lon="-123.25103683088655">
				<ele>89.82632055133581</ele>
				<time>2025-08-19T23:55:28Z</time>
			</trkpt>
			<trkpt lat="49.266361893306254" lon="-123.25103322868051">
				<ele>89.76699238270521</ele>
				<time>2025-08-19T23:55:30Z</time>
			</trkpt>
			<trkpt lat="49.26634036206655" lon="-123.2510235587347">
				<ele>90.07301782816648</ele>
				<time>2025-08-19T23:55:32Z</time>
			</trkpt>
			<trkpt lat="49.26631338655897" lon="-123.25100657788275">
				<ele>89.87400974798948</ele>
				<time>2025-08-19T23:55:35Z</time>
			</trkpt>
			<trkpt lat="49.2662897610892" lon="-123.2509872214273">
				<ele>89.88807093538344</ele>
				<time>2025-08-19T23:55:37Z</time>
			</trkpt>
			<trkpt lat="49.26627130482815" lon="-123.25098950640113">
				<ele>90.07932194974273</ele>
				<time>2025-08-19T23:55:39Z</time>
			</trkpt>
			<trkpt lat="49.266255068002366" lon="-123.25097743924489">
				<ele>90.16756831947714</ele>
				<time>2025-08-19T23:55:40Z</time>
			</trkpt>
			<trkpt lat="49.26623227377506" lon="-123.25096539125946">
				<ele>89.85750803630799</ele>
				<time>2025-08-19T23:55:43Z</time>
			</trkpt>
			<trkpt lat="49.26624669729174" lon="-123.25092957183676">
				<ele>90.16006191261113</ele>
				<time>2025-08-19T23:56:02Z</time>
			</trkpt>
			<trkpt lat="49.2662422425119" lon="-123.25092774973011">
				<ele>89.82706117536873</ele>
				<time>2025-08-19T23:56:08Z</time>
			</trkpt>
			<trkpt lat="49.266221788749874" lon="-123.25091954769287">
				<ele>89.68038423731923</ele>
				<time>2025-08-19T23:56:10Z</time>
			</trkpt>
			<trkpt lat="49.26622865789533" lon="-123.25091380211809">
				<ele>89.60765942465514</ele>
				<time>2025-08-19T23:56:19Z</time>
			</trkpt>
			<trkpt lat="49.26619806071089" lon="-123.25086124558588">
				<ele>89.35433238651603</ele>
				<time>2025-08-19T23:56:32Z</time>
			</trkpt>
			<trkpt lat="49.26618322360091" lon="-123.25082581840687">
				<ele>89.19713806267828</ele>
				<time>2025-08-19T23:56:37Z</time>
			</trkpt>
			<trkpt lat="49.266207761372456" lon="-123.25087314077098">
				<ele>89.19713806267828</ele>
				<time>2025-08-19T23:56:42Z</time>
			</trkpt>
			<trkpt lat="49.266196151498" lon="-123.25085075052637">
				<ele>89.19713806267828</ele>
				<time>2025-08-19T23:56:53Z</time>
			</trkpt>
			<trkpt lat="49.266191913822986" lon="-123.25082398787437">
				<ele>89.85013088583946</ele>
				<time>2025-08-19T23:57:08Z</time>
			</trkpt>
			<trkpt lat="49.26621246495911" lon="-123.25075475557254">
				<ele>89.94895678944886</ele>
				<time>2025-08-19T23:57:10Z</time>
			</trkpt>
			<trkpt lat="49.26622718328343" lon="-123.25081263088067">
				<ele>89.86065375525504</ele>
				<time>2025-08-19T23:57:11Z</time>
			</trkpt>
			<trkpt lat="49.26623061483411" lon="-123.2508670471103">
				<ele>89.11805739812553</ele>
				<time>2025-08-19T23:57:16Z</time>
			</trkpt>
			<trkpt lat="49.26619807706496" lon="-123.2508151213573">
				<ele>89.09569548349828</ele>
				<time>2025-08-19T23:57:19Z</time>
			</trkpt>
			<trkpt lat="49.2662168946595" lon="-123.25082843204292">
				<ele>89.16525248344988</ele>
				<time>2025-08-19T23:57:35Z</time>
			</trkpt>
			<trkpt lat="49.26625204434712" lon="-123.25086995460188">
				<ele>88.92208298388869</ele>
				<time>2025-08-19T23:57:37Z</time>
			</trkpt>
			<trkpt lat="49.266236869441414" lon="-123.25084951799177">
				<ele>89.18403059989214</ele>
				<time>2025-08-19T23:57:49Z</time>
			</trkpt>
			<trkpt lat="49.26624207432112" lon="-123.25087728020135">
				<ele>89.86586235370487</ele>
				<time>2025-08-19T23:58:39Z</time>
			</trkpt>
			<trkpt lat="49.2662473565813" lon="-123.25093165567598">
				<ele>89.65074999444187</ele>
				<time>2025-08-19T23:58:40Z</time>
			</trkpt>
			<trkpt lat="49.26624545490542" lon="-123.25089483556049">
				<ele>89.57225076295435</ele>
				<time>2025-08-19T23:58:46Z</time>
			</trkpt>
			<trkpt lat="49.26623897377407" lon="-123.25092695488334">
				<ele>89.14918650034815</ele>
				<time>2025-08-19T23:58:50Z</time>
			</trkpt>
			<trkpt lat="49.26621930327439" lon="-123.25088936530297">
				<ele>88.66784396953881</ele>
				<time>2025-08-19T23:58:51Z</time>
			</trkpt>
			<trkpt lat="49.26620259144585" lon="-123.25085080313684">
				<ele>89.30541414581239</ele>
				<time>2025-08-19T23:58:57Z</time>
			</trkpt>
			<trkpt lat="49.26620200074731" lon="-123.2509126761484">
				<ele>89.74424428865314</ele>
				<time>2025-08-19T23:58:59Z</time>
			</trkpt>
			<trkpt lat="49.26622605070532" lon="-123.25090426297183">
				<ele>89.74211355950683</ele>
				<time>2025-08-19T23:59:00Z</time>
			</trkpt>
			<trkpt lat="49.26620509506187" lon="-123.25088751770147">
				<ele>89.72910451516509</ele>
				<time>2025-08-19T23:59:04Z</time>
			</trkpt>
			<trkpt lat="49.26622295654139" lon="-123.25089303693592">
				<ele>89.64440458547324</ele>
				<time>2025-08-19T23:59:05Z</time>
			</trkpt>
			<trkpt lat="49.26624416821429" lon="-123.25090123902122">
				<ele>89.7479532873258</ele>
				<time>2025-08-19T23:59:09Z</time>
			</trkpt>
			<trkpt lat="49.266226086093155" lon="-123.25091332952118">
				<ele>89.48080163169652</ele>
				<time>2025-08-19T23:59:11Z</time>
			</trkpt>
			<trkpt lat="49.2661994713824" lon="-123.25089522656248">
				<ele>90.04643190465868</ele>
				<time>2025-08-19T23:59:14Z</time>
			</trkpt>
			<trkpt lat="49.26617753293015" lon="-123.25088702209462">
				<ele>89.65528206992894</ele>
				<time>2025-08-19T23:59:16Z</time>
			</trkpt>
			<trkpt lat="49.266155289881084" lon="-123.25087771673994">
				<ele>89.96039128582925</ele>
				<time>2025-08-19T23:59:18Z</time>
			</trkpt>
			<trkpt lat="49.26612497632119" lon="-123.25085199642211">
				<ele>89.88827293831855</ele>
				<time>2025-08-19T23:59:21Z</time>
			</trkpt>
			<trkpt lat="49.26609028682558" lon="-123.25084780473846">
				<ele>90.14681494235992</ele>
				<time>2025-08-19T23:59:23Z</time>
			</trkpt>
			<trkpt lat="49.266078433828035" lon="-123.25082421117283">
				<ele>90.01175913214684</ele>
				<time>2025-08-19T23:59:27Z</time>
			</trkpt>
			<trkpt lat="49.266050124433974" lon="-123.25080826666466">
				<ele>89.75833158474416</ele>
				<time>2025-08-19T23:59:29Z</time>
			</trkpt>
			<trkpt lat="49.26603395672453" lon="-123.25082536872246">
				<ele>90.07411833759397</ele>
				<time>2025-08-19T23:59:30Z</time>
			</trkpt>
			<trkpt lat="49.26602384990316" lon="-123.25079563965106">
				<ele>90.12108503002673</ele>
				<time>2025-08-19T23:59:31Z</time>
			</trkpt>
			<trkpt lat="49.266004205040595" lon="-123.25078195414885">
				<ele>90.05874174553901</ele>
				<time>2025-08-19T23:59:34Z</time>
			</trkpt>
			<trkpt lat="49.26595949806423" lon="-123.25076210910572">
				<ele>89.86350238975137</ele>
				<time>2025-08-19T23:59:35Z</time>
			</trkpt>
			<trkpt lat="49.265941921348414" lon="-123.25074795987615">
				<ele>90.1178101375699</ele>
				<time>2025-08-19T23:59:39Z</time>
			</trkpt>
			<trkpt lat="49.2659132225688" lon="-123.25072643265969">
				<ele>89.83679409511387</ele>
				<time>2025-08-19T23:59:42Z</time>
			</trkpt>
			<trkpt lat="49.26589094529914" lon="-123.25071747368625">
				<ele>90.39351652935147</ele>
				<time>2025-08-19T23:59:44Z</time>
			</trkpt>
			<trkpt lat="49.26587432230955" lon="-123.25069850032092">
				<ele>89.80828824732453</ele>
				<time>2025-08-19T23:59:46Z</time>
			</trkpt>
			<trkpt lat="49.26585369533855" lon="-123.25067799456748">
				<ele>89.88245428726077</ele>
				<time>2025-08-19T23:59:48Z</time>
			</trkpt>
			<trkpt lat="49.26583900311149" lon="-123.25065774540822">
				<ele>89.99578528571874</ele>
				<time>2025-08-19T23:59:50Z</time>
			</trkpt>
			<trkpt lat="49.26582486461525" lon="-123.25062396633923">
				<ele>88.79310564417392</ele>
				<time>2025-08-20T00:00:08Z</time>
			</trkpt>
			<trkpt lat="49.265802479943694" lon="-123.25063252477786">
				<ele>89.19473110605031</ele>
				<time>2025-08-20T00:00:10Z</time>
			</trkpt>
			<trkpt lat="49.26581941290597" lon="-123.25061670924266">
				<ele>89.13257664255798</ele>
				<time>2025-08-20T00:00:12Z</time>
			</trkpt>
			<trkpt lat="49.265828636056504" lon="-123.25058530531543">
				<ele>90.40564975328743</ele>
				<time>2025-08-20T00:00:30Z</time>
			</trkpt>
			<trkpt lat="49.2658349096246" lon="-123.25059478072122">
				<ele>89.38235342781991</ele>
				<time>2025-08-20T00:00:51Z</time>
			</trkpt>
			<trkpt lat="49.26584203259777" lon="-123.25056886228076">
				<ele>88.76207001507282</ele>
				<time>2025-08-20T00:01:08Z</time>
			</trkpt>
			<trkpt lat="49.265841802642164" lon="-123.25053921124068">
				<ele>89.28940715640783</ele>
				<time>2025-08-20T00:01:46Z</time>
			</trkpt>
			<trkpt lat="49.26583713955342" lon="-123.2505728568972">
				<ele>89.3618971509859</ele>
				<time>2025-08-20T00:01:53Z</time>
			</trkpt>
			<trkpt lat="49.26583179871104" lon="-123.2505679228416">
				<ele>89.3801261568442</ele>
				<time>2025-08-20T00:01:59Z</time>
			</trkpt>
			<trkpt lat="49.26583922698496" lon="-123.25061665633355">
				<ele>89.53440429084003</ele>
				<time>2025-08-20T00:02:02Z</time>
			</trkpt>
			<trkpt lat="49.265841310832805" lon="-123.25064428644006">
				<ele>89.53007381875068</ele>
				<time>2025-08-20T00:02:12Z</time>
			</trkpt>
			<trkpt lat="49.265821838171576" lon="-123.25065056537504">
				<ele>89.42021511215717</ele>
				<time>2025-08-20T00:02:15Z</time>
			</trkpt>
			<trkpt lat="49.26580530657534" lon="-123.2506627258881">
				<ele>89.67982408311218</ele>
				<time>2025-08-20T00:02:18Z</time>
			</trkpt>
			<trkpt lat="49.26578346842799" lon="-123.25067280070144">
				<ele>89.4426338383928</ele>
				<time>2025-08-20T00:02:19Z</time>
			</trkpt>
			<trkpt lat="49.265773267857966" lon="-123.25064731649219">
				<ele>89.62939208559692</ele>
				<time>2025-08-20T00:02:22Z</time>
			</trkpt>
			<trkpt lat="49.265755069112465" lon="-123.2506499411675">
				<ele>89.76609465293586</ele>
				<time>2025-08-20T00:02:24Z</time>
			</trkpt>
			<trkpt lat="49.265719985328175" lon="-123.25064800569164">
				<ele>89.33836650196463</ele>
				<time>2025-08-20T00:02:27Z</time>
			</trkpt>
			<trkpt lat="49.26569445545359" lon="-123.25065094933771">
				<ele>89.4565401347354</ele>
				<time>2025-08-20T00:02:29Z</time>
			</trkpt>
			<trkpt lat="49.265679656608576" lon="-123.2506669400155">
				<ele>89.64822704810649</ele>
				<time>2025-08-20T00:02:30Z</time>
			</trkpt>
			<trkpt lat="49.26565451592804" lon="-123.25067951412291">
				<ele>89.36842113453895</ele>
				<time>2025-08-20T00:02:32Z</time>
			</trkpt>
			<trkpt lat="49.26562660615471" lon="-123.25065990688026">
				<ele>89.04884730558842</ele>
				<time>2025-08-20T00:02:34Z</time>
			</trkpt>
			<trkpt lat="49.2656010029609" lon="-123.25064964106735">
				<ele>89.46021898649633</ele>
				<time>2025-08-20T00:02:36Z</time>
			</trkpt>
			<trkpt lat="49.26557088339213" lon="-123.25065334097398">
				<ele>89.22233400121331</ele>
				<time>2025-08-20T00:02:38Z</time>
			</trkpt>
			<trkpt lat="49.26555005665512" lon="-123.25065346932459">
				<ele>88.96745258942246</ele>
				<time>2025-08-20T00:02:40Z</time>
			</trkpt>
			<trkpt lat="49.26551915324726" lon="-123.25065115758757">
				<ele>89.29068387951702</ele>
				<time>2025-08-20T00:02:43Z</time>
			</trkpt>
			<trkpt lat="49.26549652392364" lon="-123.25066258749693">
				<ele>89.11062754970044</ele>
				<time>2025-08-20T00:02:45Z</time>
			</trkpt>
			<trkpt lat="49.265490139294144" lon="-123.25070016506197">
				<ele>89.4628672869876</ele>
				<time>2025-08-20T00:02:48Z</time>
			</trkpt>
			<trkpt lat="49.26548565521716" lon="-123.25072837239966">
				<ele>89.18624619487673</ele>
				<time>2025-08-20T00:02:50Z</time>
			</trkpt>
			<trkpt lat="49.26547272085448" lon="-123.25076209762923">
				<ele>89.6366282068193</ele>
				<time>2025-08-20T00:02:52Z</time>
			</trkpt>
			<trkpt lat="49.26546169619642" lon="-123.25078541456367">
				<ele>90.14325463678688</ele>
				<time>2025-08-20T00:02:54Z</time>
			</trkpt>
			<trkpt lat="49.265452805873885" lon="-123.25081324751204">
				<ele>90.30253580398858</ele>
				<time>2025-08-20T00:02:56Z</time>
			</trkpt>
			<trkpt lat="49.2654407320474" lon="-123.25083959597775">
				<ele>90.20253887865692</ele>
				<time>2025-08-20T00:02:58Z</time>
			</trkpt>
			<trkpt lat="49.26542979765107" lon="-123.25086716076713">
				<ele>90.34932878892869</ele>
				<time>2025-08-20T00:03:00Z</time>
			</trkpt>
			<trkpt lat="49.265416173341045" lon="-123.25089838961968">
				<ele>90.5345341200009</ele>
				<time>2025-08-20T00:03:02Z</time>
			</trkpt>
			<trkpt lat="49.265411072253684" lon="-123.25092907395617">
				<ele>90.2013442683965</ele>
				<time>2025-08-20T00:03:05Z</time>
			</trkpt>
			<trkpt lat="49.26539134977427" lon="-123.2509546574966">
				<ele>90.49803602322936</ele>
				<time>2025-08-20T00:03:07Z</time>
			</trkpt>
			<trkpt lat="49.265376500819706" lon="-123.25098423576662">
				<ele>90.24688800703734</ele>
				<time>2025-08-20T00:03:08Z</time>
			</trkpt>
			<trkpt lat="49.26537479781459" lon="-123.25102102684623">
				<ele>90.45868353266269</ele>
				<time>2025-08-20T00:03:11Z</time>
			</trkpt>
			<trkpt lat="49.26537251134889" lon="-123.25106077763711">
				<ele>91.29074203874916</ele>
				<time>2025-08-20T00:03:14Z</time>
			</trkpt>
			<trkpt lat="49.265347403806985" lon="-123.25108690981912">
				<ele>91.27240433637053</ele>
				<time>2025-08-20T00:03:17Z</time>
			</trkpt>
			<trkpt lat="49.26533795007823" lon="-123.25112222548579">
				<ele>91.21996079664677</ele>
				<time>2025-08-20T00:03:19Z</time>
			</trkpt>
			<trkpt lat="49.26531414372881" lon="-123.25115353243538">
				<ele>91.47936101257801</ele>
				<time>2025-08-20T00:03:27Z</time>
			</trkpt>
			<trkpt lat="49.26532883169577" lon="-123.25112604192121">
				<ele>91.42651848681271</ele>
				<time>2025-08-20T00:03:30Z</time>
			</trkpt>
			<trkpt lat="49.26530162294232" lon="-123.25112959442204">
				<ele>91.45058658160269</ele>
				<time>2025-08-20T00:03:43Z</time>
			</trkpt>
			<trkpt lat="49.26532626941039" lon="-123.25112812514898">
				<ele>91.47055159229785</ele>
				<time>2025-08-20T00:03:45Z</time>
			</trkpt>
			<trkpt lat="49.265342279887854" lon="-123.25111115019115">
				<ele>91.47063915338367</ele>
				<time>2025-08-20T00:04:00Z</time>
			</trkpt>
			<trkpt lat="49.26531708788318" lon="-123.25107389841587">
				<ele>91.57802811730653</ele>
				<time>2025-08-20T00:04:09Z</time>
			</trkpt>
			<trkpt lat="49.26532601041242" lon="-123.25110348194299">
				<ele>91.65520502254367</ele>
				<time>2025-08-20T00:04:12Z</time>
			</trkpt>
			<trkpt lat="49.26532355992236" lon="-123.25106770833514">
				<ele>91.30941252969205</ele>
				<time>2025-08-20T00:04:14Z</time>
			</trkpt>
			<trkpt lat="49.2653412660129" lon="-123.25106171089574">
				<ele>91.31853670533746</ele>
				<time>2025-08-20T00:04:24Z</time>
			</trkpt>
			<trkpt lat="49.26533461056186" lon="-123.25108463243104">
				<ele>91.31360285170376</ele>
				<time>2025-08-20T00:04:26Z</time>
			</trkpt>
			<trkpt lat="49.26530398659108" lon="-123.25108523334465">
				<ele>91.63973946496844</ele>
				<time>2025-08-20T00:04:37Z</time>
			</trkpt>
			<trkpt lat="49.2653176122949" lon="-123.25105950679361">
				<ele>91.40957948286086</ele>
				<time>2025-08-20T00:04:43Z</time>
			</trkpt>
			<trkpt lat="49.26533594449418" lon="-123.25103060462436">
				<ele>91.44976538140327</ele>
				<time>2025-08-20T00:05:26Z</time>
			</trkpt>
			<trkpt lat="49.26532133255354" lon="-123.25104299413431">
				<ele>91.27230630721897</ele>
				<time>2025-08-20T00:05:32Z</time>
			</trkpt>
			<trkpt lat="49.265313307374846" lon="-123.25101722987647">
				<ele>90.95253501087427</ele>
				<time>2025-08-20T00:05:52Z</time>
			</trkpt>
			<trkpt lat="49.2652716930809" lon="-123.25101828184177">
				<ele>91.62945455964655</ele>
				<time>2025-08-20T00:06:09Z</time>
			</trkpt>
			<trkpt lat="49.265265986085076" lon="-123.25107251532421">
				<ele>91.82984952349216</ele>
				<time>2025-08-20T00:06:14Z</time>
			</trkpt>
			<trkpt lat="49.2652733223081" lon="-123.25110130635306">
				<ele>91.53410455211997</ele>
				<time>2025-08-20T00:06:16Z</time>
			</trkpt>
			<trkpt lat="49.265274491030425" lon="-123.25114718596856">
				<ele>91.53362998086959</ele>
				<time>2025-08-20T00:06:17Z</time>
			</trkpt>
			<trkpt lat="49.265278423642904" lon="-123.25118091543723">
				<ele>90.9168214276433</ele>
				<time>2025-08-20T00:06:18Z</time>
			</trkpt>
			<trkpt lat="49.26528581942976" lon="-123.25122544994625">
				<ele>91.04855288099498</ele>
				<time>2025-08-20T00:06:20Z</time>
			</trkpt>
			<trkpt lat="49.26530192630754" lon="-123.2512629061603">
				<ele>91.64826100785285</ele>
				<time>2025-08-20T00:06:22Z</time>
			</trkpt>
			<trkpt lat="49.26528979351463" lon="-123.25130255375429">
				<ele>91.67932797316462</ele>
				<time>2025-08-20T00:06:24Z</time>
			</trkpt>
			<trkpt lat="49.26528593999508" lon="-123.2513373413436">
				<ele>92.41689398046583</ele>
				<time>2025-08-20T00:06:26Z</time>
			</trkpt>
			<trkpt lat="49.26527308571698" lon="-123.25137375326962">
				<ele>92.14649700559676</ele>
				<time>2025-08-20T00:06:28Z</time>
			</trkpt>
			<trkpt lat="49.265257514738316" lon="-123.25139851917076">
				<ele>91.98168728873134</ele>
				<time>2025-08-20T00:06:30Z</time>
			</trkpt>
			<trkpt lat="49.26525810971226" lon="-123.25143325735912">
				<ele>92.06845659855753</ele>
				<time>2025-08-20T00:06:32Z</time>
			</trkpt>
			<trkpt lat="49.265243586194245" lon="-123.25145738141714">
				<ele>92.82400871068239</ele>
				<time>2025-08-20T00:06:34Z</time>
			</trkpt>
			<trkpt lat="49.26522545108872" lon="-123.25149268209671">
				<ele>92.51840691268444</ele>
				<time>2025-08-20T00:06:36Z</time>
			</trkpt>
			<trkpt lat="49.26522613370283" lon="-123.25153311988853">
				<ele>93.0875183492899</ele>
				<time>2025-08-20T00:06:39Z</time>
			</trkpt>
			<trkpt lat="49.26521311423319" lon="-123.25156538067772">
				<ele>92.69974975753576</ele>
				<time>2025-08-20T00:06:41Z</time>
			</trkpt>
			<trkpt lat="49.26521034900402" lon="-123.25160318619176">
				<ele>92.7354109203443</ele>
				<time>2025-08-20T00:06:44Z</time>
			</trkpt>
			<trkpt lat="49.26519795944971" lon="-123.25163666999669">
				<ele>93.07703616004437</ele>
				<time>2025-08-20T00:06:46Z</time>
			</trkpt>
			<trkpt lat="49.2651861584765" lon="-123.25168127676955">
				<ele>93.01040625851601</ele>
				<time>2025-08-20T00:06:48Z</time>
			</trkpt>
			<trkpt lat="49.26517146404098" lon="-123.2516999195917">
				<ele>93.46368003450334</ele>
				<time>2025-08-20T00:06:50Z</time>
			</trkpt>
			<trkpt lat="49.26514997845493" lon="-123.25172435362485">
				<ele>93.05360258091241</ele>
				<time>2025-08-20T00:06:52Z</time>
			</trkpt>
			<trkpt lat="49.265143759480665" lon="-123.25175341664803">
				<ele>93.6285749124363</ele>
				<time>2025-08-20T00:06:54Z</time>
			</trkpt>
			<trkpt lat="49.265121749817986" lon="-123.25178454913429">
				<ele>93.16818822547793</ele>
				<time>2025-08-20T00:06:56Z</time>
			</trkpt>
			<trkpt lat="49.26511359651326" lon="-123.25182046563253">
				<ele>93.30801303870976</ele>
				<time>2025-08-20T00:06:59Z</time>
			</trkpt>
			<trkpt lat="49.26510147969624" lon="-123.25185027333461">
				<ele>93.65066063124686</ele>
				<time>2025-08-20T00:07:01Z</time>
			</trkpt>
			<trkpt lat="49.265087632595375" lon="-123.25187235648318">
				<ele>93.76044693682343</ele>
				<time>2025-08-20T00:07:04Z</time>
			</trkpt>
			<trkpt lat="49.26507597865728" lon="-123.25190453111743">
				<ele>93.63670583534986</ele>
				<time>2025-08-20T00:07:06Z</time>
			</trkpt>
			<trkpt lat="49.2650678812789" lon="-123.25192971290353">
				<ele>93.85268017835915</ele>
				<time>2025-08-20T00:07:08Z</time>
			</trkpt>
			<trkpt lat="49.26505399274664" lon="-123.25196327723395">
				<ele>94.26751225162297</ele>
				<time>2025-08-20T00:07:10Z</time>
			</trkpt>
			<trkpt lat="49.26503266043554" lon="-123.25198538294413">
				<ele>94.46376235131174</ele>
				<time>2025-08-20T00:07:12Z</time>
			</trkpt>
			<trkpt lat="49.265017019045345" lon="-123.25200174511521">
				<ele>94.07525779400021</ele>
				<time>2025-08-20T00:07:13Z</time>
			</trkpt>
			<trkpt lat="49.26500703255322" lon="-123.25203256361722">
				<ele>93.98841152247041</ele>
				<time>2025-08-20T00:07:14Z</time>
			</trkpt>
			<trkpt lat="49.265003357906046" lon="-123.25206141373597">
				<ele>94.61427989788353</ele>
				<time>2025-08-20T00:07:16Z</time>
			</trkpt>
			<trkpt lat="49.26499204237609" lon="-123.25208760160739">
				<ele>94.3231788687408</ele>
				<time>2025-08-20T00:07:19Z</time>
			</trkpt>
			<trkpt lat="49.26498075391108" lon="-123.25212152257082">
				<ele>94.53781361039728</ele>
				<time>2025-08-20T00:07:22Z</time>
			</trkpt>
			<trkpt lat="49.26496688792837" lon="-123.25214756988898">
				<ele>94.61578678060323</ele>
				<time>2025-08-20T00:07:24Z</time>
			</trkpt>
			<trkpt lat="49.26494087292063" lon="-123.25216878490575">
				<ele>94.75275153014809</ele>
				<time>2025-08-20T00:07:26Z</time>
			</trkpt>
			<trkpt lat="49.26491516658494" lon="-123.25220200361308">
				<ele>94.64063160307705</ele>
				<time>2025-08-20T00:07:28Z</time>
			</trkpt>
			<trkpt lat="49.26489522469226" lon="-123.25222394363195">
				<ele>94.56748927384615</ele>
				<time>2025-08-20T00:07:30Z</time>
			</trkpt>
			<trkpt lat="49.264867390541276" lon="-123.25225210892651">
				<ele>94.889191118069</ele>
				<time>2025-08-20T00:07:32Z</time>
			</trkpt>
			<trkpt lat="49.26483895009234" lon="-123.25227463466193">
				<ele>94.49527513142675</ele>
				<time>2025-08-20T00:07:35Z</time>
			</trkpt>
			<trkpt lat="49.26482441825637" lon="-123.25229397638375">
				<ele>94.5582923265174</ele>
				<time>2025-08-20T00:07:37Z</time>
			</trkpt>
			<trkpt lat="49.264808036188285" lon="-123.25231733444812">
				<ele>94.45191035140306</ele>
				<time>2025-08-20T00:07:39Z</time>
			</trkpt>
			<trkpt lat="49.26479090676443" lon="-123.25233592566603">
				<ele>94.72242815513164</ele>
				<time>2025-08-20T00:07:41Z</time>
			</trkpt>
			<trkpt lat="49.26477393054515" lon="-123.25235281700286">
				<ele>94.17791427485645</ele>
				<time>2025-08-20T00:07:46Z</time>
			</trkpt>
			<trkpt lat="49.26475534337394" lon="-123.25235017420081">
				<ele>93.91171879135072</ele>
				<time>2025-08-20T00:07:51Z</time>
			</trkpt>
			<trkpt lat="49.26476195169531" lon="-123.25238092387197">
				<ele>93.89928566664457</ele>
				<time>2025-08-20T00:07:54Z</time>
			</trkpt>
			<trkpt lat="49.26476262855368" lon="-123.25234307457522">
				<ele>93.81226161122322</ele>
				<time>2025-08-20T00:07:55Z</time>
			</trkpt>
			<trkpt lat="49.26476915839499" lon="-123.25231195009597">
				<ele>93.89851011894643</ele>
				<time>2025-08-20T00:07:57Z</time>
			</trkpt>
			<trkpt lat="49.26476010263391" lon="-123.25233655875304">
				<ele>94.46618451643735</ele>
				<time>2025-08-20T00:08:06Z</time>
			</trkpt>
			<trkpt lat="49.26476159293514" lon="-123.25227210990711">
				<ele>94.36963082756847</ele>
				<time>2025-08-20T00:08:33Z</time>
			</trkpt>
			<trkpt lat="49.26475502402358" lon="-123.25230711358158">
				<ele>94.65327040478587</ele>
				<time>2025-08-20T00:08:46Z</time>
			</trkpt>
			<trkpt lat="49.26474880950308" lon="-123.2522736545943">
				<ele>94.36889709811658</ele>
				<time>2025-08-20T00:09:11Z</time>
			</trkpt>
			<trkpt lat="49.26474393076855" lon="-123.25224547594074">
				<ele>94.36889709811658</ele>
				<time>2025-08-20T00:09:20Z</time>
			</trkpt>
			<trkpt lat="49.264756135650735" lon="-123.25226888160076">
				<ele>94.09784008190036</ele>
				<time>2025-08-20T00:10:41Z</time>
			</trkpt>
			<trkpt lat="49.26474814390276" lon="-123.25230514546551">
				<ele>94.60944367479533</ele>
				<time>2025-08-20T00:10:45Z</time>
			</trkpt>
			<trkpt lat="49.264728429034676" lon="-123.2523315384963">
				<ele>94.6281763361767</ele>
				<time>2025-08-20T00:10:49Z</time>
			</trkpt>
			<trkpt lat="49.264747369538696" lon="-123.2523167571249">
				<ele>94.39288855250925</ele>
				<time>2025-08-20T00:10:51Z</time>
			</trkpt>
			<trkpt lat="49.26476096627894" lon="-123.25226082876792">
				<ele>94.49166490789503</ele>
				<time>2025-08-20T00:10:54Z</time>
			</trkpt>
			<trkpt lat="49.264752068474166" lon="-123.25228944018166">
				<ele>94.93991117086262</ele>
				<time>2025-08-20T00:10:55Z</time>
			</trkpt>
			<trkpt lat="49.26472259134375" lon="-123.25229795218203">
				<ele>94.40419991780072</ele>
				<time>2025-08-20T00:10:57Z</time>
			</trkpt>
			<trkpt lat="49.264689225208684" lon="-123.25232722478673">
				<ele>94.75147941149771</ele>
				<time>2025-08-20T00:10:59Z</time>
			</trkpt>
			<trkpt lat="49.26466400860152" lon="-123.25234075889844">
				<ele>94.99330403655767</ele>
				<time>2025-08-20T00:11:01Z</time>
			</trkpt>
			<trkpt lat="49.264641193202365" lon="-123.25235203123242">
				<ele>95.28106156457216</ele>
				<time>2025-08-20T00:11:04Z</time>
			</trkpt>
			<trkpt lat="49.264620056650486" lon="-123.25235586110975">
				<ele>95.09620113391429</ele>
				<time>2025-08-20T00:11:06Z</time>
			</trkpt>
			<trkpt lat="49.26459804196513" lon="-123.25234125648315">
				<ele>94.55084991361946</ele>
				<time>2025-08-20T00:11:08Z</time>
			</trkpt>
			<trkpt lat="49.264570674917124" lon="-123.25236339939863">
				<ele>94.89621324650943</ele>
				<time>2025-08-20T00:11:10Z</time>
			</trkpt>
			<trkpt lat="49.26455199374998" lon="-123.25237311695814">
				<ele>95.2313828393817</ele>
				<time>2025-08-20T00:11:16Z</time>
			</trkpt>
			<trkpt lat="49.264507892244836" lon="-123.25238687191829">
				<ele>95.03154130000621</ele>
				<time>2025-08-20T00:11:19Z</time>
			</trkpt>
			<trkpt lat="49.26448045518102" lon="-123.25238964676866">
				<ele>95.03198060207069</ele>
				<time>2025-08-20T00:11:22Z</time>
			</trkpt>
			<trkpt lat="49.26446189359668" lon="-123.25238097825662">
				<ele>94.92759181186557</ele>
				<time>2025-08-20T00:11:23Z</time>
			</trkpt>
			<trkpt lat="49.26442990437616" lon="-123.25237325406412">
				<ele>94.93992603197694</ele>
				<time>2025-08-20T00:11:25Z</time>
			</trkpt>
			<trkpt lat="49.264407564049165" lon="-123.25236382182224">
				<ele>94.64926954638213</ele>
				<time>2025-08-20T00:11:27Z</time>
			</trkpt>
			<trkpt lat="49.264383650332064" lon="-123.25237132762747">
				<ele>95.1175274355337</ele>
				<time>2025-08-20T00:11:29Z</time>
			</trkpt>
			<trkpt lat="49.26439010238813" lon="-123.2523423054152">
				<ele>94.82354804128408</ele>
				<time>2025-08-20T00:11:39Z</time>
			</trkpt>
			<trkpt lat="49.26441215119388" lon="-123.25234400610732">
				<ele>94.92456971015781</ele>
				<time>2025-08-20T00:11:40Z</time>
			</trkpt>
			<trkpt lat="49.26443925013802" lon="-123.2523093230977">
				<ele>94.69243617914617</ele>
				<time>2025-08-20T00:11:44Z</time>
			</trkpt>
			<trkpt lat="49.2644460581846" lon="-123.25232052139347">
				<ele>95.30753332190216</ele>
				<time>2025-08-20T00:11:56Z</time>
			</trkpt>
			<trkpt lat="49.264478154854984" lon="-123.25233151941546">
				<ele>95.30753332190216</ele>
				<time>2025-08-20T00:11:59Z</time>
			</trkpt>
			<trkpt lat="49.264457353454986" lon="-123.25233927215422">
				<ele>94.94310944993049</ele>
				<time>2025-08-20T00:12:04Z</time>
			</trkpt>
			<trkpt lat="49.26442807868997" lon="-123.25234739692637">
				<ele>95.37273121159524</ele>
				<time>2025-08-20T00:12:05Z</time>
			</trkpt>
			<trkpt lat="49.26439946360965" lon="-123.25233574012175">
				<ele>94.60488287173212</ele>
				<time>2025-08-20T00:12:06Z</time>
			</trkpt>
			<trkpt lat="49.264387991817046" lon="-123.25230299090408">
				<ele>94.27340332139283</ele>
				<time>2025-08-20T00:12:08Z</time>
			</trkpt>
			<trkpt lat="49.26436664572144" lon="-123.25232991360714">
				<ele>94.5826498651877</ele>
				<time>2025-08-20T00:12:10Z</time>
			</trkpt>
			<trkpt lat="49.26437911756602" lon="-123.2522987293162">
				<ele>94.74711901973933</ele>
				<time>2025-08-20T00:12:13Z</time>
			</trkpt>
			<trkpt lat="49.26437834762423" lon="-123.25233891491179">
				<ele>94.39276859443635</ele>
				<time>2025-08-20T00:12:17Z</time>
			</trkpt>
			<trkpt lat="49.264376004998006" lon="-123.2523676985018">
				<ele>94.67072578705847</ele>
				<time>2025-08-20T00:12:33Z</time>
			</trkpt>
			<trkpt lat="49.26438179787491" lon="-123.25234991369759">
				<ele>94.563441879116</ele>
				<time>2025-08-20T00:12:43Z</time>
			</trkpt>
			<trkpt lat="49.26436165984081" lon="-123.25235062474366">
				<ele>94.62165371514857</ele>
				<time>2025-08-20T00:13:11Z</time>
			</trkpt>
			<trkpt lat="49.264369686927864" lon="-123.25232058006415">
				<ele>93.90902102924883</ele>
				<time>2025-08-20T00:13:31Z</time>
			</trkpt>
			<trkpt lat="49.26436639581369" lon="-123.2523495967138">
				<ele>94.20717653632164</ele>
				<time>2025-08-20T00:13:34Z</time>
			</trkpt>
			<trkpt lat="49.264346787171114" lon="-123.25235796087004">
				<ele>94.5571346450597</ele>
				<time>2025-08-20T00:13:38Z</time>
			</trkpt>
			<trkpt lat="49.264372690596325" lon="-123.25237379989517">
				<ele>94.65596786793321</ele>
				<time>2025-08-20T00:13:43Z</time>
			</trkpt>
			<trkpt lat="49.264398084046704" lon="-123.25235790638322">
				<ele>94.94163913745433</ele>
				<time>2025-08-20T00:13:45Z</time>
			</trkpt>
			<trkpt lat="49.26436747479533" lon="-123.25236809142984">
				<ele>94.72354867029935</ele>
				<time>2025-08-20T00:13:54Z</time>
			</trkpt>
			<trkpt lat="49.264393861245956" lon="-123.25233739087751">
				<ele>95.15238309185952</ele>
				<time>2025-08-20T00:14:14Z</time>
			</trkpt>
			<trkpt lat="49.26436498216385" lon="-123.25232376512028">
				<ele>95.13162678387016</ele>
				<time>2025-08-20T00:14:15Z</time>
			</trkpt>
			<trkpt lat="49.26437747726918" lon="-123.25234364789466">
				<ele>95.25774414092302</ele>
				<time>2025-08-20T00:14:16Z</time>
			</trkpt>
			<trkpt lat="49.264369889061804" lon="-123.2523718798531">
				<ele>95.67282468732446</ele>
				<time>2025-08-20T00:14:19Z</time>
			</trkpt>
			<trkpt lat="49.26437743953809" lon="-123.25238102685495">
				<ele>95.55265120230615</ele>
				<time>2025-08-20T00:14:20Z</time>
			</trkpt>
			<trkpt lat="49.26433900213319" lon="-123.25238447775509">
				<ele>94.78010620363057</ele>
				<time>2025-08-20T00:14:27Z</time>
			</trkpt>
			<trkpt lat="49.26437640882772" lon="-123.25237446996111">
				<ele>95.1466098902747</ele>
				<time>2025-08-20T00:14:28Z</time>
			</trkpt>
			<trkpt lat="49.26439999601475" lon="-123.25235600042387">
				<ele>94.93239832110703</ele>
				<time>2025-08-20T00:14:29Z</time>
			</trkpt>
			<trkpt lat="49.264376770980185" lon="-123.25237030790716">
				<ele>94.90226960554719</ele>
				<time>2025-08-20T00:14:30Z</time>
			</trkpt>
			<trkpt lat="49.26438283187761" lon="-123.25238804169811">
				<ele>94.69228279776871</ele>
				<time>2025-08-20T00:14:36Z</time>
			</trkpt>
			<trkpt lat="49.26436734830953" lon="-123.25237405676893">
				<ele>94.69919509161264</ele>
				<time>2025-08-20T00:14:45Z</time>
			</trkpt>
			<trkpt lat="49.26438561477536" lon="-123.2523549758593">
				<ele>94.82411832455546</ele>
				<time>2025-08-20T00:14:54Z</time>
			</trkpt>
			<trkpt lat="49.26435752853665" lon="-123.25236516259294">
				<ele>95.29115879628807</ele>
				<time>2025-08-20T00:14:55Z</time>
			</trkpt>
			<trkpt lat="49.26437821493843" lon="-123.2523792404133">
				<ele>95.23559220694005</ele>
				<time>2025-08-20T00:15:03Z</time>
			</trkpt>
			<trkpt lat="49.26436963129929" lon="-123.25235343790168">
				<ele>94.88832108769566</ele>
				<time>2025-08-20T00:15:12Z</time>
			</trkpt>
			<trkpt lat="49.264381727384304" lon="-123.25236535974148">
				<ele>94.57343052886426</ele>
				<time>2025-08-20T00:15:22Z</time>
			</trkpt>
			<trkpt lat="49.264369665726136" lon="-123.25234192533061">
				<ele>94.70650839339942</ele>
				<time>2025-08-20T00:15:25Z</time>
			</trkpt>
			<trkpt lat="49.26438866650148" lon="-123.25233202258174">
				<ele>94.68044272251427</ele>
				<time>2025-08-20T00:15:27Z</time>
			</trkpt>
			<trkpt lat="49.26437031527253" lon="-123.25232687974304">
				<ele>94.7997966920957</ele>
				<time>2025-08-20T00:15:32Z</time>
			</trkpt>
			<trkpt lat="49.26435157761887" lon="-123.25233086541294">
				<ele>94.72162796370685</ele>
				<time>2025-08-20T00:15:35Z</time>
			</trkpt>
			<trkpt lat="49.264336814404764" lon="-123.25235333870819">
				<ele>95.13697959296405</ele>
				<time>2025-08-20T00:15:37Z</time>
			</trkpt>
			<trkpt lat="49.26430318864715" lon="-123.25234459199272">
				<ele>95.0178426625207</ele>
				<time>2025-08-20T00:15:39Z</time>
			</trkpt>
			<trkpt lat="49.26430765814522" lon="-123.25228917424563">
				<ele>95.23333627171814</ele>
				<time>2025-08-20T00:15:40Z</time>
			</trkpt>
			<trkpt lat="49.26432031018654" lon="-123.25226846417878">
				<ele>94.99696323554963</ele>
				<time>2025-08-20T00:15:41Z</time>
			</trkpt>
			<trkpt lat="49.26429326780708" lon="-123.25226745388497">
				<ele>95.15812417399138</ele>
				<time>2025-08-20T00:15:42Z</time>
			</trkpt>
			<trkpt lat="49.26426962237326" lon="-123.25227324192457">
				<ele>95.25059421733022</ele>
				<time>2025-08-20T00:15:43Z</time>
			</trkpt>
			<trkpt lat="49.264249543262" lon="-123.25228350452804">
				<ele>95.44482942670584</ele>
				<time>2025-08-20T00:15:44Z</time>
			</trkpt>
			<trkpt lat="49.26423311786865" lon="-123.25225789812794">
				<ele>94.98819535505027</ele>
				<time>2025-08-20T00:15:46Z</time>
			</trkpt>
			<trkpt lat="49.26421545432634" lon="-123.25223666641334">
				<ele>95.09327950328588</ele>
				<time>2025-08-20T00:15:48Z</time>
			</trkpt>
			<trkpt lat="49.26419109421887" lon="-123.25222529999641">
				<ele>95.13342565856874</ele>
				<time>2025-08-20T00:15:50Z</time>
			</trkpt>
			<trkpt lat="49.26416386594807" lon="-123.25220369568993">
				<ele>95.48327847290784</ele>
				<time>2025-08-20T00:15:53Z</time>
			</trkpt>
			<trkpt lat="49.264139605893696" lon="-123.2522274601926">
				<ele>95.98994052130729</ele>
				<time>2025-08-20T00:15:55Z</time>
			</trkpt>
			<trkpt lat="49.264119331600185" lon="-123.25221407235927">
				<ele>95.83839913737029</ele>
				<time>2025-08-20T00:15:56Z</time>
			</trkpt>
			<trkpt lat="49.26410429201325" lon="-123.2521893115354">
				<ele>95.92106022126973</ele>
				<time>2025-08-20T00:15:58Z</time>
			</trkpt>
			<trkpt lat="49.26408956349047" lon="-123.25216080332237">
				<ele>95.43773112818599</ele>
				<time>2025-08-20T00:16:00Z</time>
			</trkpt>
			<trkpt lat="49.264060007245014" lon="-123.25212734324603">
				<ele>95.37770381662995</ele>
				<time>2025-08-20T00:16:05Z</time>
			</trkpt>
			<trkpt lat="49.26404732769121" lon="-123.25209817826688">
				<ele>95.66736836824566</ele>
				<time>2025-08-20T00:16:07Z</time>
			</trkpt>
			<trkpt lat="49.26403257931703" lon="-123.25207869898772">
				<ele>95.1370242498815</ele>
				<time>2025-08-20T00:16:10Z</time>
			</trkpt>
			<trkpt lat="49.26401420078963" lon="-123.25207426824997">
				<ele>95.16869118902832</ele>
				<time>2025-08-20T00:16:13Z</time>
			</trkpt>
			<trkpt lat="49.26399656084605" lon="-123.25208992550107">
				<ele>94.78343626763672</ele>
				<time>2025-08-20T00:16:14Z</time>
			</trkpt>
			<trkpt lat="49.26397436314888" lon="-123.25210627547652">
				<ele>94.64735123049468</ele>
				<time>2025-08-20T00:16:15Z</time>
			</trkpt>
			<trkpt lat="49.263951162275944" lon="-123.25212111066702">
				<ele>94.76515336055309</ele>
				<time>2025-08-20T00:16:17Z</time>
			</trkpt>
			<trkpt lat="49.26392442319666" lon="-123.25213763382622">
				<ele>95.03626911435276</ele>
				<time>2025-08-20T00:16:19Z</time>
			</trkpt>
			<trkpt lat="49.263900977269515" lon="-123.25215678642061">
				<ele>94.95063595660031</ele>
				<time>2025-08-20T00:16:21Z</time>
			</trkpt>
			<trkpt lat="49.2638742829482" lon="-123.25218254465321">
				<ele>94.6335351774469</ele>
				<time>2025-08-20T00:16:25Z</time>
			</trkpt>
			<trkpt lat="49.26385186266356" lon="-123.25219112968333">
				<ele>94.56816144753247</ele>
				<time>2025-08-20T00:16:27Z</time>
			</trkpt>
			<trkpt lat="49.2638329219603" lon="-123.25220330466335">
				<ele>95.07869127392769</ele>
				<time>2025-08-20T00:16:30Z</time>
			</trkpt>
			<trkpt lat="49.263809641754975" lon="-123.25220326410634">
				<ele>95.1029791533947</ele>
				<time>2025-08-20T00:16:31Z</time>
			</trkpt>
			<trkpt lat="49.263784700545365" lon="-123.25220745406794">
				<ele>95.46571581065655</ele>
				<time>2025-08-20T00:16:33Z</time>
			</trkpt>
			<trkpt lat="49.263754001190115" lon="-123.25221070024021">
				<ele>95.54154477827251</ele>
				<time>2025-08-20T00:16:35Z</time>
			</trkpt>
			<trkpt lat="49.263729014594205" lon="-123.25221437830074">
				<ele>95.71112755779177</ele>
				<time>2025-08-20T00:16:36Z</time>
			</trkpt>
			<trkpt lat="49.26371966712343" lon="-123.25218816460192">
				<ele>95.39212229195982</ele>
				<time>2025-08-20T00:16:39Z</time>
			</trkpt>
			<trkpt lat="49.26369627241254" lon="-123.2521769552456">
				<ele>95.42684343457222</ele>
				<time>2025-08-20T00:16:42Z</time>
			</trkpt>
			<trkpt lat="49.26367160467254" lon="-123.25217804096214">
				<ele>95.42692460678518</ele>
				<time>2025-08-20T00:16:44Z</time>
			</trkpt>
			<trkpt lat="49.26368657139905" lon="-123.25215290133534">
				<ele>95.2491610692814</ele>
				<time>2025-08-20T00:16:45Z</time>
			</trkpt>
			<trkpt lat="49.263703293684856" lon="-123.25212682960121">
				<ele>95.01863765250891</ele>
				<time>2025-08-20T00:16:46Z</time>
			</trkpt>
			<trkpt lat="49.26370155241097" lon="-123.25206552230468">
				<ele>95.16169209219515</ele>
				<time>2025-08-20T00:16:48Z</time>
			</trkpt>
			<trkpt lat="49.263679710556524" lon="-123.25203066578528">
				<ele>95.5033807978034</ele>
				<time>2025-08-20T00:16:49Z</time>
			</trkpt>
			<trkpt lat="49.263632645090915" lon="-123.25202386039032">
				<ele>95.34936370886862</ele>
				<time>2025-08-20T00:16:52Z</time>
			</trkpt>
			<trkpt lat="49.26361530776822" lon="-123.25206772789582">
				<ele>94.87764539849013</ele>
				<time>2025-08-20T00:16:53Z</time>
			</trkpt>
			<trkpt lat="49.263646550982635" lon="-123.2520718427778">
				<ele>95.10453252028674</ele>
				<time>2025-08-20T00:16:54Z</time>
			</trkpt>
			<trkpt lat="49.26367089362366" lon="-123.25205992490099">
				<ele>95.40379893034697</ele>
				<time>2025-08-20T00:16:55Z</time>
			</trkpt>
			<trkpt lat="49.26369288084998" lon="-123.25205736182058">
				<ele>95.33805664815009</ele>
				<time>2025-08-20T00:16:56Z</time>
			</trkpt>
			<trkpt lat="49.26370953535534" lon="-123.25207177312937">
				<ele>95.26844158675522</ele>
				<time>2025-08-20T00:16:57Z</time>
			</trkpt>
			<trkpt lat="49.263728204984496" lon="-123.2520839920867">
				<ele>94.84180864877999</ele>
				<time>2025-08-20T00:16:59Z</time>
			</trkpt>
			<trkpt lat="49.26370750028148" lon="-123.25202065900588">
				<ele>96.02816115505993</ele>
				<time>2025-08-20T00:17:25Z</time>
			</trkpt>
			<trkpt lat="49.26368483780916" lon="-123.25202143588176">
				<ele>95.9317467873916</ele>
				<time>2025-08-20T00:17:46Z</time>
			</trkpt>
			<trkpt lat="49.26369091313785" lon="-123.25202338260709">
				<ele>95.80121481325477</ele>
				<time>2025-08-20T00:17:54Z</time>
			</trkpt>
			<trkpt lat="49.26370227971472" lon="-123.25200176640337">
				<ele>96.46077538933605</ele>
				<time>2025-08-20T00:18:37Z</time>
			</trkpt>
			<trkpt lat="49.263741056184614" lon="-123.25201681284794">
				<ele>96.02469611633569</ele>
				<time>2025-08-20T00:18:50Z</time>
			</trkpt>
			<trkpt lat="49.26371915015254" lon="-123.25201112365659">
				<ele>95.87832322437316</ele>
				<time>2025-08-20T00:18:52Z</time>
			</trkpt>
			<trkpt lat="49.26372164388773" lon="-123.25197957046946">
				<ele>96.05587911605835</ele>
				<time>2025-08-20T00:18:54Z</time>
			</trkpt>
			<trkpt lat="49.263716297677696" lon="-123.25194350725121">
				<ele>96.04243863094598</ele>
				<time>2025-08-20T00:18:56Z</time>
			</trkpt>
			<trkpt lat="49.26368846284612" lon="-123.25198910119005">
				<ele>96.04236845485866</ele>
				<time>2025-08-20T00:19:00Z</time>
			</trkpt>
			<trkpt lat="49.26367700123219" lon="-123.25194175801899">
				<ele>96.02815244626254</ele>
				<time>2025-08-20T00:19:09Z</time>
			</trkpt>
			<trkpt lat="49.26366464135437" lon="-123.25187146856335">
				<ele>96.01789557375014</ele>
				<time>2025-08-20T00:19:11Z</time>
			</trkpt>
			<trkpt lat="49.263680083193634" lon="-123.25190452376519">
				<ele>95.81889309361577</ele>
				<time>2025-08-20T00:19:13Z</time>
			</trkpt>
			<trkpt lat="49.26369237187092" lon="-123.25194358274821">
				<ele>95.96972563955933</ele>
				<time>2025-08-20T00:19:15Z</time>
			</trkpt>
			<trkpt lat="49.26367138837899" lon="-123.25195380294856">
				<ele>95.87207286246121</ele>
				<time>2025-08-20T00:19:19Z</time>
			</trkpt>
			<trkpt lat="49.26365512699241" lon="-123.25196635197449">
				<ele>96.05381695367396</ele>
				<time>2025-08-20T00:19:21Z</time>
			</trkpt>
			<trkpt lat="49.26364073202751" lon="-123.2519997250859">
				<ele>95.89541706163436</ele>
				<time>2025-08-20T00:19:23Z</time>
			</trkpt>
			<trkpt lat="49.263612339413086" lon="-123.25200920628187">
				<ele>96.21062837634236</ele>
				<time>2025-08-20T00:19:25Z</time>
			</trkpt>
			<trkpt lat="49.26359387513396" lon="-123.25201746402695">
				<ele>96.26129010971636</ele>
				<time>2025-08-20T00:19:26Z</time>
			</trkpt>
			<trkpt lat="49.26356667372516" lon="-123.25201135814001">
				<ele>96.02258843462914</ele>
				<time>2025-08-20T00:19:28Z</time>
			</trkpt>
			<trkpt lat="49.263544946836156" lon="-123.25201265971896">
				<ele>96.00506216753274</ele>
				<time>2025-08-20T00:19:31Z</time>
			</trkpt>
			<trkpt lat="49.263509713251494" lon="-123.25200808340172">
				<ele>95.87277237512171</ele>
				<time>2025-08-20T00:19:34Z</time>
			</trkpt>
			<trkpt lat="49.263495776643104" lon="-123.2520260452937">
				<ele>96.10212395898998</ele>
				<time>2025-08-20T00:19:35Z</time>
			</trkpt>
			<trkpt lat="49.263441263712195" lon="-123.25199177481653">
				<ele>96.53937010094523</ele>
				<time>2025-08-20T00:19:37Z</time>
			</trkpt>
			<trkpt lat="49.26342255890631" lon="-123.25198997490929">
				<ele>96.28654894977808</ele>
				<time>2025-08-20T00:19:39Z</time>
			</trkpt>
			<trkpt lat="49.263403785879525" lon="-123.2520137185255">
				<ele>95.98558130022138</ele>
				<time>2025-08-20T00:19:40Z</time>
			</trkpt>
			<trkpt lat="49.263388607971024" lon="-123.25203165726856">
				<ele>96.37176080420613</ele>
				<time>2025-08-20T00:19:41Z</time>
			</trkpt>
			<trkpt lat="49.26335707900656" lon="-123.25203885091861">
				<ele>96.42133247479796</ele>
				<time>2025-08-20T00:19:43Z</time>
			</trkpt>
			<trkpt lat="49.26332282125331" lon="-123.25205094321277">
				<ele>95.9161193696782</ele>
				<time>2025-08-20T00:19:44Z</time>
			</trkpt>
			<trkpt lat="49.26330190810752" lon="-123.25205954520149">
				<ele>96.34332498069853</ele>
				<time>2025-08-20T00:19:45Z</time>
			</trkpt>
			<trkpt lat="49.2632813790842" lon="-123.25206310183073">
				<ele>96.29177113436162</ele>
				<time>2025-08-20T00:19:46Z</time>
			</trkpt>
			<trkpt lat="49.26325628324797" lon="-123.25205197292617">
				<ele>96.61282457970083</ele>
				<time>2025-08-20T00:19:48Z</time>
			</trkpt>
			<trkpt lat="49.263228091785884" lon="-123.25206592380721">
				<ele>95.88096614088863</ele>
				<time>2025-08-20T00:19:49Z</time>
			</trkpt>
			<trkpt lat="49.26318697090536" lon="-123.25206273200146">
				<ele>96.00561356171966</ele>
				<time>2025-08-20T00:19:52Z</time>
			</trkpt>
			<trkpt lat="49.26314994137991" lon="-123.25206890508171">
				<ele>95.72732903342694</ele>
				<time>2025-08-20T00:19:53Z</time>
			</trkpt>
			<trkpt lat="49.26311636174337" lon="-123.25203584518073">
				<ele>95.30049241054803</ele>
				<time>2025-08-20T00:19:57Z</time>
			</trkpt>
			<trkpt lat="49.263082998375495" lon="-123.25201136619378">
				<ele>95.21551686618477</ele>
				<time>2025-08-20T00:20:04Z</time>
			</trkpt>
			<trkpt lat="49.26307597972293" lon="-123.25196973448736">
				<ele>95.24516554363072</ele>
				<time>2025-08-20T00:20:05Z</time>
			</trkpt>
			<trkpt lat="49.263074711312996" lon="-123.25199805683802">
				<ele>95.46055715624243</ele>
				<time>2025-08-20T00:20:06Z</time>
			</trkpt>
			<trkpt lat="49.26302754090254" lon="-123.25197906490658">
				<ele>95.25986142456532</ele>
				<time>2025-08-20T00:20:08Z</time>
			</trkpt>
			<trkpt lat="49.26296636006227" lon="-123.25194385069283">
				<ele>95.2231129584834</ele>
				<time>2025-08-20T00:20:10Z</time>
			</trkpt>
			<trkpt lat="49.262988352703864" lon="-123.25192844113681">
				<ele>95.35540167614818</ele>
				<time>2025-08-20T00:20:11Z</time>
			</trkpt>
			<trkpt lat="49.262991651627196" lon="-123.25189846034958">
				<ele>94.82479249313474</ele>
				<time>2025-08-20T00:20:13Z</time>
			</trkpt>
			<trkpt lat="49.26298476135553" lon="-123.25186355017745">
				<ele>95.25249510537833</ele>
				<time>2025-08-20T00:20:16Z</time>
			</trkpt>
			<trkpt lat="49.26294640215894" lon="-123.25183799994396">
				<ele>95.12406509183347</ele>
				<time>2025-08-20T00:20:18Z</time>
			</trkpt>
			<trkpt lat="49.26293399982945" lon="-123.25181576675226">
				<ele>95.65858264546841</ele>
				<time>2025-08-20T00:20:20Z</time>
			</trkpt>
			<trkpt lat="49.26290993647431" lon="-123.25180622057354">
				<ele>95.62475487869233</ele>
				<time>2025-08-20T00:20:21Z</time>
			</trkpt>
			<trkpt lat="49.26292515613515" lon="-123.25177539347384">
				<ele>95.59030964318663</ele>
				<time>2025-08-20T00:20:22Z</time>
			</trkpt>
			<trkpt lat="49.26292591604581" lon="-123.25173748815654">
				<ele>95.62574291788042</ele>
				<time>2025-08-20T00:20:24Z</time>
			</trkpt>
			<trkpt lat="49.262901083686984" lon="-123.25171913081127">
				<ele>95.86548835784197</ele>
				<time>2025-08-20T00:20:25Z</time>
			</trkpt>
			<trkpt lat="49.262918671107776" lon="-123.25170216361555">
				<ele>95.88186382502317</ele>
				<time>2025-08-20T00:20:26Z</time>
			</trkpt>
			<trkpt lat="49.26293976479504" lon="-123.25167862373691">
				<ele>95.95925461500883</ele>
				<time>2025-08-20T00:20:28Z</time>
			</trkpt>
			<trkpt lat="49.262958990100834" lon="-123.25166473535059">
				<ele>95.99458752479404</ele>
				<time>2025-08-20T00:20:29Z</time>
			</trkpt>
			<trkpt lat="49.26297484398762" lon="-123.25163280567662">
				<ele>96.00162979681045</ele>
				<time>2025-08-20T00:20:31Z</time>
			</trkpt>
			<trkpt lat="49.26298621785205" lon="-123.25159363779076">
				<ele>95.52938663586974</ele>
				<time>2025-08-20T00:20:36Z</time>
			</trkpt>
			<trkpt lat="49.26298961505935" lon="-123.2515605728594">
				<ele>95.63227812387049</ele>
				<time>2025-08-20T00:20:37Z</time>
			</trkpt>
			<trkpt lat="49.26301429233311" lon="-123.25157976680397">
				<ele>95.29883992485702</ele>
				<time>2025-08-20T00:20:42Z</time>
			</trkpt>
			<trkpt lat="49.26301484752877" lon="-123.25160779207835">
				<ele>94.96796876192093</ele>
				<time>2025-08-20T00:20:43Z</time>
			</trkpt>
			<trkpt lat="49.26302919500131" lon="-123.25164006189001">
				<ele>94.85754827968776</ele>
				<time>2025-08-20T00:20:44Z</time>
			</trkpt>
			<trkpt lat="49.26300873359362" lon="-123.25159107372077">
				<ele>94.95545477140695</ele>
				<time>2025-08-20T00:20:45Z</time>
			</trkpt>
			<trkpt lat="49.2630049441109" lon="-123.25156368564488">
				<ele>94.89906233455986</ele>
				<time>2025-08-20T00:20:53Z</time>
			</trkpt>
			<trkpt lat="49.26300429085548" lon="-123.25154749881611">
				<ele>95.08127032406628</ele>
				<time>2025-08-20T00:21:03Z</time>
			</trkpt>
			<trkpt lat="49.263050990677314" lon="-123.25150440797225">
				<ele>95.10014764405787</ele>
				<time>2025-08-20T00:21:14Z</time>
			</trkpt>
			<trkpt lat="49.26308498618145" lon="-123.25150687521416">
				<ele>94.59568818099797</ele>
				<time>2025-08-20T00:21:18Z</time>
			</trkpt>
			<trkpt lat="49.26308154360365" lon="-123.2515345370892">
				<ele>94.8184569766745</ele>
				<time>2025-08-20T00:21:19Z</time>
			</trkpt>
			<trkpt lat="49.263081116013254" lon="-123.25148829664919">
				<ele>94.76941297296435</ele>
				<time>2025-08-20T00:21:24Z</time>
			</trkpt>
			<trkpt lat="49.26305541321639" lon="-123.2515141284583">
				<ele>95.43347188550979</ele>
				<time>2025-08-20T00:21:33Z</time>
			</trkpt>
			<trkpt lat="49.263070559965534" lon="-123.25146284759727">
				<ele>95.9554384406656</ele>
				<time>2025-08-20T00:22:19Z</time>
			</trkpt>
			<trkpt lat="49.2630669556463" lon="-123.25149993083392">
				<ele>96.1605881517753</ele>
				<time>2025-08-20T00:22:21Z</time>
			</trkpt>
			<trkpt lat="49.26306465772674" lon="-123.25152787640691">
				<ele>95.73039801511914</ele>
				<time>2025-08-20T00:22:24Z</time>
			</trkpt>
			<trkpt lat="49.26304250750626" lon="-123.251548637442">
				<ele>95.41282434295863</ele>
				<time>2025-08-20T00:22:28Z</time>
			</trkpt>
			<trkpt lat="49.263020482313195" lon="-123.25156215981568">
				<ele>95.39298958797008</ele>
				<time>2025-08-20T00:22:30Z</time>
			</trkpt>
			<trkpt lat="49.26298384640308" lon="-123.2515870177546">
				<ele>96.26890413369983</ele>
				<time>2025-08-20T00:22:32Z</time>
			</trkpt>
			<trkpt lat="49.2629582426078" lon="-123.25157739759798">
				<ele>95.92425590008497</ele>
				<time>2025-08-20T00:22:33Z</time>
			</trkpt>
			<trkpt lat="49.2629402479699" lon="-123.25155656996816">
				<ele>96.15043886937201</ele>
				<time>2025-08-20T00:22:34Z</time>
			</trkpt>
			<trkpt lat="49.26290106747955" lon="-123.25157800357348">
				<ele>95.81853827647865</ele>
				<time>2025-08-20T00:22:35Z</time>
			</trkpt>
			<trkpt lat="49.262808642311725" lon="-123.25160899537265">
				<ele>95.98045645840466</ele>
				<time>2025-08-20T00:22:36Z</time>
			</trkpt>
			<trkpt lat="49.26277747467595" lon="-123.25164530830054">
				<ele>96.51545161940157</ele>
				<time>2025-08-20T00:22:37Z</time>
			</trkpt>
			<trkpt lat="49.26273486057681" lon="-123.25165408766514">
				<ele>96.41149734891951</ele>
				<time>2025-08-20T00:22:39Z</time>
			</trkpt>
			<trkpt lat="49.26273783395587" lon="-123.25162094273247">
				<ele>96.49615617096424</ele>
				<time>2025-08-20T00:22:41Z</time>
			</trkpt>
			<trkpt lat="49.2627347417419" lon="-123.25158574332174">
				<ele>95.89909363351762</ele>
				<time>2025-08-20T00:22:42Z</time>
			</trkpt>
			<trkpt lat="49.262710891272896" lon="-123.25159163736565">
				<ele>96.22501774225384</ele>
				<time>2025-08-20T00:22:43Z</time>
			</trkpt>
			<trkpt lat="49.262681153362934" lon="-123.25158916078418">
				<ele>96.34499207045883</ele>
				<time>2025-08-20T00:22:44Z</time>
			</trkpt>
			<trkpt lat="49.26268835133216" lon="-123.25154969086641">
				<ele>97.35405454598367</ele>
				<time>2025-08-20T00:22:47Z</time>
			</trkpt>
			<trkpt lat="49.26268172983421" lon="-123.25151047639804">
				<ele>97.2554466733709</ele>
				<time>2025-08-20T00:22:49Z</time>
			</trkpt>
			<trkpt lat="49.26268892024689" lon="-123.25147924466602">
				<ele>96.6752154622227</ele>
				<time>2025-08-20T00:22:54Z</time>
			</trkpt>
			<trkpt lat="49.26268928647389" lon="-123.25142375614595">
				<ele>96.65938422549516</ele>
				<time>2025-08-20T00:22:57Z</time>
			</trkpt>
			<trkpt lat="49.262683822779664" lon="-123.25138449833948">
				<ele>96.4983364790678</ele>
				<time>2025-08-20T00:22:59Z</time>
			</trkpt>
			<trkpt lat="49.262653552321176" lon="-123.25136440896466">
				<ele>96.42881750129163</ele>
				<time>2025-08-20T00:23:01Z</time>
			</trkpt>
			<trkpt lat="49.26266311709489" lon="-123.25133667134052">
				<ele>96.48295083642006</ele>
				<time>2025-08-20T00:23:02Z</time>
			</trkpt>
			<trkpt lat="49.26264273385804" lon="-123.25128862106808">
				<ele>96.47617499250919</ele>
				<time>2025-08-20T00:23:03Z</time>
			</trkpt>
			<trkpt lat="49.26262334252661" lon="-123.2512639459158">
				<ele>96.0125420037657</ele>
				<time>2025-08-20T00:23:06Z</time>
			</trkpt>
			<trkpt lat="49.26260172903374" lon="-123.2512468890999">
				<ele>96.08075201511383</ele>
				<time>2025-08-20T00:23:08Z</time>
			</trkpt>
			<trkpt lat="49.26258198733987" lon="-123.25123205915267">
				<ele>96.91423710249364</ele>
				<time>2025-08-20T00:23:10Z</time>
			</trkpt>
			<trkpt lat="49.262565019543956" lon="-123.25121267033624">
				<ele>96.4991915691644</ele>
				<time>2025-08-20T00:23:12Z</time>
			</trkpt>
			<trkpt lat="49.2625468464952" lon="-123.25120073268754">
				<ele>96.18953139986843</ele>
				<time>2025-08-20T00:23:14Z</time>
			</trkpt>
			<trkpt lat="49.262528899836845" lon="-123.25119232974461">
				<ele>96.67553677782416</ele>
				<time>2025-08-20T00:23:16Z</time>
			</trkpt>
			<trkpt lat="49.26250838713137" lon="-123.25117852408286">
				<ele>96.45540198218077</ele>
				<time>2025-08-20T00:23:18Z</time>
			</trkpt>
			<trkpt lat="49.262483352187616" lon="-123.25116106429466">
				<ele>96.79311455320567</ele>
				<time>2025-08-20T00:23:21Z</time>
			</trkpt>
			<trkpt lat="49.262454141183156" lon="-123.25115333661718">
				<ele>97.26630557980388</ele>
				<time>2025-08-20T00:23:23Z</time>
			</trkpt>
			<trkpt lat="49.26242736570031" lon="-123.25113296062608">
				<ele>96.87983949761838</ele>
				<time>2025-08-20T00:23:26Z</time>
			</trkpt>
			<trkpt lat="49.26240886281226" lon="-123.25111788522933">
				<ele>96.55406693741679</ele>
				<time>2025-08-20T00:23:28Z</time>
			</trkpt>
			<trkpt lat="49.26239064032885" lon="-123.2511161117528">
				<ele>96.84915590845048</ele>
				<time>2025-08-20T00:23:31Z</time>
			</trkpt>
			<trkpt lat="49.262387702522915" lon="-123.25108378614819">
				<ele>96.87894227728248</ele>
				<time>2025-08-20T00:23:32Z</time>
			</trkpt>
			<trkpt lat="49.26237223189722" lon="-123.25106447371365">
				<ele>96.30862955003977</ele>
				<time>2025-08-20T00:23:33Z</time>
			</trkpt>
			<trkpt lat="49.26235736340134" lon="-123.25104299366049">
				<ele>96.36198376864195</ele>
				<time>2025-08-20T00:23:34Z</time>
			</trkpt>
			<trkpt lat="49.26232570689495" lon="-123.25101689523649">
				<ele>96.73079508729279</ele>
				<time>2025-08-20T00:23:36Z</time>
			</trkpt>
			<trkpt lat="49.26229426901649" lon="-123.25099771148514">
				<ele>96.2154057500884</ele>
				<time>2025-08-20T00:23:40Z</time>
			</trkpt>
			<trkpt lat="49.26227882683692" lon="-123.25097285712414">
				<ele>96.6529816640541</ele>
				<time>2025-08-20T00:23:41Z</time>
			</trkpt>
			<trkpt lat="49.262262709828256" lon="-123.2509394569795">
				<ele>96.54800479859114</ele>
				<time>2025-08-20T00:23:44Z</time>
			</trkpt>
			<trkpt lat="49.26224059564037" lon="-123.25092882648983">
				<ele>96.69204847700894</ele>
				<time>2025-08-20T00:23:46Z</time>
			</trkpt>
			<trkpt lat="49.26221927263106" lon="-123.25090987441743">
				<ele>96.18818039633334</ele>
				<time>2025-08-20T00:23:49Z</time>
			</trkpt>
			<trkpt lat="49.26220547814224" lon="-123.2508896778049">
				<ele>96.43862667307258</ele>
				<time>2025-08-20T00:23:51Z</time>
			</trkpt>
			<trkpt lat="49.2621826659425" lon="-123.25087853551113">
				<ele>96.62809267733246</ele>
				<time>2025-08-20T00:23:53Z</time>
			</trkpt>
			<trkpt lat="49.262167431550544" lon="-123.25086023966851">
				<ele>96.3573297103867</ele>
				<time>2025-08-20T00:23:54Z</time>
			</trkpt>
			<trkpt lat="49.26213110241438" lon="-123.25084899622324">
				<ele>96.50974489562213</ele>
				<time>2025-08-20T00:23:56Z</time>
			</trkpt>
			<trkpt lat="49.26209948761301" lon="-123.25087388008933">
				<ele>96.42455290816724</ele>
				<time>2025-08-20T00:23:57Z</time>
			</trkpt>
			<trkpt lat="49.26207371006875" lon="-123.25087174593287">
				<ele>96.4461574992165</ele>
				<time>2025-08-20T00:23:59Z</time>
			</trkpt>
			<trkpt lat="49.262054613255856" lon="-123.25087377437943">
				<ele>96.60802740510553</ele>
				<time>2025-08-20T00:24:00Z</time>
			</trkpt>
			<trkpt lat="49.26202091377742" lon="-123.25085266052098">
				<ele>96.37707089539617</ele>
				<time>2025-08-20T00:24:03Z</time>
			</trkpt>
			<trkpt lat="49.262008121795084" lon="-123.2508247866492">
				<ele>96.27871446870267</ele>
				<time>2025-08-20T00:24:05Z</time>
			</trkpt>
			<trkpt lat="49.26198796180691" lon="-123.25077392330219">
				<ele>96.70507287699729</ele>
				<time>2025-08-20T00:24:07Z</time>
			</trkpt>
			<trkpt lat="49.261972414771996" lon="-123.25075940179858">
				<ele>96.84850251022726</ele>
				<time>2025-08-20T00:24:10Z</time>
			</trkpt>
			<trkpt lat="49.261940205406454" lon="-123.25073729059777">
				<ele>96.50224502850324</ele>
				<time>2025-08-20T00:24:13Z</time>
			</trkpt>
			<trkpt lat="49.26192085187814" lon="-123.25071037943707">
				<ele>96.36531343776733</ele>
				<time>2025-08-20T00:24:15Z</time>
			</trkpt>
			<trkpt lat="49.26190864362404" lon="-123.250681964882">
				<ele>95.99083665013313</ele>
				<time>2025-08-20T00:24:17Z</time>
			</trkpt>
			<trkpt lat="49.2618878513438" lon="-123.25064616417487">
				<ele>96.25180235225707</ele>
				<time>2025-08-20T00:24:19Z</time>
			</trkpt>
			<trkpt lat="49.26187100564391" lon="-123.25061398738524">
				<ele>96.80895677022636</ele>
				<time>2025-08-20T00:24:22Z</time>
			</trkpt>
			<trkpt lat="49.26184106017935" lon="-123.25059683841722">
				<ele>96.32288777083158</ele>
				<time>2025-08-20T00:24:24Z</time>
			</trkpt>
			<trkpt lat="49.261821327128736" lon="-123.25058259693957">
				<ele>96.24411559477448</ele>
				<time>2025-08-20T00:24:26Z</time>
			</trkpt>
			<trkpt lat="49.261803492238485" lon="-123.25056090382091">
				<ele>96.2142935404554</ele>
				<time>2025-08-20T00:24:28Z</time>
			</trkpt>
			<trkpt lat="49.261795869080444" lon="-123.25053599058879">
				<ele>96.28466080315411</ele>
				<time>2025-08-20T00:24:30Z</time>
			</trkpt>
			<trkpt lat="49.26177328279793" lon="-123.25052337322705">
				<ele>96.61869855597615</ele>
				<time>2025-08-20T00:24:33Z</time>
			</trkpt>
			<trkpt lat="49.2617552633556" lon="-123.25052977966797">
				<ele>96.4188115298748</ele>
				<time>2025-08-20T00:24:35Z</time>
			</trkpt>
			<trkpt lat="49.261731202157236" lon="-123.2505147494254">
				<ele>96.52371979504824</ele>
				<time>2025-08-20T00:24:37Z</time>
			</trkpt>
			<trkpt lat="49.26170963225179" lon="-123.25051853483991">
				<ele>96.07366115879267</ele>
				<time>2025-08-20T00:24:40Z</time>
			</trkpt>
			<trkpt lat="49.26173046383248" lon="-123.25052045694135">
				<ele>96.37043051607907</ele>
				<time>2025-08-20T00:24:46Z</time>
			</trkpt>
			<trkpt lat="49.26171339443674" lon="-123.2505333661012">
				<ele>96.58483119402081</ele>
				<time>2025-08-20T00:24:47Z</time>
			</trkpt>
			<trkpt lat="49.26172033551304" lon="-123.25050895024526">
				<ele>96.52985522709787</ele>
				<time>2025-08-20T00:24:48Z</time>
			</trkpt>
			<trkpt lat="49.26173018127187" lon="-123.25045965936017">
				<ele>96.49334864970297</ele>
				<time>2025-08-20T00:24:49Z</time>
			</trkpt>
			<trkpt lat="49.26173510527337" lon="-123.25043065193115">
				<ele>96.863390580751</ele>
				<time>2025-08-20T00:24:50Z</time>
			</trkpt>
			<trkpt lat="49.26171477680446" lon="-123.25042326538374">
				<ele>97.04303913377225</ele>
				<time>2025-08-20T00:24:54Z</time>
			</trkpt>
			<trkpt lat="49.26170002313211" lon="-123.25038280733206">
				<ele>98.84951729141176</ele>
				<time>2025-08-20T00:25:06Z</time>
			</trkpt>
			<trkpt lat="49.26171045801209" lon="-123.25041475878048">
				<ele>98.50244524795562</ele>
				<time>2025-08-20T00:25:13Z</time>
			</trkpt>
			<trkpt lat="49.26170882028456" lon="-123.25042445434943">
				<ele>98.38079530932009</ele>
				<time>2025-08-20T00:25:33Z</time>
			</trkpt>
			<trkpt lat="49.26173953074225" lon="-123.25046742780688">
				<ele>97.08827853947878</ele>
				<time>2025-08-20T00:25:39Z</time>
			</trkpt>
			<trkpt lat="49.2617353022881" lon="-123.25045282166263">
				<ele>96.8721692468971</ele>
				<time>2025-08-20T00:25:47Z</time>
			</trkpt>
			<trkpt lat="49.261745885560195" lon="-123.2504770100908">
				<ele>97.31690345611423</ele>
				<time>2025-08-20T00:26:11Z</time>
			</trkpt>
			<trkpt lat="49.261762527688795" lon="-123.25045470302133">
				<ele>96.63175579626113</ele>
				<time>2025-08-20T00:26:19Z</time>
			</trkpt>
			<trkpt lat="49.26177786387378" lon="-123.25043850105527">
				<ele>96.66584622859955</ele>
				<time>2025-08-20T00:26:24Z</time>
			</trkpt>
			<trkpt lat="49.2617565891756" lon="-123.25044454754345">
				<ele>96.8834673250094</ele>
				<time>2025-08-20T00:26:33Z</time>
			</trkpt>
			<trkpt lat="49.261736718294095" lon="-123.25045833345683">
				<ele>96.74309561867267</ele>
				<time>2025-08-20T00:26:41Z</time>
			</trkpt>
			<trkpt lat="49.261718104090654" lon="-123.25047773878018">
				<ele>96.19414230808616</ele>
				<time>2025-08-20T00:26:45Z</time>
			</trkpt>
			<trkpt lat="49.26169312946923" lon="-123.25049184345536">
				<ele>96.32035691197962</ele>
				<time>2025-08-20T00:26:48Z</time>
			</trkpt>
			<trkpt lat="49.26171472108109" lon="-123.2504871615547">
				<ele>96.62384564708918</ele>
				<time>2025-08-20T00:26:49Z</time>
			</trkpt>
			<trkpt lat="49.26170753962227" lon="-123.25045865239015">
				<ele>96.47096639778465</ele>
				<time>2025-08-20T00:26:50Z</time>
			</trkpt>
			<trkpt lat="49.261670528164274" lon="-123.25047801036034">
				<ele>96.59392805118114</ele>
				<time>2025-08-20T00:26:52Z</time>
			</trkpt>
			<trkpt lat="49.26163631495453" lon="-123.25047992577323">
				<ele>96.38043159153312</ele>
				<time>2025-08-20T00:26:53Z</time>
			</trkpt>
			<trkpt lat="49.261595920789155" lon="-123.25046581126134">
				<ele>95.99227377213538</ele>
				<time>2025-08-20T00:26:55Z</time>
			</trkpt>
			<trkpt lat="49.26158394428551" lon="-123.2504245391221">
				<ele>96.6789114670828</ele>
				<time>2025-08-20T00:26:58Z</time>
			</trkpt>
			<trkpt lat="49.26156696918238" lon="-123.25041122542956">
				<ele>96.57631567213684</ele>
				<time>2025-08-20T00:27:01Z</time>
			</trkpt>
			<trkpt lat="49.261539912288626" lon="-123.25040389085827">
				<ele>95.93763759732246</ele>
				<time>2025-08-20T00:27:03Z</time>
			</trkpt>
			<trkpt lat="49.26152086194645" lon="-123.25038841910963">
				<ele>96.09265526663512</ele>
				<time>2025-08-20T00:27:05Z</time>
			</trkpt>
			<trkpt lat="49.26150294949052" lon="-123.25038491363333">
				<ele>96.13603325746953</ele>
				<time>2025-08-20T00:27:06Z</time>
			</trkpt>
			<trkpt lat="49.26147482588082" lon="-123.25036587736531">
				<ele>96.06105474289507</ele>
				<time>2025-08-20T00:27:08Z</time>
			</trkpt>
			<trkpt lat="49.26143410282919" lon="-123.25037120655736">
				<ele>96.29278727434576</ele>
				<time>2025-08-20T00:27:10Z</time>
			</trkpt>
			<trkpt lat="49.2614149090309" lon="-123.25034735038425">
				<ele>96.46196818258613</ele>
				<time>2025-08-20T00:27:13Z</time>
			</trkpt>
			<trkpt lat="49.26139248062154" lon="-123.25033097827561">
				<ele>96.7783989245072</ele>
				<time>2025-08-20T00:27:16Z</time>
			</trkpt>
			<trkpt lat="49.26140686328787" lon="-123.25031125948871">
				<ele>96.83608461823314</ele>
				<time>2025-08-20T00:27:19Z</time>
			</trkpt>
			<trkpt lat="49.26139567624979" lon="-123.2502747752326">
				<ele>96.8443543035537</ele>
				<time>2025-08-20T00:27:22Z</time>
			</trkpt>
			<trkpt lat="49.261375150508876" lon="-123.25028461821215">
				<ele>97.08022334333509</ele>
				<time>2025-08-20T00:27:29Z</time>
			</trkpt>
			<trkpt lat="49.261380746999315" lon="-123.25024874391772">
				<ele>96.74132078234106</ele>
				<time>2025-08-20T00:27:34Z</time>
			</trkpt>
			<trkpt lat="49.26140390017335" lon="-123.25024529956468">
				<ele>96.85652280785143</ele>
				<time>2025-08-20T00:27:35Z</time>
			</trkpt>
			<trkpt lat="49.261426943251415" lon="-123.2502493823267">
				<ele>96.75497910846025</ele>
				<time>2025-08-20T00:27:41Z</time>
			</trkpt>
			<trkpt lat="49.26142537613969" lon="-123.25021483948755">
				<ele>96.9800488082692</ele>
				<time>2025-08-20T00:27:48Z</time>
			</trkpt>
			<trkpt lat="49.2614255021569" lon="-123.25018662297227">
				<ele>96.87261236552149</ele>
				<time>2025-08-20T00:27:53Z</time>
			</trkpt>
			<trkpt lat="49.2614468309147" lon="-123.25017276255268">
				<ele>97.18532512709498</ele>
				<time>2025-08-20T00:28:02Z</time>
			</trkpt>
			<trkpt lat="49.2614726596849" lon="-123.25016160185412">
				<ele>97.19245128519833</ele>
				<time>2025-08-20T00:28:04Z</time>
			</trkpt>
			<trkpt lat="49.26144794488037" lon="-123.2501885345932">
				<ele>97.03282091021538</ele>
				<time>2025-08-20T00:28:08Z</time>
			</trkpt>
			<trkpt lat="49.26147525961782" lon="-123.25018359433822">
				<ele>96.65149934403598</ele>
				<time>2025-08-20T00:28:12Z</time>
			</trkpt>
			<trkpt lat="49.26147746061333" lon="-123.2502124225273">
				<ele>96.8899577409029</ele>
				<time>2025-08-20T00:28:13Z</time>
			</trkpt>
			<trkpt lat="49.26147267280555" lon="-123.25022842323466">
				<ele>96.78914298024029</ele>
				<time>2025-08-20T00:28:25Z</time>
			</trkpt>
			<trkpt lat="49.261449591951305" lon="-123.25017468973674">
				<ele>97.1655906708911</ele>
				<time>2025-08-20T00:29:04Z</time>
			</trkpt>
			<trkpt lat="49.26145260965199" lon="-123.25021946508029">
				<ele>97.18031272478402</ele>
				<time>2025-08-20T00:29:11Z</time>
			</trkpt>
			<trkpt lat="49.261450451781215" lon="-123.250188182737">
				<ele>97.18021854385734</ele>
				<time>2025-08-20T00:29:20Z</time>
			</trkpt>
			<trkpt lat="49.26143205426582" lon="-123.2501197098863">
				<ele>97.01730903889984</ele>
				<time>2025-08-20T00:29:29Z</time>
			</trkpt>
			<trkpt lat="49.261426857980034" lon="-123.25016602501816">
				<ele>97.08792488183826</ele>
				<time>2025-08-20T00:29:36Z</time>
			</trkpt>
			<trkpt lat="49.26140515083105" lon="-123.25017934655305">
				<ele>96.82646540552378</ele>
				<time>2025-08-20T00:29:53Z</time>
			</trkpt>
			<trkpt lat="49.26136641581508" lon="-123.25027827145507">
				<ele>96.62734166625887</ele>
				<time>2025-08-20T00:29:55Z</time>
			</trkpt>
			<trkpt lat="49.261388190788054" lon="-123.25026058820983">
				<ele>96.6532737556845</ele>
				<time>2025-08-20T00:29:57Z</time>
			</trkpt>
			<trkpt lat="49.2613989913107" lon="-123.25020219003375">
				<ele>96.66322454437613</ele>
				<time>2025-08-20T00:30:04Z</time>
			</trkpt>
			<trkpt lat="49.26139409354662" lon="-123.25022960770508">
				<ele>96.66322454437613</ele>
				<time>2025-08-20T00:30:13Z</time>
			</trkpt>
			<trkpt lat="49.26139104033005" lon="-123.2501952008046">
				<ele>96.68170721270144</ele>
				<time>2025-08-20T00:30:56Z</time>
			</trkpt>
			<trkpt lat="49.26140760582351" lon="-123.25018288605116">
				<ele>96.88406645227224</ele>
				<time>2025-08-20T00:31:12Z</time>
			</trkpt>
			<trkpt lat="49.261363157161874" lon="-123.25023975990617">
				<ele>96.6913104262203</ele>
				<time>2025-08-20T00:31:24Z</time>
			</trkpt>
			<trkpt lat="49.26137857734729" lon="-123.25025118558345">
				<ele>96.65069972909987</ele>
				<time>2025-08-20T00:31:30Z</time>
			</trkpt>
			<trkpt lat="49.26140137145412" lon="-123.25019670381154">
				<ele>96.65069972909987</ele>
				<time>2025-08-20T00:31:32Z</time>
			</trkpt>
			<trkpt lat="49.261389491311434" lon="-123.2502210823511">
				<ele>96.60114349145442</ele>
				<time>2025-08-20T00:31:46Z</time>
			</trkpt>
			<trkpt lat="49.261392610926016" lon="-123.25024894546642">
				<ele>96.79121382255107</ele>
				<time>2025-08-20T00:31:52Z</time>
			</trkpt>
			<trkpt lat="49.26139446512347" lon="-123.25028937641751">
				<ele>96.99403114244342</ele>
				<time>2025-08-20T00:31:57Z</time>
			</trkpt>
			<trkpt lat="49.26138725031551" lon="-123.25032439679931">
				<ele>96.90117489360273</ele>
				<time>2025-08-20T00:31:59Z</time>
			</trkpt>
			<trkpt lat="49.26136860665829" lon="-123.25033668227323">
				<ele>96.89740437734872</ele>
				<time>2025-08-20T00:32:04Z</time>
			</trkpt>
			<trkpt lat="49.26138621021697" lon="-123.25031380647333">
				<ele>96.48628428205848</ele>
				<time>2025-08-20T00:32:05Z</time>
			</trkpt>
			<trkpt lat="49.26142842382051" lon="-123.25029968052547">
				<ele>96.83907483145595</ele>
				<time>2025-08-20T00:32:07Z</time>
			</trkpt>
			<trkpt lat="49.2614639846852" lon="-123.25028394003506">
				<ele>96.94879260472953</ele>
				<time>2025-08-20T00:32:09Z</time>
			</trkpt>
			<trkpt lat="49.261485838955295" lon="-123.25027104769732">
				<ele>96.84461064543575</ele>
				<time>2025-08-20T00:32:10Z</time>
			</trkpt>
			<trkpt lat="49.26150414418347" lon="-123.2502794374929">
				<ele>96.8473215950653</ele>
				<time>2025-08-20T00:32:12Z</time>
			</trkpt>
			<trkpt lat="49.26152818094251" lon="-123.25028229364429">
				<ele>96.87632273789495</ele>
				<time>2025-08-20T00:32:14Z</time>
			</trkpt>
			<trkpt lat="49.26154637177827" lon="-123.25029173930606">
				<ele>96.76055995933712</ele>
				<time>2025-08-20T00:32:16Z</time>
			</trkpt>
			<trkpt lat="49.261552535613724" lon="-123.25026532163272">
				<ele>96.68158800620586</ele>
				<time>2025-08-20T00:32:20Z</time>
			</trkpt>
			<trkpt lat="49.2615862977707" lon="-123.25029558618782">
				<ele>96.64227980840951</ele>
				<time>2025-08-20T00:32:21Z</time>
			</trkpt>
			<trkpt lat="49.261608638841395" lon="-123.25030277705243">
				<ele>96.80966637190431</ele>
				<time>2025-08-20T00:32:23Z</time>
			</trkpt>
			<trkpt lat="49.26163665590222" lon="-123.25031216375096">
				<ele>96.7303913300857</ele>
				<time>2025-08-20T00:32:25Z</time>
			</trkpt>
			<trkpt lat="49.26166052451678" lon="-123.25030788086285">
				<ele>96.40091544575989</ele>
				<time>2025-08-20T00:32:27Z</time>
			</trkpt>
			<trkpt lat="49.26166352248897" lon="-123.25028062146619">
				<ele>96.71357367374003</ele>
				<time>2025-08-20T00:32:28Z</time>
			</trkpt>
			<trkpt lat="49.26168167609866" lon="-123.2502803778624">
				<ele>96.64331703819335</ele>
				<time>2025-08-20T00:32:29Z</time>
			</trkpt>
			<trkpt lat="49.2617050144352" lon="-123.25028347157065">
				<ele>96.7136305468157</ele>
				<time>2025-08-20T00:32:30Z</time>
			</trkpt>
			<trkpt lat="49.26170831197969" lon="-123.2503433028085">
				<ele>96.45188090670854</ele>
				<time>2025-08-20T00:32:31Z</time>
			</trkpt>
			<trkpt lat="49.26173430757064" lon="-123.25038145836616">
				<ele>96.45488816779107</ele>
				<time>2025-08-20T00:32:33Z</time>
			</trkpt>
			<trkpt lat="49.26175969460794" lon="-123.25040460257797">
				<ele>96.44810719229281</ele>
				<time>2025-08-20T00:32:35Z</time>
			</trkpt>
			<trkpt lat="49.261784682467095" lon="-123.25040782648028">
				<ele>96.602314889431</ele>
				<time>2025-08-20T00:32:37Z</time>
			</trkpt>
			<trkpt lat="49.26180885713034" lon="-123.25043580901561">
				<ele>96.92525706999004</ele>
				<time>2025-08-20T00:32:39Z</time>
			</trkpt>
			<trkpt lat="49.26182775208259" lon="-123.25043349797197">
				<ele>96.94284197781235</ele>
				<time>2025-08-20T00:32:42Z</time>
			</trkpt>
			<trkpt lat="49.261852241916124" lon="-123.25043081631395">
				<ele>97.23490012343973</ele>
				<time>2025-08-20T00:32:44Z</time>
			</trkpt>
			<trkpt lat="49.26187290195085" lon="-123.25043383601215">
				<ele>97.03741663880646</ele>
				<time>2025-08-20T00:32:46Z</time>
			</trkpt>
			<trkpt lat="49.261890885778755" lon="-123.25045513242189">
				<ele>97.2772267665714</ele>
				<time>2025-08-20T00:32:48Z</time>
			</trkpt>
			<trkpt lat="49.261912404488974" lon="-123.25044821233831">
				<ele>97.48974570073187</ele>
				<time>2025-08-20T00:32:50Z</time>
			</trkpt>
			<trkpt lat="49.26194304248683" lon="-123.25045640712464">
				<ele>97.88622097950429</ele>
				<time>2025-08-20T00:32:53Z</time>
			</trkpt>
			<trkpt lat="49.26196087299473" lon="-123.25047665565856">
				<ele>98.00611031334847</ele>
				<time>2025-08-20T00:32:55Z</time>
			</trkpt>
			<trkpt lat="49.26197597470544" lon="-123.25049772828324">
				<ele>97.73145101591945</ele>
				<time>2025-08-20T00:32:56Z</time>
			</trkpt>
			<trkpt lat="49.261992781275964" lon="-123.25051997552893">
				<ele>97.8098821816966</ele>
				<time>2025-08-20T00:32:58Z</time>
			</trkpt>
			<trkpt lat="49.26201549335241" lon="-123.2505534036863">
				<ele>97.43404176738113</ele>
				<time>2025-08-20T00:33:00Z</time>
			</trkpt>
			<trkpt lat="49.26203695135035" lon="-123.2505950088475">
				<ele>96.90762923192233</ele>
				<time>2025-08-20T00:33:02Z</time>
			</trkpt>
			<trkpt lat="49.26205441660052" lon="-123.25060970403291">
				<ele>96.82042495720088</ele>
				<time>2025-08-20T00:33:04Z</time>
			</trkpt>
			<trkpt lat="49.26207426024734" lon="-123.25063725923094">
				<ele>96.9897365057841</ele>
				<time>2025-08-20T00:33:06Z</time>
			</trkpt>
			<trkpt lat="49.26209500517547" lon="-123.25065438513768">
				<ele>96.4876946862787</ele>
				<time>2025-08-20T00:33:08Z</time>
			</trkpt>
			<trkpt lat="49.262111049697566" lon="-123.25067314194806">
				<ele>96.6999448146671</ele>
				<time>2025-08-20T00:33:10Z</time>
			</trkpt>
			<trkpt lat="49.26213352680247" lon="-123.25067143701293">
				<ele>97.20890632085502</ele>
				<time>2025-08-20T00:33:12Z</time>
			</trkpt>
			<trkpt lat="49.262153756021945" lon="-123.25069508653452">
				<ele>96.6707866275683</ele>
				<time>2025-08-20T00:33:14Z</time>
			</trkpt>
			<trkpt lat="49.26217605850179" lon="-123.25071405746027">
				<ele>96.86251742672175</ele>
				<time>2025-08-20T00:33:16Z</time>
			</trkpt>
			<trkpt lat="49.26219714933141" lon="-123.2507146132344">
				<ele>97.16453071124852</ele>
				<time>2025-08-20T00:33:18Z</time>
			</trkpt>
			<trkpt lat="49.262226047575126" lon="-123.25072415648513">
				<ele>97.26398675888777</ele>
				<time>2025-08-20T00:33:20Z</time>
			</trkpt>
			<trkpt lat="49.26225099069296" lon="-123.25074980116112">
				<ele>97.29063299205154</ele>
				<time>2025-08-20T00:33:23Z</time>
			</trkpt>
			<trkpt lat="49.26226287971455" lon="-123.25077750371346">
				<ele>96.97087835520506</ele>
				<time>2025-08-20T00:33:24Z</time>
			</trkpt>
			<trkpt lat="49.262281935224635" lon="-123.25080340576866">
				<ele>96.61429663840681</ele>
				<time>2025-08-20T00:33:26Z</time>
			</trkpt>
			<trkpt lat="49.26230639283064" lon="-123.25082987026063">
				<ele>96.34440270904452</ele>
				<time>2025-08-20T00:33:28Z</time>
			</trkpt>
			<trkpt lat="49.262326169235195" lon="-123.25085690399632">
				<ele>96.28939946275204</ele>
				<time>2025-08-20T00:33:30Z</time>
			</trkpt>
			<trkpt lat="49.262346226772905" lon="-123.25086955241426">
				<ele>96.49124909192324</ele>
				<time>2025-08-20T00:33:32Z</time>
			</trkpt>
			<trkpt lat="49.26237122011661" lon="-123.25088833405775">
				<ele>96.70343438722193</ele>
				<time>2025-08-20T00:33:34Z</time>
			</trkpt>
			<trkpt lat="49.26239139361296" lon="-123.25086668404231">
				<ele>97.17172119766474</ele>
				<time>2025-08-20T00:33:36Z</time>
			</trkpt>
			<trkpt lat="49.26240923315296" lon="-123.25085150222903">
				<ele>97.03747479710728</ele>
				<time>2025-08-20T00:33:39Z</time>
			</trkpt>
			<trkpt lat="49.26243280031344" lon="-123.2508418672876">
				<ele>97.1291829040274</ele>
				<time>2025-08-20T00:33:41Z</time>
			</trkpt>
			<trkpt lat="49.262456558670735" lon="-123.25083108404709">
				<ele>96.708407481201</ele>
				<time>2025-08-20T00:33:44Z</time>
			</trkpt>
			<trkpt lat="49.26247846624358" lon="-123.25083226162037">
				<ele>96.3223883593455</ele>
				<time>2025-08-20T00:33:46Z</time>
			</trkpt>
			<trkpt lat="49.26250090274721" lon="-123.2508525847243">
				<ele>96.00584858190268</ele>
				<time>2025-08-20T00:33:48Z</time>
			</trkpt>
			<trkpt lat="49.262528790356086" lon="-123.25086205817455">
				<ele>96.09915606491268</ele>
				<time>2025-08-20T00:33:50Z</time>
			</trkpt>
			<trkpt lat="49.26254540329003" lon="-123.2508281848549">
				<ele>96.38141708821058</ele>
				<time>2025-08-20T00:33:52Z</time>
			</trkpt>
			<trkpt lat="49.26256664689157" lon="-123.25081949866629">
				<ele>96.92209528479725</ele>
				<time>2025-08-20T00:33:54Z</time>
			</trkpt>
			<trkpt lat="49.26259076793377" lon="-123.25081129098665">
				<ele>96.66320496890694</ele>
				<time>2025-08-20T00:33:57Z</time>
			</trkpt>
			<trkpt lat="49.262615056862266" lon="-123.25080315009583">
				<ele>97.11114422604442</ele>
				<time>2025-08-20T00:34:00Z</time>
			</trkpt>
			<trkpt lat="49.2626549827732" lon="-123.25083923856725">
				<ele>96.42538843117654</ele>
				<time>2025-08-20T00:34:01Z</time>
			</trkpt>
			<trkpt lat="49.26267673003929" lon="-123.25086432353254">
				<ele>96.66167223080993</ele>
				<time>2025-08-20T00:34:03Z</time>
			</trkpt>
			<trkpt lat="49.26269745814706" lon="-123.25088392247737">
				<ele>96.35983234923333</ele>
				<time>2025-08-20T00:34:05Z</time>
			</trkpt>
			<trkpt lat="49.262719613188814" lon="-123.25089516937608">
				<ele>96.64839180372655</ele>
				<time>2025-08-20T00:34:07Z</time>
			</trkpt>
			<trkpt lat="49.26273834557578" lon="-123.25087953940412">
				<ele>96.7066981876269</ele>
				<time>2025-08-20T00:34:10Z</time>
			</trkpt>
			<trkpt lat="49.262762737818115" lon="-123.25087792087889">
				<ele>96.54561535641551</ele>
				<time>2025-08-20T00:34:12Z</time>
			</trkpt>
			<trkpt lat="49.262783773068925" lon="-123.25090232077011">
				<ele>96.30551423504949</ele>
				<time>2025-08-20T00:34:13Z</time>
			</trkpt>
			<trkpt lat="49.26280504071919" lon="-123.2509102361156">
				<ele>96.41603600420058</ele>
				<time>2025-08-20T00:34:14Z</time>
			</trkpt>
			<trkpt lat="49.26281677746961" lon="-123.25088042289343">
				<ele>95.99144296813756</ele>
				<time>2025-08-20T00:34:17Z</time>
			</trkpt>
			<trkpt lat="49.26284114974033" lon="-123.25088885862432">
				<ele>96.89722302090377</ele>
				<time>2025-08-20T00:34:19Z</time>
			</trkpt>
			<trkpt lat="49.262862581044836" lon="-123.25089694809584">
				<ele>96.45142141729593</ele>
				<time>2025-08-20T00:34:20Z</time>
			</trkpt>
			<trkpt lat="49.2628746243709" lon="-123.25091824996089">
				<ele>96.78342928551137</ele>
				<time>2025-08-20T00:34:21Z</time>
			</trkpt>
			<trkpt lat="49.26289523549052" lon="-123.25094202171576">
				<ele>96.41635698731989</ele>
				<time>2025-08-20T00:34:22Z</time>
			</trkpt>
			<trkpt lat="49.262908789916104" lon="-123.25096939588808">
				<ele>95.963826501742</ele>
				<time>2025-08-20T00:34:23Z</time>
			</trkpt>
			<trkpt lat="49.26294108495419" lon="-123.25100789569336">
				<ele>96.20739546045661</ele>
				<time>2025-08-20T00:34:25Z</time>
			</trkpt>
			<trkpt lat="49.26295644798662" lon="-123.25103322408155">
				<ele>96.12603599857539</ele>
				<time>2025-08-20T00:34:26Z</time>
			</trkpt>
			<trkpt lat="49.26296843574063" lon="-123.25106064649398">
				<ele>96.0257567865774</ele>
				<time>2025-08-20T00:34:28Z</time>
			</trkpt>
			<trkpt lat="49.26299124860457" lon="-123.25108214686567">
				<ele>96.24653303343803</ele>
				<time>2025-08-20T00:34:30Z</time>
			</trkpt>
			<trkpt lat="49.263004580433524" lon="-123.2511067022366">
				<ele>96.4553053341806</ele>
				<time>2025-08-20T00:34:32Z</time>
			</trkpt>
			<trkpt lat="49.26303194660525" lon="-123.25111756284238">
				<ele>96.40631542075425</ele>
				<time>2025-08-20T00:34:34Z</time>
			</trkpt>
			<trkpt lat="49.26305268168232" lon="-123.2511310927071">
				<ele>96.07184779271483</ele>
				<time>2025-08-20T00:34:36Z</time>
			</trkpt>
			<trkpt lat="49.26308245049596" lon="-123.25114862413756">
				<ele>95.99682574532926</ele>
				<time>2025-08-20T00:34:38Z</time>
			</trkpt>
			<trkpt lat="49.263104146693266" lon="-123.25116624739667">
				<ele>96.12100381124765</ele>
				<time>2025-08-20T00:34:40Z</time>
			</trkpt>
			<trkpt lat="49.26312084549952" lon="-123.25118796479195">
				<ele>96.19448820035905</ele>
				<time>2025-08-20T00:34:42Z</time>
			</trkpt>
			<trkpt lat="49.26313180837042" lon="-123.25121095755608">
				<ele>95.54733331222087</ele>
				<time>2025-08-20T00:34:44Z</time>
			</trkpt>
			<trkpt lat="49.263151546903536" lon="-123.25123723757729">
				<ele>95.3478194847703</ele>
				<time>2025-08-20T00:34:46Z</time>
			</trkpt>
			<trkpt lat="49.26317239371136" lon="-123.25126022105515">
				<ele>95.84452918265015</ele>
				<time>2025-08-20T00:34:48Z</time>
			</trkpt>
			<trkpt lat="49.26319047225185" lon="-123.25127523043638">
				<ele>95.61002904549241</ele>
				<time>2025-08-20T00:34:50Z</time>
			</trkpt>
			<trkpt lat="49.26321063956548" lon="-123.25130176524982">
				<ele>95.58487656060606</ele>
				<time>2025-08-20T00:34:52Z</time>
			</trkpt>
			<trkpt lat="49.263232311573034" lon="-123.25131961857637">
				<ele>95.6829355461523</ele>
				<time>2025-08-20T00:34:55Z</time>
			</trkpt>
			<trkpt lat="49.26326234396625" lon="-123.2513388361683">
				<ele>94.83509929478168</ele>
				<time>2025-08-20T00:34:58Z</time>
			</trkpt>
			<trkpt lat="49.26328717005909" lon="-123.25136365403178">
				<ele>94.6470275959</ele>
				<time>2025-08-20T00:35:01Z</time>
			</trkpt>
			<trkpt lat="49.263307953707205" lon="-123.25139072289916">
				<ele>94.50300261657685</ele>
				<time>2025-08-20T00:35:03Z</time>
			</trkpt>
			<trkpt lat="49.263325544911396" lon="-123.25140045542796">
				<ele>94.57999832369387</ele>
				<time>2025-08-20T00:35:05Z</time>
			</trkpt>
			<trkpt lat="49.26334863478813" lon="-123.25142035850853">
				<ele>95.20999885350466</ele>
				<time>2025-08-20T00:35:07Z</time>
			</trkpt>
			<trkpt lat="49.26337576404899" lon="-123.25143155397095">
				<ele>94.87241284828633</ele>
				<time>2025-08-20T00:35:09Z</time>
			</trkpt>
			<trkpt lat="49.26339238217634" lon="-123.25144621249785">
				<ele>95.8842121809721</ele>
				<time>2025-08-20T00:35:11Z</time>
			</trkpt>
			<trkpt lat="49.26342776615916" lon="-123.25146910021905">
				<ele>95.97915855515748</ele>
				<time>2025-08-20T00:35:13Z</time>
			</trkpt>
			<trkpt lat="49.263456761044985" lon="-123.25147611099638">
				<ele>96.10356002859771</ele>
				<time>2025-08-20T00:35:16Z</time>
			</trkpt>
			<trkpt lat="49.263481699733894" lon="-123.25149100594676">
				<ele>96.40785949956626</ele>
				<time>2025-08-20T00:35:18Z</time>
			</trkpt>
			<trkpt lat="49.26349968190728" lon="-123.25150343607118">
				<ele>95.14416828658432</ele>
				<time>2025-08-20T00:35:20Z</time>
			</trkpt>
			<trkpt lat="49.26349433241503" lon="-123.2514549301804">
				<ele>95.55294029973447</ele>
				<time>2025-08-20T00:35:23Z</time>
			</trkpt>
			<trkpt lat="49.26352942649676" lon="-123.25143328147459">
				<ele>95.15385125763714</ele>
				<time>2025-08-20T00:35:25Z</time>
			</trkpt>
			<trkpt lat="49.26354926309234" lon="-123.25143716318507">
				<ele>95.52385975047946</ele>
				<time>2025-08-20T00:35:26Z</time>
			</trkpt>
			<trkpt lat="49.26357165460843" lon="-123.25144834663345">
				<ele>95.60516760498285</ele>
				<time>2025-08-20T00:35:27Z</time>
			</trkpt>
			<trkpt lat="49.263610891387245" lon="-123.25146920374513">
				<ele>95.54990006331354</ele>
				<time>2025-08-20T00:35:29Z</time>
			</trkpt>
			<trkpt lat="49.26363014451033" lon="-123.25149958223798">
				<ele>95.41892392840236</ele>
				<time>2025-08-20T00:35:30Z</time>
			</trkpt>
			<trkpt lat="49.26363994177166" lon="-123.25152381862321">
				<ele>95.35589728876948</ele>
				<time>2025-08-20T00:35:31Z</time>
			</trkpt>
			<trkpt lat="49.26366518428915" lon="-123.25152822727746">
				<ele>94.86177214421332</ele>
				<time>2025-08-20T00:35:32Z</time>
			</trkpt>
			<trkpt lat="49.263694157575536" lon="-123.25154242497565">
				<ele>95.05611558631063</ele>
				<time>2025-08-20T00:35:34Z</time>
			</trkpt>
			<trkpt lat="49.263705519482215" lon="-123.25157520388562">
				<ele>95.01272822264582</ele>
				<time>2025-08-20T00:35:35Z</time>
			</trkpt>
			<trkpt lat="49.263728834164134" lon="-123.25159277342787">
				<ele>95.37601212225854</ele>
				<time>2025-08-20T00:35:37Z</time>
			</trkpt>
			<trkpt lat="49.26374168755112" lon="-123.25163472017353">
				<ele>95.81400354672223</ele>
				<time>2025-08-20T00:35:40Z</time>
			</trkpt>
			<trkpt lat="49.26376356746577" lon="-123.25165071324565">
				<ele>95.64363808557391</ele>
				<time>2025-08-20T00:35:42Z</time>
			</trkpt>
			<trkpt lat="49.26378608464436" lon="-123.2516765317233">
				<ele>95.79294952377677</ele>
				<time>2025-08-20T00:35:44Z</time>
			</trkpt>
			<trkpt lat="49.2638134156728" lon="-123.25167471209825">
				<ele>95.76603658217937</ele>
				<time>2025-08-20T00:35:46Z</time>
			</trkpt>
			<trkpt lat="49.26383708177566" lon="-123.25168373877024">
				<ele>95.95507188234478</ele>
				<time>2025-08-20T00:35:48Z</time>
			</trkpt>
			<trkpt lat="49.26385913568814" lon="-123.25171384889495">
				<ele>95.63641395419836</ele>
				<time>2025-08-20T00:35:50Z</time>
			</trkpt>
			<trkpt lat="49.26388015680699" lon="-123.25174464464428">
				<ele>95.66258439607918</ele>
				<time>2025-08-20T00:35:52Z</time>
			</trkpt>
			<trkpt lat="49.26390221107402" lon="-123.25176596743177">
				<ele>94.78546129539609</ele>
				<time>2025-08-20T00:35:54Z</time>
			</trkpt>
			<trkpt lat="49.26393049801864" lon="-123.25176888526855">
				<ele>95.60039589181542</ele>
				<time>2025-08-20T00:35:56Z</time>
			</trkpt>
			<trkpt lat="49.26395467147598" lon="-123.25178775384195">
				<ele>95.29655824229121</ele>
				<time>2025-08-20T00:35:58Z</time>
			</trkpt>
			<trkpt lat="49.26397673177698" lon="-123.251815847481">
				<ele>95.53704552352428</ele>
				<time>2025-08-20T00:36:00Z</time>
			</trkpt>
			<trkpt lat="49.26399438681812" lon="-123.25183901547092">
				<ele>95.09180158562958</ele>
				<time>2025-08-20T00:36:02Z</time>
			</trkpt>
			<trkpt lat="49.26401587071003" lon="-123.25186171677623">
				<ele>94.7072465904057</ele>
				<time>2025-08-20T00:36:04Z</time>
			</trkpt>
			<trkpt lat="49.26403301870216" lon="-123.25188860291767">
				<ele>94.40170698426664</ele>
				<time>2025-08-20T00:36:05Z</time>
			</trkpt>
			<trkpt lat="49.264051824678084" lon="-123.25189118428375">
				<ele>94.40951550751925</ele>
				<time>2025-08-20T00:36:07Z</time>
			</trkpt>
			<trkpt lat="49.26408084062287" lon="-123.25190992123329">
				<ele>95.47019868623465</ele>
				<time>2025-08-20T00:36:09Z</time>
			</trkpt>
			<trkpt lat="49.2641038706399" lon="-123.25190523775795">
				<ele>95.50227016583085</ele>
				<time>2025-08-20T00:36:11Z</time>
			</trkpt>
			<trkpt lat="49.264127406562565" lon="-123.25189614132881">
				<ele>95.36676074750721</ele>
				<time>2025-08-20T00:36:13Z</time>
			</trkpt>
			<trkpt lat="49.26414924837469" lon="-123.25193192310881">
				<ele>95.25468614697456</ele>
				<time>2025-08-20T00:36:15Z</time>
			</trkpt>
			<trkpt lat="49.26416602711569" lon="-123.25194951110304">
				<ele>94.79154369607568</ele>
				<time>2025-08-20T00:36:17Z</time>
			</trkpt>
			<trkpt lat="49.26418495708954" lon="-123.25196852549296">
				<ele>95.12339756265283</ele>
				<time>2025-08-20T00:36:19Z</time>
			</trkpt>
			<trkpt lat="49.26420782681393" lon="-123.25199136269488">
				<ele>94.8775923345238</ele>
				<time>2025-08-20T00:36:21Z</time>
			</trkpt>
			<trkpt lat="49.26422814753223" lon="-123.25200164411486">
				<ele>94.63855409994721</ele>
				<time>2025-08-20T00:36:23Z</time>
			</trkpt>
			<trkpt lat="49.26425105780549" lon="-123.2520263841713">
				<ele>94.09595254436135</ele>
				<time>2025-08-20T00:36:25Z</time>
			</trkpt>
			<trkpt lat="49.26427954711856" lon="-123.25204014020714">
				<ele>95.27587142027915</ele>
				<time>2025-08-20T00:36:27Z</time>
			</trkpt>
			<trkpt lat="49.26429935022442" lon="-123.25204249575896">
				<ele>95.319923710078</ele>
				<time>2025-08-20T00:36:29Z</time>
			</trkpt>
			<trkpt lat="49.26432984045602" lon="-123.25206176483272">
				<ele>95.49001126922667</ele>
				<time>2025-08-20T00:36:31Z</time>
			</trkpt>
			<trkpt lat="49.26435419752654" lon="-123.25208992731434">
				<ele>94.99217883124948</ele>
				<time>2025-08-20T00:36:33Z</time>
			</trkpt>
			<trkpt lat="49.26437010168037" lon="-123.25210871743843">
				<ele>94.63965650461614</ele>
				<time>2025-08-20T00:36:35Z</time>
			</trkpt>
			<trkpt lat="49.264392167763276" lon="-123.25211956711618">
				<ele>94.91057401150465</ele>
				<time>2025-08-20T00:36:38Z</time>
			</trkpt>
			<trkpt lat="49.26441201184387" lon="-123.25212632057574">
				<ele>94.44826258253306</ele>
				<time>2025-08-20T00:36:40Z</time>
			</trkpt>
			<trkpt lat="49.26443390376072" lon="-123.25216060975916">
				<ele>94.37825267016888</ele>
				<time>2025-08-20T00:36:42Z</time>
			</trkpt>
			<trkpt lat="49.26446329395309" lon="-123.25218625317595">
				<ele>94.74716227781028</ele>
				<time>2025-08-20T00:36:46Z</time>
			</trkpt>
			<trkpt lat="49.26448242054783" lon="-123.25221803144913">
				<ele>94.43623207136989</ele>
				<time>2025-08-20T00:36:49Z</time>
			</trkpt>
			<trkpt lat="49.26450708142299" lon="-123.25219280575834">
				<ele>95.31581962667406</ele>
				<time>2025-08-20T00:36:51Z</time>
			</trkpt>
			<trkpt lat="49.26451313442189" lon="-123.25216628431768">
				<ele>95.14616707339883</ele>
				<time>2025-08-20T00:36:53Z</time>
			</trkpt>
			<trkpt lat="49.264538242946365" lon="-123.25214936041014">
				<ele>95.47998322732747</ele>
				<time>2025-08-20T00:36:57Z</time>
			</trkpt>
			<trkpt lat="49.264555461896514" lon="-123.25216408651505">
				<ele>95.3638109229505</ele>
				<time>2025-08-20T00:36:58Z</time>
			</trkpt>
			<trkpt lat="49.26457559197637" lon="-123.25219120882072">
				<ele>95.09886256791651</ele>
				<time>2025-08-20T00:37:00Z</time>
			</trkpt>
			<trkpt lat="49.26459341915259" lon="-123.25219664387595">
				<ele>95.3331062309444</ele>
				<time>2025-08-20T00:37:02Z</time>
			</trkpt>
			<trkpt lat="49.26462802390438" lon="-123.2522014443722">
				<ele>95.10593253932893</ele>
				<time>2025-08-20T00:37:04Z</time>
			</trkpt>
			<trkpt lat="49.264647099451885" lon="-123.25224253512225">
				<ele>95.17351399920881</ele>
				<time>2025-08-20T00:37:06Z</time>
			</trkpt>
			<trkpt lat="49.2646653377902" lon="-123.25228047686171">
				<ele>94.67057708557695</ele>
				<time>2025-08-20T00:37:08Z</time>
			</trkpt>
			<trkpt lat="49.264662509653945" lon="-123.25232141371247">
				<ele>93.88615849521011</ele>
				<time>2025-08-20T00:37:11Z</time>
			</trkpt>
			<trkpt lat="49.26466703039638" lon="-123.25237477767831">
				<ele>93.71719604358077</ele>
				<time>2025-08-20T00:37:14Z</time>
			</trkpt>
			<trkpt lat="49.264685524100315" lon="-123.25237632939509">
				<ele>94.00113190151751</ele>
				<time>2025-08-20T00:37:23Z</time>
			</trkpt>
			<trkpt lat="49.264715212000795" lon="-123.25239077110548">
				<ele>93.7106813993305</ele>
				<time>2025-08-20T00:37:27Z</time>
			</trkpt>
			<trkpt lat="49.264694472749916" lon="-123.25238972007074">
				<ele>93.96916623879224</ele>
				<time>2025-08-20T00:37:31Z</time>
			</trkpt>
			<trkpt lat="49.26468346998897" lon="-123.25236556352974">
				<ele>93.54234490077943</ele>
				<time>2025-08-20T00:37:37Z</time>
			</trkpt>
		</trkseg>
	</trk>
</gpx>
