<?xml version="1.0" encoding="UTF-8"?>
<gpx xmlns:xsi="http://www.w3.org/2001/XMLSchema-instance" xmlns="http://www.topografix.com/GPX/1/1" xsi:schemaLocation="http://www.topografix.com/GPX/1/1 http://www.topografix.com/GPX/1/1/gpx.xsd" version="1.1" creator="Open GPX Tracker for iOS">
	<trk>
		<trkseg>
			<trkpt lat="49.262185065596945" lon="-123.24845065020679">
				<ele>98.41268539428711</ele>
				<time>2025-08-19T00:26:49Z</time>
			</trkpt>
			<trkpt lat="49.262225573610664" lon="-123.24836234304988">
				<ele>98.84005355834961</ele>
				<time>2025-08-19T00:26:50Z</time>
			</trkpt>
			<trkpt lat="49.26220720425228" lon="-123.24837352802854">
				<ele>96.45052719116211</ele>
				<time>2025-08-19T00:26:51Z</time>
			</trkpt>
			<trkpt lat="49.262259893850185" lon="-123.24837270572432">
				<ele>95.36922836303711</ele>
				<time>2025-08-19T00:26:53Z</time>
			</trkpt>
			<trkpt lat="49.26223403106097" lon="-123.24835866566919">
				<ele>95.88985824584961</ele>
				<time>2025-08-19T00:26:56Z</time>
			</trkpt>
			<trkpt lat="49.26225887157614" lon="-123.24833032540795">
				<ele>99.06985092163086</ele>
				<time>2025-08-19T00:26:57Z</time>
			</trkpt>
			<trkpt lat="49.26225524694066" lon="-123.248298711354">
				<ele>96.1393401757965</ele>
				<time>2025-08-19T00:27:01Z</time>
			</trkpt>
			<trkpt lat="49.262196205742214" lon="-123.24825258365141">
				<ele>97.4052221064239</ele>
				<time>2025-08-19T00:27:03Z</time>
			</trkpt>
			<trkpt lat="49.262228778394906" lon="-123.2482756653772">
				<ele>97.22921371459961</ele>
				<time>2025-08-19T00:27:05Z</time>
			</trkpt>
			<trkpt lat="49.26221330480893" lon="-123.24830605020222">
				<ele>97.66610344219953</ele>
				<time>2025-08-19T00:27:08Z</time>
			</trkpt>
			<trkpt lat="49.26220897583563" lon="-123.24833888492437">
				<ele>98.01058587711304</ele>
				<time>2025-08-19T00:27:09Z</time>
			</trkpt>
			<trkpt lat="49.262186309204886" lon="-123.24832781276642">
				<ele>97.15176029969007</ele>
				<time>2025-08-19T00:27:12Z</time>
			</trkpt>
			<trkpt lat="49.26215523169972" lon="-123.2483441251443">
				<ele>96.97176763694733</ele>
				<time>2025-08-19T00:27:13Z</time>
			</trkpt>
			<trkpt lat="49.26214983851817" lon="-123.2483153980365">
				<ele>96.83382827974856</ele>
				<time>2025-08-19T00:27:14Z</time>
			</trkpt>
			<trkpt lat="49.262132841995665" lon="-123.24829826790938">
				<ele>98.08694094233215</ele>
				<time>2025-08-19T00:27:17Z</time>
			</trkpt>
			<trkpt lat="49.262109208899396" lon="-123.24824894547129">
				<ele>98.64449718035758</ele>
				<time>2025-08-19T00:27:19Z</time>
			</trkpt>
			<trkpt lat="49.26209564505975" lon="-123.2481729564015">
				<ele>98.90530135389417</ele>
				<time>2025-08-19T00:27:20Z</time>
			</trkpt>
			<trkpt lat="49.26214769141252" lon="-123.24815836610419">
				<ele>98.05029670149088</ele>
				<time>2025-08-19T00:27:21Z</time>
			</trkpt>
			<trkpt lat="49.26212606310935" lon="-123.2481582639389">
				<ele>97.77262777648866</ele>
				<time>2025-08-19T00:27:23Z</time>
			</trkpt>
			<trkpt lat="49.262110346359925" lon="-123.2481329346231">
				<ele>97.76400806289166</ele>
				<time>2025-08-19T00:27:24Z</time>
			</trkpt>
			<trkpt lat="49.26211152161146" lon="-123.24809834607504">
				<ele>97.57080534938723</ele>
				<time>2025-08-19T00:27:25Z</time>
			</trkpt>
			<trkpt lat="49.2620974398095" lon="-123.24802777743047">
				<ele>97.2814108422026</ele>
				<time>2025-08-19T00:27:27Z</time>
			</trkpt>
			<trkpt lat="49.26207161865152" lon="-123.24803377101388">
				<ele>97.7527463817969</ele>
				<time>2025-08-19T00:27:28Z</time>
			</trkpt>
			<trkpt lat="49.262065735970424" lon="-123.24800057906873">
				<ele>97.44608571473509</ele>
				<time>2025-08-19T00:27:29Z</time>
			</trkpt>
			<trkpt lat="49.262060788867224" lon="-123.24797415881632">
				<ele>97.67817348986864</ele>
				<time>2025-08-19T00:27:30Z</time>
			</trkpt>
			<trkpt lat="49.262068130186016" lon="-123.24794441535782">
				<ele>97.73856695275754</ele>
				<time>2025-08-19T00:27:31Z</time>
			</trkpt>
			<trkpt lat="49.262082447679504" lon="-123.24792488620764">
				<ele>97.7926824670285</ele>
				<time>2025-08-19T00:27:32Z</time>
			</trkpt>
			<trkpt lat="49.262113492855015" lon="-123.24788600164334">
				<ele>98.0022547468543</ele>
				<time>2025-08-19T00:27:34Z</time>
			</trkpt>
			<trkpt lat="49.26210070425525" lon="-123.2478573064645">
				<ele>97.90774780046195</ele>
				<time>2025-08-19T00:27:35Z</time>
			</trkpt>
			<trkpt lat="49.26212644453583" lon="-123.24785624819675">
				<ele>97.94559726957232</ele>
				<time>2025-08-19T00:27:38Z</time>
			</trkpt>
			<trkpt lat="49.262149595814066" lon="-123.24781953509112">
				<ele>97.96644641086459</ele>
				<time>2025-08-19T00:27:40Z</time>
			</trkpt>
			<trkpt lat="49.2621367517697" lon="-123.24784098924388">
				<ele>97.92374053411186</ele>
				<time>2025-08-19T00:27:42Z</time>
			</trkpt>
			<trkpt lat="49.26215580780524" lon="-123.24776347363238">
				<ele>97.98870681039989</ele>
				<time>2025-08-19T00:27:44Z</time>
			</trkpt>
			<trkpt lat="49.26219461862898" lon="-123.24776451217755">
				<ele>98.15302223246545</ele>
				<time>2025-08-19T00:27:45Z</time>
			</trkpt>
			<trkpt lat="49.26222675900978" lon="-123.24774978727311">
				<ele>98.30358632747084</ele>
				<time>2025-08-19T00:27:46Z</time>
			</trkpt>
			<trkpt lat="49.26225791683516" lon="-123.24772449924123">
				<ele>98.73424520064145</ele>
				<time>2025-08-19T00:27:47Z</time>
			</trkpt>
			<trkpt lat="49.26227111696935" lon="-123.24770408387316">
				<ele>99.32491054944694</ele>
				<time>2025-08-19T00:27:48Z</time>
			</trkpt>
			<trkpt lat="49.26228861234127" lon="-123.24768631292987">
				<ele>98.8015561979264</ele>
				<time>2025-08-19T00:27:49Z</time>
			</trkpt>
			<trkpt lat="49.26231894659347" lon="-123.24769274017358">
				<ele>98.20495483931154</ele>
				<time>2025-08-19T00:27:51Z</time>
			</trkpt>
			<trkpt lat="49.26235281951858" lon="-123.2477131463318">
				<ele>98.94735846482217</ele>
				<time>2025-08-19T00:27:53Z</time>
			</trkpt>
			<trkpt lat="49.26236712802286" lon="-123.24773531105109">
				<ele>98.9169295495376</ele>
				<time>2025-08-19T00:27:54Z</time>
			</trkpt>
			<trkpt lat="49.26238420820846" lon="-123.24776099294274">
				<ele>98.17444817256182</ele>
				<time>2025-08-19T00:27:55Z</time>
			</trkpt>
			<trkpt lat="49.262400091887294" lon="-123.24782702724043">
				<ele>98.70355085283518</ele>
				<time>2025-08-19T00:27:57Z</time>
			</trkpt>
			<trkpt lat="49.262421788817406" lon="-123.24784882242216">
				<ele>98.09817042667419</ele>
				<time>2025-08-19T00:27:59Z</time>
			</trkpt>
			<trkpt lat="49.262456675987" lon="-123.24786568493026">
				<ele>98.1587503887713</ele>
				<time>2025-08-19T00:28:01Z</time>
			</trkpt>
			<trkpt lat="49.262483698672845" lon="-123.24788726718538">
				<ele>98.12140958197415</ele>
				<time>2025-08-19T00:28:03Z</time>
			</trkpt>
			<trkpt lat="49.26249830033698" lon="-123.24790646549621">
				<ele>98.17597433459014</ele>
				<time>2025-08-19T00:28:04Z</time>
			</trkpt>
			<trkpt lat="49.262521159140945" lon="-123.24793765571876">
				<ele>98.19247650541365</ele>
				<time>2025-08-19T00:28:06Z</time>
			</trkpt>
			<trkpt lat="49.26254064322475" lon="-123.24795938979518">
				<ele>97.90073355846107</ele>
				<time>2025-08-19T00:28:08Z</time>
			</trkpt>
			<trkpt lat="49.262561088625176" lon="-123.24798220491054">
				<ele>98.08279860857874</ele>
				<time>2025-08-19T00:28:10Z</time>
			</trkpt>
			<trkpt lat="49.26258118068793" lon="-123.24799302992504">
				<ele>97.64294051937759</ele>
				<time>2025-08-19T00:28:12Z</time>
			</trkpt>
			<trkpt lat="49.262607896438595" lon="-123.24800180314276">
				<ele>97.22373666707426</ele>
				<time>2025-08-19T00:28:14Z</time>
			</trkpt>
			<trkpt lat="49.26263318707167" lon="-123.24801923966822">
				<ele>96.89620351605117</ele>
				<time>2025-08-19T00:28:16Z</time>
			</trkpt>
			<trkpt lat="49.26265649008398" lon="-123.24803933937119">
				<ele>97.46251828409731</ele>
				<time>2025-08-19T00:28:18Z</time>
			</trkpt>
			<trkpt lat="49.26268225814495" lon="-123.24806267768398">
				<ele>97.33603784814477</ele>
				<time>2025-08-19T00:28:20Z</time>
			</trkpt>
			<trkpt lat="49.262706816675795" lon="-123.24808714736206">
				<ele>97.85836106073111</ele>
				<time>2025-08-19T00:28:23Z</time>
			</trkpt>
			<trkpt lat="49.26273305399083" lon="-123.24810553207762">
				<ele>96.60633322875947</ele>
				<time>2025-08-19T00:28:26Z</time>
			</trkpt>
			<trkpt lat="49.262751694118776" lon="-123.2481277322784">
				<ele>97.65493868477643</ele>
				<time>2025-08-19T00:28:28Z</time>
			</trkpt>
			<trkpt lat="49.26277580596619" lon="-123.24813457420275">
				<ele>97.21793467085809</ele>
				<time>2025-08-19T00:28:30Z</time>
			</trkpt>
			<trkpt lat="49.26280192575243" lon="-123.24815154491736">
				<ele>97.74390341993421</ele>
				<time>2025-08-19T00:28:33Z</time>
			</trkpt>
			<trkpt lat="49.26282827535936" lon="-123.24814506454939">
				<ele>97.27545399777591</ele>
				<time>2025-08-19T00:28:35Z</time>
			</trkpt>
			<trkpt lat="49.26286989297785" lon="-123.2481604672544">
				<ele>97.06644103769213</ele>
				<time>2025-08-19T00:28:36Z</time>
			</trkpt>
			<trkpt lat="49.26288561217555" lon="-123.24818464059868">
				<ele>97.29213714785874</ele>
				<time>2025-08-19T00:28:40Z</time>
			</trkpt>
			<trkpt lat="49.26290596829135" lon="-123.24820141803819">
				<ele>97.29186742100865</ele>
				<time>2025-08-19T00:28:42Z</time>
			</trkpt>
			<trkpt lat="49.26292433648768" lon="-123.24821969320836">
				<ele>97.46024298015982</ele>
				<time>2025-08-19T00:28:44Z</time>
			</trkpt>
			<trkpt lat="49.26295854986126" lon="-123.24821172046104">
				<ele>96.75502398703247</ele>
				<time>2025-08-19T00:28:47Z</time>
			</trkpt>
			<trkpt lat="49.26296912689855" lon="-123.24824394379634">
				<ele>97.23016785271466</ele>
				<time>2025-08-19T00:28:49Z</time>
			</trkpt>
			<trkpt lat="49.26299526606354" lon="-123.24825616612782">
				<ele>97.20012706145644</ele>
				<time>2025-08-19T00:28:51Z</time>
			</trkpt>
			<trkpt lat="49.26301553517436" lon="-123.24826783031052">
				<ele>96.86275500897318</ele>
				<time>2025-08-19T00:28:53Z</time>
			</trkpt>
			<trkpt lat="49.26303371625383" lon="-123.24828597367998">
				<ele>96.50901632662863</ele>
				<time>2025-08-19T00:28:55Z</time>
			</trkpt>
			<trkpt lat="49.263049870069956" lon="-123.24830132063616">
				<ele>96.87371270824224</ele>
				<time>2025-08-19T00:28:57Z</time>
			</trkpt>
			<trkpt lat="49.26306884542402" lon="-123.24831534914365">
				<ele>96.68460133485496</ele>
				<time>2025-08-19T00:28:59Z</time>
			</trkpt>
			<trkpt lat="49.26309101770186" lon="-123.24833284308458">
				<ele>97.05024951696396</ele>
				<time>2025-08-19T00:29:01Z</time>
			</trkpt>
			<trkpt lat="49.2631041634134" lon="-123.24835763409071">
				<ele>96.72752709500492</ele>
				<time>2025-08-19T00:29:04Z</time>
			</trkpt>
			<trkpt lat="49.263129286350114" lon="-123.24837638743539">
				<ele>96.64689389709383</ele>
				<time>2025-08-19T00:29:06Z</time>
			</trkpt>
			<trkpt lat="49.263149921315744" lon="-123.2483508137921">
				<ele>97.1633443525061</ele>
				<time>2025-08-19T00:29:08Z</time>
			</trkpt>
			<trkpt lat="49.263173490019746" lon="-123.24835585979372">
				<ele>97.18959071021527</ele>
				<time>2025-08-19T00:29:10Z</time>
			</trkpt>
			<trkpt lat="49.26318937878677" lon="-123.24838721452501">
				<ele>96.94654165767133</ele>
				<time>2025-08-19T00:29:12Z</time>
			</trkpt>
			<trkpt lat="49.26321350788404" lon="-123.24838114293317">
				<ele>97.05599975958467</ele>
				<time>2025-08-19T00:29:14Z</time>
			</trkpt>
			<trkpt lat="49.26322312849476" lon="-123.24840738818754">
				<ele>97.08365279063582</ele>
				<time>2025-08-19T00:29:15Z</time>
			</trkpt>
			<trkpt lat="49.263238721561336" lon="-123.24842156580875">
				<ele>96.9815034950152</ele>
				<time>2025-08-19T00:29:17Z</time>
			</trkpt>
			<trkpt lat="49.26325699067951" lon="-123.24848953630439">
				<ele>96.76879285369068</ele>
				<time>2025-08-19T00:29:19Z</time>
			</trkpt>
			<trkpt lat="49.26327738025212" lon="-123.24850243636021">
				<ele>96.57339217048138</ele>
				<time>2025-08-19T00:29:21Z</time>
			</trkpt>
			<trkpt lat="49.263288922098106" lon="-123.24853681969971">
				<ele>96.73767932783812</ele>
				<time>2025-08-19T00:29:22Z</time>
			</trkpt>
			<trkpt lat="49.263312395249876" lon="-123.24855313602819">
				<ele>96.32672768458724</ele>
				<time>2025-08-19T00:29:24Z</time>
			</trkpt>
			<trkpt lat="49.26333152075298" lon="-123.24854000875742">
				<ele>96.6937940698117</ele>
				<time>2025-08-19T00:29:26Z</time>
			</trkpt>
			<trkpt lat="49.26335933167377" lon="-123.24855085745712">
				<ele>96.20100639667362</ele>
				<time>2025-08-19T00:29:27Z</time>
			</trkpt>
			<trkpt lat="49.263380456347136" lon="-123.24854822141953">
				<ele>96.16533263493329</ele>
				<time>2025-08-19T00:29:30Z</time>
			</trkpt>
			<trkpt lat="49.263398937607704" lon="-123.24857054894446">
				<ele>96.10736117977649</ele>
				<time>2025-08-19T00:29:32Z</time>
			</trkpt>
			<trkpt lat="49.263421372394035" lon="-123.24859753641738">
				<ele>96.42368250992149</ele>
				<time>2025-08-19T00:29:35Z</time>
			</trkpt>
			<trkpt lat="49.26343682174689" lon="-123.24856443124855">
				<ele>95.70080712996423</ele>
				<time>2025-08-19T00:29:38Z</time>
			</trkpt>
			<trkpt lat="49.26345717895658" lon="-123.2485826073185">
				<ele>96.89864995796233</ele>
				<time>2025-08-19T00:29:40Z</time>
			</trkpt>
			<trkpt lat="49.26348423193992" lon="-123.24859996136486">
				<ele>96.02568027190864</ele>
				<time>2025-08-19T00:29:42Z</time>
			</trkpt>
			<trkpt lat="49.26351861313985" lon="-123.24867287276737">
				<ele>96.26981851179153</ele>
				<time>2025-08-19T00:29:44Z</time>
			</trkpt>
			<trkpt lat="49.26350967398939" lon="-123.24864180449939">
				<ele>95.84984747041017</ele>
				<time>2025-08-19T00:29:45Z</time>
			</trkpt>
			<trkpt lat="49.263516045485126" lon="-123.24868889673392">
				<ele>95.38750347401947</ele>
				<time>2025-08-19T00:29:47Z</time>
			</trkpt>
			<trkpt lat="49.26353082308276" lon="-123.24873055537874">
				<ele>95.52403936069459</ele>
				<time>2025-08-19T00:29:48Z</time>
			</trkpt>
			<trkpt lat="49.26355201665229" lon="-123.24874449519905">
				<ele>95.51001122873276</ele>
				<time>2025-08-19T00:29:50Z</time>
			</trkpt>
			<trkpt lat="49.26357958681355" lon="-123.24875701140398">
				<ele>95.37252414412796</ele>
				<time>2025-08-19T00:29:52Z</time>
			</trkpt>
			<trkpt lat="49.26360412071437" lon="-123.24874430028272">
				<ele>95.49403283465654</ele>
				<time>2025-08-19T00:29:54Z</time>
			</trkpt>
			<trkpt lat="49.26362893475759" lon="-123.24877694808902">
				<ele>94.97188572306186</ele>
				<time>2025-08-19T00:29:56Z</time>
			</trkpt>
			<trkpt lat="49.26363043048925" lon="-123.24882953688049">
				<ele>94.93715132120997</ele>
				<time>2025-08-19T00:29:58Z</time>
			</trkpt>
			<trkpt lat="49.26364907340121" lon="-123.24882089182653">
				<ele>94.84730938263237</ele>
				<time>2025-08-19T00:30:00Z</time>
			</trkpt>
			<trkpt lat="49.26367107035223" lon="-123.24885707035158">
				<ele>95.38391365669668</ele>
				<time>2025-08-19T00:30:01Z</time>
			</trkpt>
			<trkpt lat="49.263698227542584" lon="-123.24888838639421">
				<ele>95.33181230071932</ele>
				<time>2025-08-19T00:30:03Z</time>
			</trkpt>
			<trkpt lat="49.26371183467085" lon="-123.2489067461884">
				<ele>94.885173747316</ele>
				<time>2025-08-19T00:30:04Z</time>
			</trkpt>
			<trkpt lat="49.26374345438552" lon="-123.24892121119728">
				<ele>94.33019327372313</ele>
				<time>2025-08-19T00:30:07Z</time>
			</trkpt>
			<trkpt lat="49.26376605779456" lon="-123.24895987536455">
				<ele>94.45966338925064</ele>
				<time>2025-08-19T00:30:09Z</time>
			</trkpt>
			<trkpt lat="49.26378833841866" lon="-123.24895995324934">
				<ele>94.69738978799433</ele>
				<time>2025-08-19T00:30:11Z</time>
			</trkpt>
			<trkpt lat="49.26380926033927" lon="-123.2490021699389">
				<ele>93.9543332811445</ele>
				<time>2025-08-19T00:30:13Z</time>
			</trkpt>
			<trkpt lat="49.2638313147594" lon="-123.24902026727393">
				<ele>94.15250824484974</ele>
				<time>2025-08-19T00:30:15Z</time>
			</trkpt>
			<trkpt lat="49.26385279867371" lon="-123.24904059859453">
				<ele>94.1195624647662</ele>
				<time>2025-08-19T00:30:16Z</time>
			</trkpt>
			<trkpt lat="49.26388003845342" lon="-123.24903941177986">
				<ele>94.3058026349172</ele>
				<time>2025-08-19T00:30:18Z</time>
			</trkpt>
			<trkpt lat="49.263895623946226" lon="-123.24905826287542">
				<ele>94.22804549988359</ele>
				<time>2025-08-19T00:30:20Z</time>
			</trkpt>
			<trkpt lat="49.2639191213737" lon="-123.2490499478741">
				<ele>94.49646551068872</ele>
				<time>2025-08-19T00:30:22Z</time>
			</trkpt>
			<trkpt lat="49.26393709279416" lon="-123.2490605844198">
				<ele>94.3663034895435</ele>
				<time>2025-08-19T00:30:24Z</time>
			</trkpt>
			<trkpt lat="49.26396642929388" lon="-123.24907256918272">
				<ele>94.17855011671782</ele>
				<time>2025-08-19T00:30:26Z</time>
			</trkpt>
			<trkpt lat="49.263994109100544" lon="-123.24910415331249">
				<ele>94.13937546126544</ele>
				<time>2025-08-19T00:30:28Z</time>
			</trkpt>
			<trkpt lat="49.26400909434577" lon="-123.24912421256025">
				<ele>93.7602523509413</ele>
				<time>2025-08-19T00:30:30Z</time>
			</trkpt>
			<trkpt lat="49.26402676857009" lon="-123.24914139150896">
				<ele>93.62401037104428</ele>
				<time>2025-08-19T00:30:32Z</time>
			</trkpt>
			<trkpt lat="49.2640494275006" lon="-123.24916061153452">
				<ele>94.07000865787268</ele>
				<time>2025-08-19T00:30:34Z</time>
			</trkpt>
			<trkpt lat="49.264073548395196" lon="-123.24919377979164">
				<ele>93.85490188747644</ele>
				<time>2025-08-19T00:30:36Z</time>
			</trkpt>
			<trkpt lat="49.2641024474086" lon="-123.24920112176271">
				<ele>93.48134162649512</ele>
				<time>2025-08-19T00:30:39Z</time>
			</trkpt>
			<trkpt lat="49.26412932129187" lon="-123.24921622325782">
				<ele>93.30112801026553</ele>
				<time>2025-08-19T00:30:41Z</time>
			</trkpt>
			<trkpt lat="49.26415084893535" lon="-123.24923548437226">
				<ele>93.01860215887427</ele>
				<time>2025-08-19T00:30:43Z</time>
			</trkpt>
			<trkpt lat="49.264170533818636" lon="-123.24927514863363">
				<ele>92.7386994222179</ele>
				<time>2025-08-19T00:30:45Z</time>
			</trkpt>
			<trkpt lat="49.26418462417605" lon="-123.24931495936812">
				<ele>92.88041130732745</ele>
				<time>2025-08-19T00:30:47Z</time>
			</trkpt>
			<trkpt lat="49.26420256421556" lon="-123.24934511446875">
				<ele>92.70640978217125</ele>
				<time>2025-08-19T00:30:49Z</time>
			</trkpt>
			<trkpt lat="49.264216993056976" lon="-123.24936764982901">
				<ele>92.71205108240247</ele>
				<time>2025-08-19T00:30:51Z</time>
			</trkpt>
			<trkpt lat="49.26423460195696" lon="-123.24939355582146">
				<ele>92.69002335239202</ele>
				<time>2025-08-19T00:30:53Z</time>
			</trkpt>
			<trkpt lat="49.26424288051377" lon="-123.24942132696819">
				<ele>92.58225738815963</ele>
				<time>2025-08-19T00:31:01Z</time>
			</trkpt>
			<trkpt lat="49.26426011793743" lon="-123.24940291640196">
				<ele>92.63624172937125</ele>
				<time>2025-08-19T00:31:10Z</time>
			</trkpt>
			<trkpt lat="49.26424032530076" lon="-123.24939287275897">
				<ele>92.51057423651218</ele>
				<time>2025-08-19T00:31:15Z</time>
			</trkpt>
			<trkpt lat="49.26423500346908" lon="-123.24940018143101">
				<ele>92.9158108625561</ele>
				<time>2025-08-19T00:31:29Z</time>
			</trkpt>
			<trkpt lat="49.264243507476465" lon="-123.24943127661273">
				<ele>92.81267051864415</ele>
				<time>2025-08-19T00:31:52Z</time>
			</trkpt>
			<trkpt lat="49.26424358702315" lon="-123.24939781208744">
				<ele>92.8247935269028</ele>
				<time>2025-08-19T00:31:55Z</time>
			</trkpt>
			<trkpt lat="49.26424067216652" lon="-123.24939176074889">
				<ele>92.99012041836977</ele>
				<time>2025-08-19T00:32:06Z</time>
			</trkpt>
			<trkpt lat="49.264242210602085" lon="-123.24935951027985">
				<ele>92.82417568843812</ele>
				<time>2025-08-19T00:32:08Z</time>
			</trkpt>
			<trkpt lat="49.264253205995686" lon="-123.24938876254434">
				<ele>92.70893178973347</ele>
				<time>2025-08-19T00:32:09Z</time>
			</trkpt>
			<trkpt lat="49.26427685186728" lon="-123.24941647060075">
				<ele>92.54304970707744</ele>
				<time>2025-08-19T00:32:13Z</time>
			</trkpt>
			<trkpt lat="49.26430021301588" lon="-123.24944872794596">
				<ele>92.56804356072098</ele>
				<time>2025-08-19T00:32:15Z</time>
			</trkpt>
			<trkpt lat="49.26432184139474" lon="-123.24948392234259">
				<ele>92.22043026611209</ele>
				<time>2025-08-19T00:32:16Z</time>
			</trkpt>
			<trkpt lat="49.26433053971557" lon="-123.24951078274432">
				<ele>91.8125133914873</ele>
				<time>2025-08-19T00:32:20Z</time>
			</trkpt>
			<trkpt lat="49.2643460914769" lon="-123.24953705462231">
				<ele>92.60878251306713</ele>
				<time>2025-08-19T00:32:23Z</time>
			</trkpt>
			<trkpt lat="49.26436754904422" lon="-123.2495574338275">
				<ele>92.05328471586108</ele>
				<time>2025-08-19T00:32:25Z</time>
			</trkpt>
			<trkpt lat="49.26439322087705" lon="-123.24957849159387">
				<ele>91.71098820120096</ele>
				<time>2025-08-19T00:32:28Z</time>
			</trkpt>
			<trkpt lat="49.26441609699974" lon="-123.24959091438163">
				<ele>92.17304955609143</ele>
				<time>2025-08-19T00:32:30Z</time>
			</trkpt>
			<trkpt lat="49.264435507299936" lon="-123.24960423381715">
				<ele>91.37422117870301</ele>
				<time>2025-08-19T00:32:33Z</time>
			</trkpt>
			<trkpt lat="49.26445718904459" lon="-123.24962033300211">
				<ele>92.0909431790933</ele>
				<time>2025-08-19T00:32:36Z</time>
			</trkpt>
			<trkpt lat="49.26447910620292" lon="-123.24963871814819">
				<ele>91.77397305890918</ele>
				<time>2025-08-19T00:32:39Z</time>
			</trkpt>
			<trkpt lat="49.26450438791998" lon="-123.24964912080587">
				<ele>91.9245438920334</ele>
				<time>2025-08-19T00:32:42Z</time>
			</trkpt>
			<trkpt lat="49.26452321755623" lon="-123.24965998676387">
				<ele>91.96684646420181</ele>
				<time>2025-08-19T00:32:45Z</time>
			</trkpt>
			<trkpt lat="49.26453809263072" lon="-123.2496782071639">
				<ele>91.84732879046351</ele>
				<time>2025-08-19T00:32:47Z</time>
			</trkpt>
			<trkpt lat="49.26455139352302" lon="-123.24969835644356">
				<ele>91.66922042798251</ele>
				<time>2025-08-19T00:32:49Z</time>
			</trkpt>
			<trkpt lat="49.26456727677564" lon="-123.24971690176908">
				<ele>91.71474422235042</ele>
				<time>2025-08-19T00:32:51Z</time>
			</trkpt>
			<trkpt lat="49.264597092379624" lon="-123.24971965028685">
				<ele>91.07333168201149</ele>
				<time>2025-08-19T00:32:54Z</time>
			</trkpt>
			<trkpt lat="49.26461409927554" lon="-123.24973855701734">
				<ele>91.03847367875278</ele>
				<time>2025-08-19T00:32:56Z</time>
			</trkpt>
			<trkpt lat="49.26463335532063" lon="-123.24974922352256">
				<ele>91.01731601916254</ele>
				<time>2025-08-19T00:32:58Z</time>
			</trkpt>
			<trkpt lat="49.26465318563936" lon="-123.2497651734887">
				<ele>91.26337596494704</ele>
				<time>2025-08-19T00:33:00Z</time>
			</trkpt>
			<trkpt lat="49.264669058598706" lon="-123.24978291366746">
				<ele>91.62865562364459</ele>
				<time>2025-08-19T00:33:02Z</time>
			</trkpt>
			<trkpt lat="49.26469049294635" lon="-123.24978927296148">
				<ele>91.32466689776629</ele>
				<time>2025-08-19T00:33:04Z</time>
			</trkpt>
			<trkpt lat="49.26470913809604" lon="-123.24978300246443">
				<ele>90.98001561407</ele>
				<time>2025-08-19T00:33:06Z</time>
			</trkpt>
			<trkpt lat="49.26473046983798" lon="-123.24979863505227">
				<ele>91.24478432442993</ele>
				<time>2025-08-19T00:33:09Z</time>
			</trkpt>
			<trkpt lat="49.264748730702166" lon="-123.24981957524633">
				<ele>91.36407515499741</ele>
				<time>2025-08-19T00:33:11Z</time>
			</trkpt>
			<trkpt lat="49.26476964939577" lon="-123.2498592036417">
				<ele>90.8551100762561</ele>
				<time>2025-08-19T00:33:13Z</time>
			</trkpt>
			<trkpt lat="49.26479033086361" lon="-123.24987694433132">
				<ele>91.23689893633127</ele>
				<time>2025-08-19T00:33:15Z</time>
			</trkpt>
			<trkpt lat="49.26479793669545" lon="-123.24990709301979">
				<ele>91.17821445781738</ele>
				<time>2025-08-19T00:33:16Z</time>
			</trkpt>
			<trkpt lat="49.26482107137034" lon="-123.24992273202167">
				<ele>91.10018146317452</ele>
				<time>2025-08-19T00:33:18Z</time>
			</trkpt>
			<trkpt lat="49.26483802941092" lon="-123.24991027182332">
				<ele>91.0572097953409</ele>
				<time>2025-08-19T00:33:19Z</time>
			</trkpt>
			<trkpt lat="49.264867338929974" lon="-123.24995320840738">
				<ele>91.03562930505723</ele>
				<time>2025-08-19T00:33:21Z</time>
			</trkpt>
			<trkpt lat="49.26489001279513" lon="-123.24996508986658">
				<ele>90.79734974075109</ele>
				<time>2025-08-19T00:33:24Z</time>
			</trkpt>
			<trkpt lat="49.26492206596862" lon="-123.2500187906266">
				<ele>91.20058633573353</ele>
				<time>2025-08-19T00:33:25Z</time>
			</trkpt>
			<trkpt lat="49.26490318775004" lon="-123.25000671745198">
				<ele>90.4859825456515</ele>
				<time>2025-08-19T00:33:26Z</time>
			</trkpt>
			<trkpt lat="49.264913504536274" lon="-123.25003327953127">
				<ele>90.90869793854654</ele>
				<time>2025-08-19T00:33:27Z</time>
			</trkpt>
			<trkpt lat="49.26492606656273" lon="-123.25006684768157">
				<ele>90.85330460779369</ele>
				<time>2025-08-19T00:33:29Z</time>
			</trkpt>
			<trkpt lat="49.26495461268556" lon="-123.25007697792282">
				<ele>91.03829182032496</ele>
				<time>2025-08-19T00:33:30Z</time>
			</trkpt>
			<trkpt lat="49.264979317180284" lon="-123.25008792699823">
				<ele>90.64000670798123</ele>
				<time>2025-08-19T00:33:33Z</time>
			</trkpt>
			<trkpt lat="49.265002502109844" lon="-123.25008727858769">
				<ele>90.25593130569905</ele>
				<time>2025-08-19T00:33:36Z</time>
			</trkpt>
			<trkpt lat="49.26501665648457" lon="-123.25010628522347">
				<ele>90.09424692951143</ele>
				<time>2025-08-19T00:33:37Z</time>
			</trkpt>
			<trkpt lat="49.26504247251081" lon="-123.2501176634609">
				<ele>89.96210052631795</ele>
				<time>2025-08-19T00:33:39Z</time>
			</trkpt>
			<trkpt lat="49.2650601723797" lon="-123.25013519115612">
				<ele>89.6291251629591</ele>
				<time>2025-08-19T00:33:41Z</time>
			</trkpt>
			<trkpt lat="49.26507725217938" lon="-123.25014647313414">
				<ele>90.44548420794308</ele>
				<time>2025-08-19T00:33:43Z</time>
			</trkpt>
			<trkpt lat="49.26510215502807" lon="-123.25016076951589">
				<ele>89.89600281883031</ele>
				<time>2025-08-19T00:33:45Z</time>
			</trkpt>
			<trkpt lat="49.26511515512069" lon="-123.25018699941891">
				<ele>89.76621732581407</ele>
				<time>2025-08-19T00:33:47Z</time>
			</trkpt>
			<trkpt lat="49.26512887416132" lon="-123.25021716051863">
				<ele>90.048260464333</ele>
				<time>2025-08-19T00:33:49Z</time>
			</trkpt>
			<trkpt lat="49.26514807425828" lon="-123.25023711834372">
				<ele>89.88878612965345</ele>
				<time>2025-08-19T00:33:51Z</time>
			</trkpt>
			<trkpt lat="49.26516816625602" lon="-123.25025614884956">
				<ele>90.49186713900417</ele>
				<time>2025-08-19T00:33:53Z</time>
			</trkpt>
			<trkpt lat="49.26519436813797" lon="-123.25027103010369">
				<ele>90.56392425857484</ele>
				<time>2025-08-19T00:33:55Z</time>
			</trkpt>
			<trkpt lat="49.26521531015403" lon="-123.2502867443562">
				<ele>90.16938551608473</ele>
				<time>2025-08-19T00:33:57Z</time>
			</trkpt>
			<trkpt lat="49.265237352686775" lon="-123.25031467311408">
				<ele>89.9780783187598</ele>
				<time>2025-08-19T00:34:00Z</time>
			</trkpt>
			<trkpt lat="49.26525925490719" lon="-123.25033507638432">
				<ele>89.65923237707466</ele>
				<time>2025-08-19T00:34:02Z</time>
			</trkpt>
			<trkpt lat="49.26527671263731" lon="-123.25034857370932">
				<ele>89.73723805136979</ele>
				<time>2025-08-19T00:34:04Z</time>
			</trkpt>
			<trkpt lat="49.26530214800485" lon="-123.25035913039433">
				<ele>89.91884928103536</ele>
				<time>2025-08-19T00:34:06Z</time>
			</trkpt>
			<trkpt lat="49.26532038355007" lon="-123.25037304872467">
				<ele>89.17802501097322</ele>
				<time>2025-08-19T00:34:08Z</time>
			</trkpt>
			<trkpt lat="49.26533383577094" lon="-123.25039311993189">
				<ele>89.76615778822452</ele>
				<time>2025-08-19T00:34:10Z</time>
			</trkpt>
			<trkpt lat="49.265342343596494" lon="-123.25042576203255">
				<ele>89.46090860012919</ele>
				<time>2025-08-19T00:34:12Z</time>
			</trkpt>
			<trkpt lat="49.265360804952834" lon="-123.25045079566966">
				<ele>89.58849288057536</ele>
				<time>2025-08-19T00:34:14Z</time>
			</trkpt>
			<trkpt lat="49.265376550445296" lon="-123.25047977897873">
				<ele>88.96381996851414</ele>
				<time>2025-08-19T00:34:16Z</time>
			</trkpt>
			<trkpt lat="49.26539602221851" lon="-123.25049889472594">
				<ele>89.72978242114186</ele>
				<time>2025-08-19T00:34:18Z</time>
			</trkpt>
			<trkpt lat="49.26541698314751" lon="-123.25050145360116">
				<ele>90.06514914985746</ele>
				<time>2025-08-19T00:34:20Z</time>
			</trkpt>
			<trkpt lat="49.265436626101526" lon="-123.250514182788">
				<ele>89.52276204992086</ele>
				<time>2025-08-19T00:34:22Z</time>
			</trkpt>
			<trkpt lat="49.26546016259367" lon="-123.25054039564705">
				<ele>89.42917676083744</ele>
				<time>2025-08-19T00:34:24Z</time>
			</trkpt>
			<trkpt lat="49.26547620535632" lon="-123.25057037970495">
				<ele>89.34432329703122</ele>
				<time>2025-08-19T00:34:26Z</time>
			</trkpt>
			<trkpt lat="49.26548801246699" lon="-123.2505966601753">
				<ele>89.57032479718328</ele>
				<time>2025-08-19T00:34:28Z</time>
			</trkpt>
			<trkpt lat="49.2655048249172" lon="-123.25062431390552">
				<ele>89.58342344034463</ele>
				<time>2025-08-19T00:34:30Z</time>
			</trkpt>
			<trkpt lat="49.26551896239022" lon="-123.25064456893112">
				<ele>89.44377978239208</ele>
				<time>2025-08-19T00:34:32Z</time>
			</trkpt>
			<trkpt lat="49.2654979832205" lon="-123.25064083478706">
				<ele>89.07568582054228</ele>
				<time>2025-08-19T00:34:36Z</time>
			</trkpt>
			<trkpt lat="49.265572330678204" lon="-123.25062671350625">
				<ele>89.43623935151845</ele>
				<time>2025-08-19T00:34:37Z</time>
			</trkpt>
			<trkpt lat="49.26553411397978" lon="-123.2506327306216">
				<ele>89.82253884710371</ele>
				<time>2025-08-19T00:34:38Z</time>
			</trkpt>
			<trkpt lat="49.26550022419499" lon="-123.25062074654682">
				<ele>90.07115057948977</ele>
				<time>2025-08-19T00:34:58Z</time>
			</trkpt>
			<trkpt lat="49.26551669048259" lon="-123.25064449232943">
				<ele>89.38951952196658</ele>
				<time>2025-08-19T00:35:00Z</time>
			</trkpt>
			<trkpt lat="49.265531212616075" lon="-123.25067820040515">
				<ele>88.99363105930388</ele>
				<time>2025-08-19T00:35:01Z</time>
			</trkpt>
			<trkpt lat="49.265508160637204" lon="-123.25065530676902">
				<ele>89.33657002542168</ele>
				<time>2025-08-19T00:35:04Z</time>
			</trkpt>
			<trkpt lat="49.26547545802279" lon="-123.25066261122535">
				<ele>89.72200909536332</ele>
				<time>2025-08-19T00:35:10Z</time>
			</trkpt>
			<trkpt lat="49.26545135690762" lon="-123.25064788440555">
				<ele>90.29121189378202</ele>
				<time>2025-08-19T00:35:15Z</time>
			</trkpt>
			<trkpt lat="49.26543177948985" lon="-123.25064461136319">
				<ele>89.85893118474633</ele>
				<time>2025-08-19T00:35:20Z</time>
			</trkpt>
			<trkpt lat="49.26540765005214" lon="-123.25061898217902">
				<ele>89.68102568108588</ele>
				<time>2025-08-19T00:35:38Z</time>
			</trkpt>
			<trkpt lat="49.26542716479512" lon="-123.25063479825668">
				<ele>89.64249333366752</ele>
				<time>2025-08-19T00:35:42Z</time>
			</trkpt>
			<trkpt lat="49.26541120433124" lon="-123.25061619556494">
				<ele>89.96711610723287</ele>
				<time>2025-08-19T00:35:43Z</time>
			</trkpt>
			<trkpt lat="49.265426367952216" lon="-123.25064733681337">
				<ele>90.26581053715199</ele>
				<time>2025-08-19T00:35:46Z</time>
			</trkpt>
			<trkpt lat="49.265449215790326" lon="-123.2506574548441">
				<ele>90.54940309841186</ele>
				<time>2025-08-19T00:35:49Z</time>
			</trkpt>
			<trkpt lat="49.26544331986333" lon="-123.25065464339463">
				<ele>90.40320539474487</ele>
				<time>2025-08-19T00:35:58Z</time>
			</trkpt>
			<trkpt lat="49.26546283572415" lon="-123.25065705087457">
				<ele>90.32105821650475</ele>
				<time>2025-08-19T00:36:44Z</time>
			</trkpt>
			<trkpt lat="49.26551154827561" lon="-123.25065863987982">
				<ele>90.0515376161784</ele>
				<time>2025-08-19T00:36:45Z</time>
			</trkpt>
			<trkpt lat="49.26551289351316" lon="-123.25066058940618">
				<ele>89.83264213521034</ele>
				<time>2025-08-19T00:36:50Z</time>
			</trkpt>
			<trkpt lat="49.265495296268085" lon="-123.25062226357718">
				<ele>89.82395230792463</ele>
				<time>2025-08-19T00:36:54Z</time>
			</trkpt>
			<trkpt lat="49.26551507800597" lon="-123.25065145931245">
				<ele>89.65120357181877</ele>
				<time>2025-08-19T00:37:04Z</time>
			</trkpt>
			<trkpt lat="49.265511021369186" lon="-123.25058064807499">
				<ele>89.96820522006601</ele>
				<time>2025-08-19T00:37:07Z</time>
			</trkpt>
			<trkpt lat="49.26551137886442" lon="-123.25060999263482">
				<ele>89.65659189689904</ele>
				<time>2025-08-19T00:37:10Z</time>
			</trkpt>
			<trkpt lat="49.265531585472814" lon="-123.25062373448726">
				<ele>89.64940563868731</ele>
				<time>2025-08-19T00:37:16Z</time>
			</trkpt>
			<trkpt lat="49.26555107431696" lon="-123.25063090488197">
				<ele>90.04569069296122</ele>
				<time>2025-08-19T00:37:19Z</time>
			</trkpt>
			<trkpt lat="49.26557466998086" lon="-123.25064131511616">
				<ele>89.44314871355891</ele>
				<time>2025-08-19T00:37:20Z</time>
			</trkpt>
			<trkpt lat="49.26559224854402" lon="-123.25064787188126">
				<ele>89.66105909831822</ele>
				<time>2025-08-19T00:37:22Z</time>
			</trkpt>
			<trkpt lat="49.26561237086638" lon="-123.25066294326773">
				<ele>89.89187551476061</ele>
				<time>2025-08-19T00:37:24Z</time>
			</trkpt>
			<trkpt lat="49.26562837006776" lon="-123.25069313728417">
				<ele>89.81089643388987</ele>
				<time>2025-08-19T00:37:26Z</time>
			</trkpt>
			<trkpt lat="49.26564990061248" lon="-123.2507434261381">
				<ele>88.72247182391584</ele>
				<time>2025-08-19T00:37:28Z</time>
			</trkpt>
			<trkpt lat="49.26562730618484" lon="-123.25077451748312">
				<ele>89.20120751019567</ele>
				<time>2025-08-19T00:37:30Z</time>
			</trkpt>
			<trkpt lat="49.26561746601139" lon="-123.25081712534146">
				<ele>89.70605830382556</ele>
				<time>2025-08-19T00:37:32Z</time>
			</trkpt>
			<trkpt lat="49.26561517655163" lon="-123.25084584979668">
				<ele>89.44811992160976</ele>
				<time>2025-08-19T00:37:33Z</time>
			</trkpt>
			<trkpt lat="49.26560051755709" lon="-123.2508656675879">
				<ele>90.3843117179349</ele>
				<time>2025-08-19T00:37:35Z</time>
			</trkpt>
			<trkpt lat="49.26558604461073" lon="-123.25089566339136">
				<ele>90.36715520732105</ele>
				<time>2025-08-19T00:37:37Z</time>
			</trkpt>
			<trkpt lat="49.265575354803225" lon="-123.25093385977148">
				<ele>90.07711394317448</ele>
				<time>2025-08-19T00:37:39Z</time>
			</trkpt>
			<trkpt lat="49.26556912794163" lon="-123.25096142631358">
				<ele>90.29986677505076</ele>
				<time>2025-08-19T00:37:40Z</time>
			</trkpt>
			<trkpt lat="49.26556750617457" lon="-123.25101576872522">
				<ele>90.54348980262876</ele>
				<time>2025-08-19T00:37:43Z</time>
			</trkpt>
			<trkpt lat="49.26556399913613" lon="-123.25104554684567">
				<ele>90.69236077181995</ele>
				<time>2025-08-19T00:37:45Z</time>
			</trkpt>
			<trkpt lat="49.26554317477279" lon="-123.2510789922138">
				<ele>90.2244802750647</ele>
				<time>2025-08-19T00:37:47Z</time>
			</trkpt>
			<trkpt lat="49.265526594290044" lon="-123.25110183497647">
				<ele>91.42734792362899</ele>
				<time>2025-08-19T00:37:49Z</time>
			</trkpt>
			<trkpt lat="49.26551132375425" lon="-123.25112838541506">
				<ele>91.11045536585152</ele>
				<time>2025-08-19T00:37:52Z</time>
			</trkpt>
			<trkpt lat="49.265484533105536" lon="-123.25118856197636">
				<ele>91.17052137386054</ele>
				<time>2025-08-19T00:37:56Z</time>
			</trkpt>
			<trkpt lat="49.265490420858484" lon="-123.25123907799097">
				<ele>91.70102466177195</ele>
				<time>2025-08-19T00:37:57Z</time>
			</trkpt>
			<trkpt lat="49.26549028198929" lon="-123.25126735840583">
				<ele>90.97420854028314</ele>
				<time>2025-08-19T00:37:58Z</time>
			</trkpt>
			<trkpt lat="49.26547955874637" lon="-123.25129501724636">
				<ele>92.10792120546103</ele>
				<time>2025-08-19T00:38:01Z</time>
			</trkpt>
			<trkpt lat="49.26546607642292" lon="-123.25131339317306">
				<ele>91.84375273250043</ele>
				<time>2025-08-19T00:38:02Z</time>
			</trkpt>
			<trkpt lat="49.26545726614377" lon="-123.25134144749207">
				<ele>91.63505675923079</ele>
				<time>2025-08-19T00:38:04Z</time>
			</trkpt>
			<trkpt lat="49.265452649893895" lon="-123.25138059697719">
				<ele>91.85177609417588</ele>
				<time>2025-08-19T00:38:05Z</time>
			</trkpt>
			<trkpt lat="49.26544478614893" lon="-123.25141672937956">
				<ele>92.12997176125646</ele>
				<time>2025-08-19T00:38:06Z</time>
			</trkpt>
			<trkpt lat="49.2654246729517" lon="-123.25142731074153">
				<ele>92.20436711516231</ele>
				<time>2025-08-19T00:38:08Z</time>
			</trkpt>
			<trkpt lat="49.26540901187524" lon="-123.25146260642084">
				<ele>92.07171449065208</ele>
				<time>2025-08-19T00:38:11Z</time>
			</trkpt>
			<trkpt lat="49.26541011307523" lon="-123.25151438833089">
				<ele>92.30698987375945</ele>
				<time>2025-08-19T00:38:14Z</time>
			</trkpt>
			<trkpt lat="49.26538760578572" lon="-123.25151842349925">
				<ele>92.23952706065029</ele>
				<time>2025-08-19T00:38:15Z</time>
			</trkpt>
			<trkpt lat="49.26537906372709" lon="-123.25154359246605">
				<ele>92.5616568569094</ele>
				<time>2025-08-19T00:38:17Z</time>
			</trkpt>
			<trkpt lat="49.26537502717449" lon="-123.25158760909054">
				<ele>93.3095285370946</ele>
				<time>2025-08-19T00:38:19Z</time>
			</trkpt>
			<trkpt lat="49.26537201608562" lon="-123.25162518562898">
				<ele>92.27849575690925</ele>
				<time>2025-08-19T00:38:21Z</time>
			</trkpt>
			<trkpt lat="49.26536135271409" lon="-123.25165807173872">
				<ele>93.33766921702772</ele>
				<time>2025-08-19T00:38:23Z</time>
			</trkpt>
			<trkpt lat="49.26535717890845" lon="-123.25169685433298">
				<ele>92.8889355910942</ele>
				<time>2025-08-19T00:38:25Z</time>
			</trkpt>
			<trkpt lat="49.26534440578139" lon="-123.25172829297556">
				<ele>93.33344806171954</ele>
				<time>2025-08-19T00:38:27Z</time>
			</trkpt>
			<trkpt lat="49.265332674622734" lon="-123.2517579464532">
				<ele>93.65428879205137</ele>
				<time>2025-08-19T00:38:28Z</time>
			</trkpt>
			<trkpt lat="49.26530334379113" lon="-123.25179526456995">
				<ele>93.89650358445942</ele>
				<time>2025-08-19T00:38:30Z</time>
			</trkpt>
			<trkpt lat="49.26529669632527" lon="-123.2518249292993">
				<ele>93.16984810680151</ele>
				<time>2025-08-19T00:38:33Z</time>
			</trkpt>
			<trkpt lat="49.26529388958892" lon="-123.25186992301488">
				<ele>93.17986189201474</ele>
				<time>2025-08-19T00:38:35Z</time>
			</trkpt>
			<trkpt lat="49.26529465319993" lon="-123.25189959389647">
				<ele>93.46619111299515</ele>
				<time>2025-08-19T00:38:37Z</time>
			</trkpt>
			<trkpt lat="49.265297013688084" lon="-123.25193376745604">
				<ele>93.82695059850812</ele>
				<time>2025-08-19T00:38:38Z</time>
			</trkpt>
			<trkpt lat="49.26527579748056" lon="-123.25193926911368">
				<ele>94.05944339185953</ele>
				<time>2025-08-19T00:38:39Z</time>
			</trkpt>
			<trkpt lat="49.26525744363339" lon="-123.25198420489268">
				<ele>94.23208963032812</ele>
				<time>2025-08-19T00:38:42Z</time>
			</trkpt>
			<trkpt lat="49.265253066514944" lon="-123.2520114763226">
				<ele>93.8898734934628</ele>
				<time>2025-08-19T00:38:43Z</time>
			</trkpt>
			<trkpt lat="49.26529344340757" lon="-123.25199875095709">
				<ele>93.70055709872395</ele>
				<time>2025-08-19T00:38:44Z</time>
			</trkpt>
			<trkpt lat="49.26531419210063" lon="-123.25208132398087">
				<ele>94.49153613857925</ele>
				<time>2025-08-19T00:38:45Z</time>
			</trkpt>
			<trkpt lat="49.26528350045451" lon="-123.25209698985364">
				<ele>94.62852655071765</ele>
				<time>2025-08-19T00:38:46Z</time>
			</trkpt>
			<trkpt lat="49.265261931012546" lon="-123.25211615174295">
				<ele>94.20342940930277</ele>
				<time>2025-08-19T00:38:47Z</time>
			</trkpt>
			<trkpt lat="49.265243991410294" lon="-123.25212556277604">
				<ele>94.36834558658302</ele>
				<time>2025-08-19T00:38:48Z</time>
			</trkpt>
			<trkpt lat="49.265227659855" lon="-123.25213878007754">
				<ele>94.1624779291451</ele>
				<time>2025-08-19T00:38:49Z</time>
			</trkpt>
			<trkpt lat="49.26522089771651" lon="-123.25217666079537">
				<ele>94.54284014739096</ele>
				<time>2025-08-19T00:38:50Z</time>
			</trkpt>
			<trkpt lat="49.26520362072543" lon="-123.25219114119757">
				<ele>94.386698407121</ele>
				<time>2025-08-19T00:38:53Z</time>
			</trkpt>
			<trkpt lat="49.265186853340865" lon="-123.25221019877243">
				<ele>94.68613129481673</ele>
				<time>2025-08-19T00:38:54Z</time>
			</trkpt>
			<trkpt lat="49.2651715177505" lon="-123.25223143271165">
				<ele>93.79522323794663</ele>
				<time>2025-08-19T00:38:59Z</time>
			</trkpt>
			<trkpt lat="49.265160002197376" lon="-123.25225707150061">
				<ele>94.49390841275454</ele>
				<time>2025-08-19T00:39:01Z</time>
			</trkpt>
			<trkpt lat="49.26515135766515" lon="-123.25228725540768">
				<ele>94.12901077605784</ele>
				<time>2025-08-19T00:39:03Z</time>
			</trkpt>
			<trkpt lat="49.26514148228526" lon="-123.25232529908023">
				<ele>94.60602537170053</ele>
				<time>2025-08-19T00:39:05Z</time>
			</trkpt>
			<trkpt lat="49.2651301622475" lon="-123.25234794434489">
				<ele>94.14885979983956</ele>
				<time>2025-08-19T00:39:08Z</time>
			</trkpt>
			<trkpt lat="49.26512346276274" lon="-123.25237673912389">
				<ele>94.16984171234071</ele>
				<time>2025-08-19T00:39:10Z</time>
			</trkpt>
			<trkpt lat="49.26509918051859" lon="-123.25238202971154">
				<ele>94.26350920274854</ele>
				<time>2025-08-19T00:39:12Z</time>
			</trkpt>
			<trkpt lat="49.26507755977839" lon="-123.25241197968141">
				<ele>93.57665279414505</ele>
				<time>2025-08-19T00:39:14Z</time>
			</trkpt>
			<trkpt lat="49.26506709925162" lon="-123.25244872965175">
				<ele>94.0429253987968</ele>
				<time>2025-08-19T00:39:16Z</time>
			</trkpt>
			<trkpt lat="49.26503439811129" lon="-123.25247172104037">
				<ele>93.31452318932861</ele>
				<time>2025-08-19T00:39:18Z</time>
			</trkpt>
			<trkpt lat="49.265011284066766" lon="-123.25250085357915">
				<ele>94.09296390414238</ele>
				<time>2025-08-19T00:39:21Z</time>
			</trkpt>
			<trkpt lat="49.26499214044891" lon="-123.25253376271051">
				<ele>94.61295719910413</ele>
				<time>2025-08-19T00:39:23Z</time>
			</trkpt>
			<trkpt lat="49.26499256066" lon="-123.25256232524104">
				<ele>93.45295939967036</ele>
				<time>2025-08-19T00:39:24Z</time>
			</trkpt>
			<trkpt lat="49.26499288581126" lon="-123.25259280719945">
				<ele>94.0000493824482</ele>
				<time>2025-08-19T00:39:26Z</time>
			</trkpt>
			<trkpt lat="49.26496665658963" lon="-123.25263749986235">
				<ele>93.72156498488039</ele>
				<time>2025-08-19T00:39:29Z</time>
			</trkpt>
			<trkpt lat="49.26494434204837" lon="-123.25265213809442">
				<ele>93.97681818250567</ele>
				<time>2025-08-19T00:39:32Z</time>
			</trkpt>
			<trkpt lat="49.26492318192377" lon="-123.25268439819223">
				<ele>93.8031730055809</ele>
				<time>2025-08-19T00:39:33Z</time>
			</trkpt>
			<trkpt lat="49.26489501091469" lon="-123.252695738658">
				<ele>93.86346708610654</ele>
				<time>2025-08-19T00:39:36Z</time>
			</trkpt>
			<trkpt lat="49.264877682731935" lon="-123.25270593138102">
				<ele>93.93760945927352</ele>
				<time>2025-08-19T00:39:38Z</time>
			</trkpt>
			<trkpt lat="49.26489655301121" lon="-123.25271459775186">
				<ele>93.98406612873077</ele>
				<time>2025-08-19T00:39:43Z</time>
			</trkpt>
			<trkpt lat="49.26489058050786" lon="-123.25272292475273">
				<ele>94.30997387040406</ele>
				<time>2025-08-19T00:39:51Z</time>
			</trkpt>
			<trkpt lat="49.264887896817044" lon="-123.25277944714479">
				<ele>94.67412813287228</ele>
				<time>2025-08-19T00:39:57Z</time>
			</trkpt>
			<trkpt lat="49.26485823620845" lon="-123.25276641753166">
				<ele>94.38201978616416</ele>
				<time>2025-08-19T00:40:00Z</time>
			</trkpt>
			<trkpt lat="49.2648551997956" lon="-123.25272917536428">
				<ele>94.18713511805981</ele>
				<time>2025-08-19T00:40:04Z</time>
			</trkpt>
			<trkpt lat="49.264887214314186" lon="-123.25274022667936">
				<ele>94.18759528454393</ele>
				<time>2025-08-19T00:40:05Z</time>
			</trkpt>
			<trkpt lat="49.264912139610736" lon="-123.25272430919568">
				<ele>93.99371556472033</ele>
				<time>2025-08-19T00:40:06Z</time>
			</trkpt>
			<trkpt lat="49.264962201050736" lon="-123.25273283719487">
				<ele>94.21254592202604</ele>
				<time>2025-08-19T00:40:11Z</time>
			</trkpt>
			<trkpt lat="49.26497982660982" lon="-123.25271830563925">
				<ele>93.9823370333761</ele>
				<time>2025-08-19T00:40:12Z</time>
			</trkpt>
			<trkpt lat="49.26497763126124" lon="-123.25275810108519">
				<ele>94.02215026691556</ele>
				<time>2025-08-19T00:40:14Z</time>
			</trkpt>
			<trkpt lat="49.26500308180603" lon="-123.25274825387609">
				<ele>94.033022724092</ele>
				<time>2025-08-19T00:40:16Z</time>
			</trkpt>
			<trkpt lat="49.26502398319707" lon="-123.25278827419808">
				<ele>93.8739023739472</ele>
				<time>2025-08-19T00:40:18Z</time>
			</trkpt>
			<trkpt lat="49.26504943924036" lon="-123.25276908513648">
				<ele>94.14023219421506</ele>
				<time>2025-08-19T00:40:19Z</time>
			</trkpt>
			<trkpt lat="49.265071241402886" lon="-123.25275449730162">
				<ele>93.99848951492459</ele>
				<time>2025-08-19T00:40:20Z</time>
			</trkpt>
			<trkpt lat="49.265057550706416" lon="-123.25277810890584">
				<ele>93.83752835355699</ele>
				<time>2025-08-19T00:40:21Z</time>
			</trkpt>
			<trkpt lat="49.265046777224114" lon="-123.25280528936806">
				<ele>93.85042997449636</ele>
				<time>2025-08-19T00:40:22Z</time>
			</trkpt>
			<trkpt lat="49.26508310782193" lon="-123.25282798522035">
				<ele>93.60812276415527</ele>
				<time>2025-08-19T00:40:24Z</time>
			</trkpt>
			<trkpt lat="49.26508306935812" lon="-123.25289591857059">
				<ele>93.99528992082924</ele>
				<time>2025-08-19T00:40:27Z</time>
			</trkpt>
			<trkpt lat="49.26511348286383" lon="-123.25286380913771">
				<ele>93.43707612529397</ele>
				<time>2025-08-19T00:40:29Z</time>
			</trkpt>
			<trkpt lat="49.26514090990775" lon="-123.25287762283156">
				<ele>93.42005549557507</ele>
				<time>2025-08-19T00:40:30Z</time>
			</trkpt>
			<trkpt lat="49.26516504683833" lon="-123.25288533963955">
				<ele>93.3395423553884</ele>
				<time>2025-08-19T00:40:33Z</time>
			</trkpt>
			<trkpt lat="49.265184105074496" lon="-123.25289591128598">
				<ele>93.43505296856165</ele>
				<time>2025-08-19T00:40:35Z</time>
			</trkpt>
			<trkpt lat="49.26520160656388" lon="-123.25291624303145">
				<ele>93.59983719605953</ele>
				<time>2025-08-19T00:40:37Z</time>
			</trkpt>
			<trkpt lat="49.265240182316596" lon="-123.25291478534344">
				<ele>93.37208820600063</ele>
				<time>2025-08-19T00:40:39Z</time>
			</trkpt>
			<trkpt lat="49.26526474048467" lon="-123.25291871075818">
				<ele>93.2447094861418</ele>
				<time>2025-08-19T00:40:40Z</time>
			</trkpt>
			<trkpt lat="49.26528311113359" lon="-123.25291566238366">
				<ele>92.99756624549627</ele>
				<time>2025-08-19T00:40:41Z</time>
			</trkpt>
			<trkpt lat="49.265280886712326" lon="-123.25295132191043">
				<ele>92.91628933604807</ele>
				<time>2025-08-19T00:40:42Z</time>
			</trkpt>
			<trkpt lat="49.265320176822534" lon="-123.25293818102364">
				<ele>92.79496785253286</ele>
				<time>2025-08-19T00:40:45Z</time>
			</trkpt>
			<trkpt lat="49.265338266014524" lon="-123.2529534243507">
				<ele>93.1200045440346</ele>
				<time>2025-08-19T00:40:46Z</time>
			</trkpt>
			<trkpt lat="49.26535165502829" lon="-123.25298181259788">
				<ele>93.12346115801483</ele>
				<time>2025-08-19T00:40:50Z</time>
			</trkpt>
			<trkpt lat="49.265351261290924" lon="-123.2530207330146">
				<ele>92.53719874471426</ele>
				<time>2025-08-19T00:40:51Z</time>
			</trkpt>
			<trkpt lat="49.26535914902722" lon="-123.25304882979891">
				<ele>92.97068191878498</ele>
				<time>2025-08-19T00:40:53Z</time>
			</trkpt>
			<trkpt lat="49.26536822917605" lon="-123.25308833719461">
				<ele>92.54670437984169</ele>
				<time>2025-08-19T00:40:56Z</time>
			</trkpt>
			<trkpt lat="49.265394746181386" lon="-123.25311434832103">
				<ele>92.99655597656965</ele>
				<time>2025-08-19T00:40:58Z</time>
			</trkpt>
			<trkpt lat="49.26541215566487" lon="-123.25312815423865">
				<ele>92.3315475359559</ele>
				<time>2025-08-19T00:41:01Z</time>
			</trkpt>
			<trkpt lat="49.26543480816204" lon="-123.25314740408692">
				<ele>91.98977839574218</ele>
				<time>2025-08-19T00:41:04Z</time>
			</trkpt>
			<trkpt lat="49.2654560297505" lon="-123.25315772615441">
				<ele>91.78523894026875</ele>
				<time>2025-08-19T00:41:06Z</time>
			</trkpt>
			<trkpt lat="49.26547909246383" lon="-123.25317589075993">
				<ele>92.12447075825185</ele>
				<time>2025-08-19T00:41:08Z</time>
			</trkpt>
			<trkpt lat="49.26549494059701" lon="-123.25319998506933">
				<ele>91.69981114100665</ele>
				<time>2025-08-19T00:41:11Z</time>
			</trkpt>
			<trkpt lat="49.2655158735589" lon="-123.25321139098781">
				<ele>92.04684232082218</ele>
				<time>2025-08-19T00:41:13Z</time>
			</trkpt>
			<trkpt lat="49.265537626304024" lon="-123.25323143784378">
				<ele>92.09906976204365</ele>
				<time>2025-08-19T00:41:15Z</time>
			</trkpt>
			<trkpt lat="49.26555825036864" lon="-123.25324815270699">
				<ele>91.53753740526736</ele>
				<time>2025-08-19T00:41:17Z</time>
			</trkpt>
			<trkpt lat="49.26557746873778" lon="-123.25326941161491">
				<ele>91.79452906642109</ele>
				<time>2025-08-19T00:41:20Z</time>
			</trkpt>
			<trkpt lat="49.26560545181621" lon="-123.25328171756654">
				<ele>91.90010831784457</ele>
				<time>2025-08-19T00:41:22Z</time>
			</trkpt>
			<trkpt lat="49.265629985408076" lon="-123.25328436047826">
				<ele>91.81183336302638</ele>
				<time>2025-08-19T00:41:23Z</time>
			</trkpt>
			<trkpt lat="49.26563739815607" lon="-123.25331056659002">
				<ele>92.27028631791472</ele>
				<time>2025-08-19T00:41:25Z</time>
			</trkpt>
			<trkpt lat="49.26565227536544" lon="-123.25333874515081">
				<ele>91.9421753808856</ele>
				<time>2025-08-19T00:41:27Z</time>
			</trkpt>
			<trkpt lat="49.26566988124627" lon="-123.25335185502163">
				<ele>92.03432755637914</ele>
				<time>2025-08-19T00:41:28Z</time>
			</trkpt>
			<trkpt lat="49.26568890331724" lon="-123.25337730063164">
				<ele>91.95468212105334</ele>
				<time>2025-08-19T00:41:31Z</time>
			</trkpt>
			<trkpt lat="49.26570240175789" lon="-123.25339997164615">
				<ele>91.82765014283359</ele>
				<time>2025-08-19T00:41:33Z</time>
			</trkpt>
			<trkpt lat="49.26571611539534" lon="-123.25342498937091">
				<ele>91.37497858516872</ele>
				<time>2025-08-19T00:41:36Z</time>
			</trkpt>
			<trkpt lat="49.26574247304596" lon="-123.25343137913816">
				<ele>91.5909028397873</ele>
				<time>2025-08-19T00:41:38Z</time>
			</trkpt>
			<trkpt lat="49.26576306573843" lon="-123.25341935303516">
				<ele>91.70167968701571</ele>
				<time>2025-08-19T00:41:41Z</time>
			</trkpt>
			<trkpt lat="49.26578447898393" lon="-123.25343510542581">
				<ele>91.97733931057155</ele>
				<time>2025-08-19T00:41:42Z</time>
			</trkpt>
			<trkpt lat="49.26579643311301" lon="-123.25346208856107">
				<ele>91.85246057808399</ele>
				<time>2025-08-19T00:41:45Z</time>
			</trkpt>
			<trkpt lat="49.26578895469724" lon="-123.25348873452019">
				<ele>91.91934817750007</ele>
				<time>2025-08-19T00:41:46Z</time>
			</trkpt>
			<trkpt lat="49.26581423146534" lon="-123.25347680111857">
				<ele>92.37521626241505</ele>
				<time>2025-08-19T00:41:47Z</time>
			</trkpt>
			<trkpt lat="49.26583399495855" lon="-123.25350242753986">
				<ele>92.30549131240696</ele>
				<time>2025-08-19T00:41:51Z</time>
			</trkpt>
			<trkpt lat="49.2658281630946" lon="-123.25353710945565">
				<ele>92.17554391827434</ele>
				<time>2025-08-19T00:41:54Z</time>
			</trkpt>
			<trkpt lat="49.26585169234309" lon="-123.25354564888065">
				<ele>92.22829103842378</ele>
				<time>2025-08-19T00:41:56Z</time>
			</trkpt>
			<trkpt lat="49.265878173269535" lon="-123.25356062004516">
				<ele>91.98742274846882</ele>
				<time>2025-08-19T00:41:58Z</time>
			</trkpt>
			<trkpt lat="49.265886213403896" lon="-123.2535857411648">
				<ele>91.80899190995842</ele>
				<time>2025-08-19T00:42:00Z</time>
			</trkpt>
			<trkpt lat="49.26590739951401" lon="-123.25360650561818">
				<ele>91.89154876489192</ele>
				<time>2025-08-19T00:42:03Z</time>
			</trkpt>
			<trkpt lat="49.26592927672031" lon="-123.2536129749631">
				<ele>91.36666826158762</ele>
				<time>2025-08-19T00:42:04Z</time>
			</trkpt>
			<trkpt lat="49.26592834103881" lon="-123.25358426789131">
				<ele>91.87524014338851</ele>
				<time>2025-08-19T00:42:10Z</time>
			</trkpt>
			<trkpt lat="49.265919787182185" lon="-123.25357191220625">
				<ele>91.66149969678372</ele>
				<time>2025-08-19T00:42:28Z</time>
			</trkpt>
			<trkpt lat="49.26589786875067" lon="-123.25353440242871">
				<ele>92.29052313324064</ele>
				<time>2025-08-19T00:42:48Z</time>
			</trkpt>
			<trkpt lat="49.265908345290256" lon="-123.25357866015999">
				<ele>92.0109406048432</ele>
				<time>2025-08-19T00:42:50Z</time>
			</trkpt>
			<trkpt lat="49.26593483041531" lon="-123.25358287595579">
				<ele>91.99734269920737</ele>
				<time>2025-08-19T00:42:51Z</time>
			</trkpt>
			<trkpt lat="49.26595595179702" lon="-123.2536168365549">
				<ele>91.61350702214986</ele>
				<time>2025-08-19T00:42:54Z</time>
			</trkpt>
			<trkpt lat="49.26595585242301" lon="-123.25364669732237">
				<ele>91.745387182571</ele>
				<time>2025-08-19T00:42:56Z</time>
			</trkpt>
			<trkpt lat="49.265965116447916" lon="-123.25368053316738">
				<ele>91.56153439823538</ele>
				<time>2025-08-19T00:42:58Z</time>
			</trkpt>
			<trkpt lat="49.2660096149139" lon="-123.25370169585317">
				<ele>91.68898439127952</ele>
				<time>2025-08-19T00:43:00Z</time>
			</trkpt>
			<trkpt lat="49.26603498124878" lon="-123.25373145451181">
				<ele>91.77863100823015</ele>
				<time>2025-08-19T00:43:02Z</time>
			</trkpt>
			<trkpt lat="49.266068220324414" lon="-123.25374590820371">
				<ele>92.25124275032431</ele>
				<time>2025-08-19T00:43:03Z</time>
			</trkpt>
			<trkpt lat="49.26605511973564" lon="-123.25372557445274">
				<ele>91.93333330471069</ele>
				<time>2025-08-19T00:43:04Z</time>
			</trkpt>
			<trkpt lat="49.266094412113695" lon="-123.25370938545254">
				<ele>92.03453571163118</ele>
				<time>2025-08-19T00:43:06Z</time>
			</trkpt>
			<trkpt lat="49.266117490975866" lon="-123.2537405407006">
				<ele>91.64229550398886</ele>
				<time>2025-08-19T00:43:09Z</time>
			</trkpt>
			<trkpt lat="49.26617114436569" lon="-123.25371721521554">
				<ele>91.41526172030717</ele>
				<time>2025-08-19T00:43:10Z</time>
			</trkpt>
			<trkpt lat="49.266182208150944" lon="-123.25373991245228">
				<ele>91.69514426402748</ele>
				<time>2025-08-19T00:43:13Z</time>
			</trkpt>
			<trkpt lat="49.26620839867396" lon="-123.25378797066801">
				<ele>91.64383736439049</ele>
				<time>2025-08-19T00:43:16Z</time>
			</trkpt>
			<trkpt lat="49.26622810446149" lon="-123.25379942009071">
				<ele>91.57440256420523</ele>
				<time>2025-08-19T00:43:18Z</time>
			</trkpt>
			<trkpt lat="49.26623872562986" lon="-123.25382406718879">
				<ele>91.95745601411909</ele>
				<time>2025-08-19T00:43:20Z</time>
			</trkpt>
			<trkpt lat="49.266256873063206" lon="-123.25385582268036">
				<ele>91.35472823679447</ele>
				<time>2025-08-19T00:43:22Z</time>
			</trkpt>
			<trkpt lat="49.26627749086041" lon="-123.25386475713384">
				<ele>91.76379996165633</ele>
				<time>2025-08-19T00:43:23Z</time>
			</trkpt>
			<trkpt lat="49.2662817323503" lon="-123.25389544349886">
				<ele>91.48365908395499</ele>
				<time>2025-08-19T00:43:25Z</time>
			</trkpt>
			<trkpt lat="49.266291938983244" lon="-123.25392828776725">
				<ele>91.29448291379958</ele>
				<time>2025-08-19T00:43:27Z</time>
			</trkpt>
			<trkpt lat="49.26629063773566" lon="-123.25395912894325">
				<ele>91.29470835067332</ele>
				<time>2025-08-19T00:43:30Z</time>
			</trkpt>
			<trkpt lat="49.266317212783505" lon="-123.25398319354407">
				<ele>91.38444279972464</ele>
				<time>2025-08-19T00:43:32Z</time>
			</trkpt>
			<trkpt lat="49.2663363812274" lon="-123.25400263804323">
				<ele>91.07978877983987</ele>
				<time>2025-08-19T00:43:35Z</time>
			</trkpt>
			<trkpt lat="49.2663730511199" lon="-123.25402504384338">
				<ele>91.39191087707877</ele>
				<time>2025-08-19T00:43:39Z</time>
			</trkpt>
			<trkpt lat="49.26640362469995" lon="-123.25404100692357">
				<ele>92.05004678759724</ele>
				<time>2025-08-19T00:43:44Z</time>
			</trkpt>
			<trkpt lat="49.26641814166404" lon="-123.25408896734757">
				<ele>91.63597704656422</ele>
				<time>2025-08-19T00:43:46Z</time>
			</trkpt>
			<trkpt lat="49.26639679310333" lon="-123.25406631292896">
				<ele>91.65250786487013</ele>
				<time>2025-08-19T00:43:48Z</time>
			</trkpt>
			<trkpt lat="49.266413498584626" lon="-123.25408279478981">
				<ele>91.51953859999776</ele>
				<time>2025-08-19T00:43:49Z</time>
			</trkpt>
			<trkpt lat="49.26641683511218" lon="-123.25411743727376">
				<ele>91.52117990329862</ele>
				<time>2025-08-19T00:43:52Z</time>
			</trkpt>
			<trkpt lat="49.26644401391988" lon="-123.25413952355635">
				<ele>91.02703701145947</ele>
				<time>2025-08-19T00:43:54Z</time>
			</trkpt>
			<trkpt lat="49.26646589988498" lon="-123.25414433949476">
				<ele>91.06969380099326</ele>
				<time>2025-08-19T00:43:56Z</time>
			</trkpt>
			<trkpt lat="49.26648739687186" lon="-123.25416436256768">
				<ele>90.70519374590367</ele>
				<time>2025-08-19T00:43:58Z</time>
			</trkpt>
			<trkpt lat="49.26650605906239" lon="-123.25417319760125">
				<ele>90.56777102686465</ele>
				<time>2025-08-19T00:44:00Z</time>
			</trkpt>
			<trkpt lat="49.26653562356401" lon="-123.25419126578842">
				<ele>91.11892851348966</ele>
				<time>2025-08-19T00:44:03Z</time>
			</trkpt>
			<trkpt lat="49.26655713010915" lon="-123.2542075780747">
				<ele>91.0202659368515</ele>
				<time>2025-08-19T00:44:05Z</time>
			</trkpt>
			<trkpt lat="49.266576293849624" lon="-123.25421147980093">
				<ele>90.99849396757782</ele>
				<time>2025-08-19T00:44:06Z</time>
			</trkpt>
			<trkpt lat="49.26659576391747" lon="-123.25423882274241">
				<ele>91.1414326261729</ele>
				<time>2025-08-19T00:44:09Z</time>
			</trkpt>
			<trkpt lat="49.26661894093497" lon="-123.25424022095028">
				<ele>90.8750385446474</ele>
				<time>2025-08-19T00:44:13Z</time>
			</trkpt>
			<trkpt lat="49.26664176602434" lon="-123.2542619368424">
				<ele>91.39938234817237</ele>
				<time>2025-08-19T00:44:17Z</time>
			</trkpt>
			<trkpt lat="49.26666114214869" lon="-123.25428444095957">
				<ele>91.02981751225889</ele>
				<time>2025-08-19T00:44:19Z</time>
			</trkpt>
			<trkpt lat="49.26667272692412" lon="-123.25431208755204">
				<ele>90.86199535336345</ele>
				<time>2025-08-19T00:44:21Z</time>
			</trkpt>
			<trkpt lat="49.26668870265442" lon="-123.25432938341265">
				<ele>91.47455486375839</ele>
				<time>2025-08-19T00:44:24Z</time>
			</trkpt>
			<trkpt lat="49.26670811905641" lon="-123.25434433125427">
				<ele>90.82939700223505</ele>
				<time>2025-08-19T00:44:26Z</time>
			</trkpt>
			<trkpt lat="49.26673047522364" lon="-123.25435472899612">
				<ele>91.10955996625125</ele>
				<time>2025-08-19T00:44:28Z</time>
			</trkpt>
			<trkpt lat="49.266750779577045" lon="-123.2543809795409">
				<ele>91.27765005175024</ele>
				<time>2025-08-19T00:44:32Z</time>
			</trkpt>
			<trkpt lat="49.26674248338672" lon="-123.25440770800051">
				<ele>90.73668633587658</ele>
				<time>2025-08-19T00:44:34Z</time>
			</trkpt>
			<trkpt lat="49.2667761094018" lon="-123.25443562313865">
				<ele>91.01277479808778</ele>
				<time>2025-08-19T00:44:39Z</time>
			</trkpt>
			<trkpt lat="49.26679073873004" lon="-123.25441918724384">
				<ele>91.05172401666641</ele>
				<time>2025-08-19T00:44:41Z</time>
			</trkpt>
			<trkpt lat="49.266804555464546" lon="-123.25440152462663">
				<ele>91.10354477632791</ele>
				<time>2025-08-19T00:44:43Z</time>
			</trkpt>
			<trkpt lat="49.26682412092591" lon="-123.25440003462482">
				<ele>90.91267968714237</ele>
				<time>2025-08-19T00:44:46Z</time>
			</trkpt>
			<trkpt lat="49.26684945518458" lon="-123.2544239190284">
				<ele>90.6956037459895</ele>
				<time>2025-08-19T00:44:51Z</time>
			</trkpt>
			<trkpt lat="49.266874100363935" lon="-123.25442711971941">
				<ele>90.65359368082136</ele>
				<time>2025-08-19T00:44:52Z</time>
			</trkpt>
			<trkpt lat="49.26685176737602" lon="-123.25444892582325">
				<ele>90.94505158253014</ele>
				<time>2025-08-19T00:44:54Z</time>
			</trkpt>
			<trkpt lat="49.266873822322474" lon="-123.25445665210214">
				<ele>91.05404436495155</ele>
				<time>2025-08-19T00:44:58Z</time>
			</trkpt>
			<trkpt lat="49.266847869661966" lon="-123.2544631331079">
				<ele>91.29531933367252</ele>
				<time>2025-08-19T00:44:59Z</time>
			</trkpt>
			<trkpt lat="49.26680617513396" lon="-123.25448458957669">
				<ele>90.18552874401212</ele>
				<time>2025-08-19T00:45:40Z</time>
			</trkpt>
			<trkpt lat="49.266813542951745" lon="-123.25445321518158">
				<ele>89.38128093909472</ele>
				<time>2025-08-19T00:45:42Z</time>
			</trkpt>
			<trkpt lat="49.26682947906111" lon="-123.25443745504273">
				<ele>90.53963627759367</ele>
				<time>2025-08-19T00:45:47Z</time>
			</trkpt>
			<trkpt lat="49.26684371767876" lon="-123.25441515576667">
				<ele>90.63446214050055</ele>
				<time>2025-08-19T00:45:54Z</time>
			</trkpt>
			<trkpt lat="49.266866863368186" lon="-123.25443428908613">
				<ele>91.14372239913791</ele>
				<time>2025-08-19T00:46:04Z</time>
			</trkpt>
			<trkpt lat="49.26686963131032" lon="-123.25442790936077">
				<ele>91.32651391252875</ele>
				<time>2025-08-19T00:46:15Z</time>
			</trkpt>
			<trkpt lat="49.266884842142325" lon="-123.25441251098367">
				<ele>90.28839517757297</ele>
				<time>2025-08-19T00:46:44Z</time>
			</trkpt>
			<trkpt lat="49.266904111830215" lon="-123.25444426106854">
				<ele>90.36292632110417</ele>
				<time>2025-08-19T00:47:09Z</time>
			</trkpt>
			<trkpt lat="49.266908019736356" lon="-123.2544124790695">
				<ele>90.67813381087035</ele>
				<time>2025-08-19T00:47:12Z</time>
			</trkpt>
			<trkpt lat="49.26689037455537" lon="-123.25439910398684">
				<ele>90.78231884539127</ele>
				<time>2025-08-19T00:47:25Z</time>
			</trkpt>
			<trkpt lat="49.26690758497089" lon="-123.25440887328682">
				<ele>90.89883564971387</ele>
				<time>2025-08-19T00:47:33Z</time>
			</trkpt>
			<trkpt lat="49.26692509606807" lon="-123.25443577778617">
				<ele>90.74791274871677</ele>
				<time>2025-08-19T00:47:36Z</time>
			</trkpt>
			<trkpt lat="49.26694395168047" lon="-123.25445455178615">
				<ele>90.56439697369933</ele>
				<time>2025-08-19T00:47:38Z</time>
			</trkpt>
			<trkpt lat="49.266959881454014" lon="-123.25446987896176">
				<ele>90.40140017401427</ele>
				<time>2025-08-19T00:47:40Z</time>
			</trkpt>
			<trkpt lat="49.266986682669376" lon="-123.25447789277398">
				<ele>90.11052851751447</ele>
				<time>2025-08-19T00:47:41Z</time>
			</trkpt>
			<trkpt lat="49.26697763129386" lon="-123.25451015685258">
				<ele>90.19199191126972</ele>
				<time>2025-08-19T00:47:42Z</time>
			</trkpt>
			<trkpt lat="49.26698072134757" lon="-123.25453979367457">
				<ele>90.14302896242589</ele>
				<time>2025-08-19T00:47:44Z</time>
			</trkpt>
			<trkpt lat="49.26699859959311" lon="-123.25457423891041">
				<ele>90.10561071708798</ele>
				<time>2025-08-19T00:47:46Z</time>
			</trkpt>
			<trkpt lat="49.26700722870745" lon="-123.25460297703141">
				<ele>90.3295349245891</ele>
				<time>2025-08-19T00:47:48Z</time>
			</trkpt>
			<trkpt lat="49.26702322173854" lon="-123.25462876196164">
				<ele>90.59838435519487</ele>
				<time>2025-08-19T00:47:51Z</time>
			</trkpt>
			<trkpt lat="49.26704154378679" lon="-123.25465406559947">
				<ele>90.54898629244417</ele>
				<time>2025-08-19T00:47:54Z</time>
			</trkpt>
			<trkpt lat="49.26705843715139" lon="-123.25466610643858">
				<ele>90.43971316330135</ele>
				<time>2025-08-19T00:47:56Z</time>
			</trkpt>
			<trkpt lat="49.267079783193715" lon="-123.25467876160906">
				<ele>90.32018493302166</ele>
				<time>2025-08-19T00:47:59Z</time>
			</trkpt>
			<trkpt lat="49.26710753934239" lon="-123.25468206772801">
				<ele>90.13912325166166</ele>
				<time>2025-08-19T00:48:02Z</time>
			</trkpt>
			<trkpt lat="49.26713289031833" lon="-123.25467928469281">
				<ele>90.65799324493855</ele>
				<time>2025-08-19T00:48:04Z</time>
			</trkpt>
			<trkpt lat="49.26715536061323" lon="-123.25467305249116">
				<ele>90.48823902476579</ele>
				<time>2025-08-19T00:48:06Z</time>
			</trkpt>
			<trkpt lat="49.267182568029234" lon="-123.25467109887848">
				<ele>90.44515075813979</ele>
				<time>2025-08-19T00:48:09Z</time>
			</trkpt>
			<trkpt lat="49.26720168017005" lon="-123.25466779263087">
				<ele>90.11939061526209</ele>
				<time>2025-08-19T00:48:14Z</time>
			</trkpt>
			<trkpt lat="49.26720648312741" lon="-123.25466625407843">
				<ele>90.45920948777348</ele>
				<time>2025-08-19T00:48:24Z</time>
			</trkpt>
			<trkpt lat="49.267206869478755" lon="-123.2547295285926">
				<ele>90.96998495887965</ele>
				<time>2025-08-19T00:48:30Z</time>
			</trkpt>
			<trkpt lat="49.267216676197876" lon="-123.2547683521608">
				<ele>90.66516183968633</ele>
				<time>2025-08-19T00:48:33Z</time>
			</trkpt>
			<trkpt lat="49.26723430270031" lon="-123.25479576982018">
				<ele>90.3947077319026</ele>
				<time>2025-08-19T00:48:35Z</time>
			</trkpt>
			<trkpt lat="49.26725229934786" lon="-123.25480966555664">
				<ele>90.31363222096115</ele>
				<time>2025-08-19T00:48:37Z</time>
			</trkpt>
			<trkpt lat="49.26726374501944" lon="-123.25483739635574">
				<ele>90.47672819532454</ele>
				<time>2025-08-19T00:48:40Z</time>
			</trkpt>
			<trkpt lat="49.267278863681206" lon="-123.25485329313544">
				<ele>90.15573209803551</ele>
				<time>2025-08-19T00:48:42Z</time>
			</trkpt>
			<trkpt lat="49.267300051972576" lon="-123.25487820703692">
				<ele>90.05891824234277</ele>
				<time>2025-08-19T00:48:45Z</time>
			</trkpt>
			<trkpt lat="49.267316558887686" lon="-123.25489027074936">
				<ele>90.36553205549717</ele>
				<time>2025-08-19T00:48:47Z</time>
			</trkpt>
			<trkpt lat="49.26732993204748" lon="-123.25490965647157">
				<ele>89.9767231438309</ele>
				<time>2025-08-19T00:48:49Z</time>
			</trkpt>
			<trkpt lat="49.26734805034767" lon="-123.25491920353754">
				<ele>89.53707220219076</ele>
				<time>2025-08-19T00:48:51Z</time>
			</trkpt>
			<trkpt lat="49.267372541606214" lon="-123.25493872137774">
				<ele>89.93496634159237</ele>
				<time>2025-08-19T00:48:54Z</time>
			</trkpt>
			<trkpt lat="49.26739039273649" lon="-123.25494459039159">
				<ele>89.35815566405654</ele>
				<time>2025-08-19T00:48:56Z</time>
			</trkpt>
			<trkpt lat="49.26740993980702" lon="-123.25495805028106">
				<ele>89.70496935304254</ele>
				<time>2025-08-19T00:48:58Z</time>
			</trkpt>
			<trkpt lat="49.26742558075001" lon="-123.25497296257234">
				<ele>89.31525834742934</ele>
				<time>2025-08-19T00:49:00Z</time>
			</trkpt>
			<trkpt lat="49.26743999736444" lon="-123.25499609527711">
				<ele>89.7990178661421</ele>
				<time>2025-08-19T00:49:03Z</time>
			</trkpt>
			<trkpt lat="49.26746144116628" lon="-123.25501364131787">
				<ele>89.94880457501858</ele>
				<time>2025-08-19T00:49:06Z</time>
			</trkpt>
			<trkpt lat="49.26748344919179" lon="-123.25503273815964">
				<ele>90.09462867677212</ele>
				<time>2025-08-19T00:49:09Z</time>
			</trkpt>
			<trkpt lat="49.2675031652705" lon="-123.25503501351128">
				<ele>90.03684154711664</ele>
				<time>2025-08-19T00:49:11Z</time>
			</trkpt>
			<trkpt lat="49.26752565018315" lon="-123.2550337033695">
				<ele>90.01139625068754</ele>
				<time>2025-08-19T00:49:13Z</time>
			</trkpt>
			<trkpt lat="49.26754863684838" lon="-123.2550198128588">
				<ele>90.12853395566344</ele>
				<time>2025-08-19T00:49:16Z</time>
			</trkpt>
			<trkpt lat="49.26756723741792" lon="-123.25499739653642">
				<ele>90.0101350992918</ele>
				<time>2025-08-19T00:49:18Z</time>
			</trkpt>
			<trkpt lat="49.26759055512077" lon="-123.2550046808242">
				<ele>90.62185113038868</ele>
				<time>2025-08-19T00:49:20Z</time>
			</trkpt>
			<trkpt lat="49.26762209681593" lon="-123.25501367535442">
				<ele>90.15640272572637</ele>
				<time>2025-08-19T00:49:22Z</time>
			</trkpt>
			<trkpt lat="49.26764350568865" lon="-123.25501231107275">
				<ele>90.24090411420912</ele>
				<time>2025-08-19T00:49:25Z</time>
			</trkpt>
			<trkpt lat="49.26767214460646" lon="-123.25503590325542">
				<ele>90.2427429119125</ele>
				<time>2025-08-19T00:49:28Z</time>
			</trkpt>
			<trkpt lat="49.267690546905214" lon="-123.25506476146539">
				<ele>90.3459457512945</ele>
				<time>2025-08-19T00:49:31Z</time>
			</trkpt>
			<trkpt lat="49.26770643730677" lon="-123.25507928027208">
				<ele>90.47314839065075</ele>
				<time>2025-08-19T00:49:33Z</time>
			</trkpt>
			<trkpt lat="49.267731263500664" lon="-123.25510233781064">
				<ele>90.22355805337429</ele>
				<time>2025-08-19T00:49:36Z</time>
			</trkpt>
			<trkpt lat="49.26775088593884" lon="-123.25511758413606">
				<ele>90.55645238887519</ele>
				<time>2025-08-19T00:49:38Z</time>
			</trkpt>
			<trkpt lat="49.26776974042493" lon="-123.25512583222535">
				<ele>90.81646009907126</ele>
				<time>2025-08-19T00:49:40Z</time>
			</trkpt>
			<trkpt lat="49.2677927742021" lon="-123.25514731987339">
				<ele>90.4303346881643</ele>
				<time>2025-08-19T00:49:43Z</time>
			</trkpt>
			<trkpt lat="49.26780823410313" lon="-123.25516234170475">
				<ele>90.27243716176599</ele>
				<time>2025-08-19T00:49:45Z</time>
			</trkpt>
			<trkpt lat="49.2678245093613" lon="-123.25518120317275">
				<ele>90.12447869963944</ele>
				<time>2025-08-19T00:49:47Z</time>
			</trkpt>
			<trkpt lat="49.26784263621048" lon="-123.25519421762283">
				<ele>89.59743335377425</ele>
				<time>2025-08-19T00:49:49Z</time>
			</trkpt>
			<trkpt lat="49.267865180581516" lon="-123.25521102295227">
				<ele>89.47440376598388</ele>
				<time>2025-08-19T00:49:52Z</time>
			</trkpt>
			<trkpt lat="49.26788268589726" lon="-123.25523512629991">
				<ele>89.33907699398696</ele>
				<time>2025-08-19T00:49:54Z</time>
			</trkpt>
			<trkpt lat="49.267901237592056" lon="-123.25524831658667">
				<ele>89.27041585557163</ele>
				<time>2025-08-19T00:49:56Z</time>
			</trkpt>
			<trkpt lat="49.26791864170798" lon="-123.25526008937798">
				<ele>89.06649183575064</ele>
				<time>2025-08-19T00:49:58Z</time>
			</trkpt>
			<trkpt lat="49.26793667544537" lon="-123.25527698969708">
				<ele>89.19358442816883</ele>
				<time>2025-08-19T00:50:00Z</time>
			</trkpt>
			<trkpt lat="49.26795347149042" lon="-123.25528949848115">
				<ele>89.13289916142821</ele>
				<time>2025-08-19T00:50:02Z</time>
			</trkpt>
			<trkpt lat="49.26797313926036" lon="-123.25530742601951">
				<ele>89.35694626159966</ele>
				<time>2025-08-19T00:50:04Z</time>
			</trkpt>
			<trkpt lat="49.26798962185889" lon="-123.25531861982263">
				<ele>89.1437683198601</ele>
				<time>2025-08-19T00:50:06Z</time>
			</trkpt>
			<trkpt lat="49.26800925608789" lon="-123.2553331872455">
				<ele>89.07157108187675</ele>
				<time>2025-08-19T00:50:08Z</time>
			</trkpt>
			<trkpt lat="49.268029701402654" lon="-123.25533947806038">
				<ele>88.73965153191239</ele>
				<time>2025-08-19T00:50:10Z</time>
			</trkpt>
			<trkpt lat="49.268047324454436" lon="-123.2553550658531">
				<ele>88.8193379510194</ele>
				<time>2025-08-19T00:50:12Z</time>
			</trkpt>
			<trkpt lat="49.26806464083957" lon="-123.25536565048881">
				<ele>88.68998465873301</ele>
				<time>2025-08-19T00:50:14Z</time>
			</trkpt>
			<trkpt lat="49.26808605917166" lon="-123.25538897377875">
				<ele>88.60689926054329</ele>
				<time>2025-08-19T00:50:16Z</time>
			</trkpt>
			<trkpt lat="49.26810514316131" lon="-123.25539764628417">
				<ele>88.58267083950341</ele>
				<time>2025-08-19T00:50:18Z</time>
			</trkpt>
			<trkpt lat="49.268124408689594" lon="-123.25540946634767">
				<ele>88.56615061219782</ele>
				<time>2025-08-19T00:50:20Z</time>
			</trkpt>
			<trkpt lat="49.268142639417064" lon="-123.25542185378303">
				<ele>88.60244135465473</ele>
				<time>2025-08-19T00:50:22Z</time>
			</trkpt>
			<trkpt lat="49.26816167978717" lon="-123.255433539008">
				<ele>88.98049480747432</ele>
				<time>2025-08-19T00:50:24Z</time>
			</trkpt>
			<trkpt lat="49.268179957360005" lon="-123.25544589586778">
				<ele>88.86486531794071</ele>
				<time>2025-08-19T00:50:26Z</time>
			</trkpt>
			<trkpt lat="49.26819948711601" lon="-123.255461402021">
				<ele>89.05701444949955</ele>
				<time>2025-08-19T00:50:28Z</time>
			</trkpt>
			<trkpt lat="49.26822051200464" lon="-123.25547337509929">
				<ele>88.92116625234485</ele>
				<time>2025-08-19T00:50:30Z</time>
			</trkpt>
			<trkpt lat="49.268239157368825" lon="-123.25548670526892">
				<ele>88.88026693090796</ele>
				<time>2025-08-19T00:50:32Z</time>
			</trkpt>
			<trkpt lat="49.2682551666238" lon="-123.25550233202785">
				<ele>88.95099999476224</ele>
				<time>2025-08-19T00:50:34Z</time>
			</trkpt>
			<trkpt lat="49.26827489599474" lon="-123.25551668542052">
				<ele>88.89018740691245</ele>
				<time>2025-08-19T00:50:36Z</time>
			</trkpt>
			<trkpt lat="49.26829345943371" lon="-123.25552726924883">
				<ele>89.1048018541187</ele>
				<time>2025-08-19T00:50:38Z</time>
			</trkpt>
			<trkpt lat="49.268308646819094" lon="-123.25554266229446">
				<ele>88.85258274059743</ele>
				<time>2025-08-19T00:50:40Z</time>
			</trkpt>
			<trkpt lat="49.26832797057684" lon="-123.25555568310432">
				<ele>88.80663730762899</ele>
				<time>2025-08-19T00:50:42Z</time>
			</trkpt>
			<trkpt lat="49.268344794759095" lon="-123.25556882358761">
				<ele>89.0388860590756</ele>
				<time>2025-08-19T00:50:44Z</time>
			</trkpt>
			<trkpt lat="49.26836133578078" lon="-123.25558459480429">
				<ele>88.77746287174523</ele>
				<time>2025-08-19T00:50:46Z</time>
			</trkpt>
			<trkpt lat="49.26837916436865" lon="-123.25560412388134">
				<ele>88.23408873286098</ele>
				<time>2025-08-19T00:50:48Z</time>
			</trkpt>
			<trkpt lat="49.26840257974976" lon="-123.25561639854067">
				<ele>88.1056623691693</ele>
				<time>2025-08-19T00:50:50Z</time>
			</trkpt>
			<trkpt lat="49.26842238162751" lon="-123.25562889318259">
				<ele>87.94829443935305</ele>
				<time>2025-08-19T00:50:52Z</time>
			</trkpt>
			<trkpt lat="49.268441082771936" lon="-123.2556490815044">
				<ele>88.14186924695969</ele>
				<time>2025-08-19T00:50:54Z</time>
			</trkpt>
			<trkpt lat="49.26846030573213" lon="-123.25567504813743">
				<ele>88.85205783508718</ele>
				<time>2025-08-19T00:50:57Z</time>
			</trkpt>
			<trkpt lat="49.2684789686757" lon="-123.25570137493439">
				<ele>88.57751033455133</ele>
				<time>2025-08-19T00:51:00Z</time>
			</trkpt>
			<trkpt lat="49.268495690512005" lon="-123.25571687645638">
				<ele>88.39621620625257</ele>
				<time>2025-08-19T00:51:02Z</time>
			</trkpt>
			<trkpt lat="49.268520414593944" lon="-123.25573948312406">
				<ele>87.54473057202995</ele>
				<time>2025-08-19T00:51:04Z</time>
			</trkpt>
			<trkpt lat="49.26853208297547" lon="-123.25576683452965">
				<ele>88.43168931826949</ele>
				<time>2025-08-19T00:51:05Z</time>
			</trkpt>
			<trkpt lat="49.26855095335101" lon="-123.2557907033674">
				<ele>88.22837689705193</ele>
				<time>2025-08-19T00:51:07Z</time>
			</trkpt>
			<trkpt lat="49.26857077439811" lon="-123.25580342507749">
				<ele>88.27984761912376</ele>
				<time>2025-08-19T00:51:09Z</time>
			</trkpt>
			<trkpt lat="49.26859737803614" lon="-123.25581559407071">
				<ele>89.23547283560038</ele>
				<time>2025-08-19T00:51:12Z</time>
			</trkpt>
			<trkpt lat="49.26861598347056" lon="-123.2558226026806">
				<ele>88.57897179480642</ele>
				<time>2025-08-19T00:51:14Z</time>
			</trkpt>
			<trkpt lat="49.26864198907368" lon="-123.25582871095112">
				<ele>87.8423716602847</ele>
				<time>2025-08-19T00:51:16Z</time>
			</trkpt>
			<trkpt lat="49.26866368704815" lon="-123.25584926505955">
				<ele>87.89748341497034</ele>
				<time>2025-08-19T00:51:19Z</time>
			</trkpt>
			<trkpt lat="49.26868096207881" lon="-123.25586119093357">
				<ele>87.49888289067894</ele>
				<time>2025-08-19T00:51:21Z</time>
			</trkpt>
			<trkpt lat="49.268696301343404" lon="-123.25588287403458">
				<ele>87.79213842563331</ele>
				<time>2025-08-19T00:51:23Z</time>
			</trkpt>
			<trkpt lat="49.2687157867565" lon="-123.25590828270492">
				<ele>87.67916960362345</ele>
				<time>2025-08-19T00:51:26Z</time>
			</trkpt>
			<trkpt lat="49.2687359081423" lon="-123.25590054608698">
				<ele>88.01820526272058</ele>
				<time>2025-08-19T00:51:27Z</time>
			</trkpt>
			<trkpt lat="49.26875671667332" lon="-123.25590858146121">
				<ele>87.98205490037799</ele>
				<time>2025-08-19T00:51:29Z</time>
			</trkpt>
			<trkpt lat="49.26877560427298" lon="-123.25591311445703">
				<ele>87.65586341544986</ele>
				<time>2025-08-19T00:51:31Z</time>
			</trkpt>
			<trkpt lat="49.268800674164076" lon="-123.25592053629937">
				<ele>87.88158191461116</ele>
				<time>2025-08-19T00:51:33Z</time>
			</trkpt>
			<trkpt lat="49.268820606823695" lon="-123.25592501636396">
				<ele>87.9397238669917</ele>
				<time>2025-08-19T00:51:35Z</time>
			</trkpt>
			<trkpt lat="49.26884135523304" lon="-123.25593137985467">
				<ele>87.98946834728122</ele>
				<time>2025-08-19T00:51:38Z</time>
			</trkpt>
			<trkpt lat="49.26884240728871" lon="-123.25592036170376">
				<ele>87.81204338744283</ele>
				<time>2025-08-19T00:51:52Z</time>
			</trkpt>
			<trkpt lat="49.26882437693618" lon="-123.25592139097851">
				<ele>89.27732219640166</ele>
				<time>2025-08-19T00:52:36Z</time>
			</trkpt>
			<trkpt lat="49.26884159526224" lon="-123.25592022791679">
				<ele>89.27732219640166</ele>
				<time>2025-08-19T00:52:41Z</time>
			</trkpt>
			<trkpt lat="49.26881145418497" lon="-123.25593527245967">
				<ele>89.16806723829359</ele>
				<time>2025-08-19T00:52:56Z</time>
			</trkpt>
			<trkpt lat="49.26883597559101" lon="-123.2559518102952">
				<ele>88.79687501955777</ele>
				<time>2025-08-19T00:52:58Z</time>
			</trkpt>
			<trkpt lat="49.268861514513816" lon="-123.25597193772184">
				<ele>88.48147623892874</ele>
				<time>2025-08-19T00:53:00Z</time>
			</trkpt>
			<trkpt lat="49.26887776854532" lon="-123.25599754943595">
				<ele>87.98910817410797</ele>
				<time>2025-08-19T00:53:02Z</time>
			</trkpt>
			<trkpt lat="49.26889944255088" lon="-123.25601964924222">
				<ele>87.68418315798044</ele>
				<time>2025-08-19T00:53:04Z</time>
			</trkpt>
			<trkpt lat="49.26891928560467" lon="-123.25603653767504">
				<ele>87.60904936585575</ele>
				<time>2025-08-19T00:53:06Z</time>
			</trkpt>
			<trkpt lat="49.26893425193834" lon="-123.25605390386683">
				<ele>87.60828292183578</ele>
				<time>2025-08-19T00:53:08Z</time>
			</trkpt>
			<trkpt lat="49.26894672824605" lon="-123.25607559572472">
				<ele>87.34576484467834</ele>
				<time>2025-08-19T00:53:10Z</time>
			</trkpt>
			<trkpt lat="49.26895994392727" lon="-123.25609541138543">
				<ele>87.59711487963796</ele>
				<time>2025-08-19T00:53:12Z</time>
			</trkpt>
			<trkpt lat="49.26897570052189" lon="-123.25611958748736">
				<ele>87.50146871991456</ele>
				<time>2025-08-19T00:53:14Z</time>
			</trkpt>
			<trkpt lat="49.26899107457232" lon="-123.25614560014886">
				<ele>87.76289432030171</ele>
				<time>2025-08-19T00:53:16Z</time>
			</trkpt>
			<trkpt lat="49.26899893783653" lon="-123.25618433323805">
				<ele>87.61435342300683</ele>
				<time>2025-08-19T00:53:19Z</time>
			</trkpt>
			<trkpt lat="49.26899717465476" lon="-123.25621521871895">
				<ele>87.42692041676491</ele>
				<time>2025-08-19T00:53:21Z</time>
			</trkpt>
			<trkpt lat="49.26899740790732" lon="-123.25624717697295">
				<ele>87.9422883912921</ele>
				<time>2025-08-19T00:53:23Z</time>
			</trkpt>
			<trkpt lat="49.268992701734135" lon="-123.25628323067872">
				<ele>88.45469969790429</ele>
				<time>2025-08-19T00:53:26Z</time>
			</trkpt>
			<trkpt lat="49.26897357206603" lon="-123.2563039147071">
				<ele>88.00670919101685</ele>
				<time>2025-08-19T00:53:28Z</time>
			</trkpt>
			<trkpt lat="49.26895675104316" lon="-123.25632185107727">
				<ele>87.33889704197645</ele>
				<time>2025-08-19T00:53:30Z</time>
			</trkpt>
			<trkpt lat="49.26893415848763" lon="-123.25633667781698">
				<ele>88.58988978900015</ele>
				<time>2025-08-19T00:53:33Z</time>
			</trkpt>
			<trkpt lat="49.268914279831854" lon="-123.25635487290329">
				<ele>88.0978945242241</ele>
				<time>2025-08-19T00:53:35Z</time>
			</trkpt>
			<trkpt lat="49.26889104663749" lon="-123.25635031823062">
				<ele>87.74412161670625</ele>
				<time>2025-08-19T00:53:37Z</time>
			</trkpt>
			<trkpt lat="49.26886815615457" lon="-123.25634100000268">
				<ele>88.143559246324</ele>
				<time>2025-08-19T00:53:39Z</time>
			</trkpt>
			<trkpt lat="49.26884897278773" lon="-123.2563287087447">
				<ele>88.17590008769184</ele>
				<time>2025-08-19T00:53:41Z</time>
			</trkpt>
			<trkpt lat="49.2688310855834" lon="-123.25630202527289">
				<ele>87.90359509177506</ele>
				<time>2025-08-19T00:53:43Z</time>
			</trkpt>
			<trkpt lat="49.26882067490885" lon="-123.25627806107177">
				<ele>87.85475242231041</ele>
				<time>2025-08-19T00:53:45Z</time>
			</trkpt>
			<trkpt lat="49.268809649747006" lon="-123.25625307997903">
				<ele>88.06339733768255</ele>
				<time>2025-08-19T00:53:47Z</time>
			</trkpt>
			<trkpt lat="49.26880394875537" lon="-123.2562125168855">
				<ele>88.02399401087314</ele>
				<time>2025-08-19T00:53:50Z</time>
			</trkpt>
			<trkpt lat="49.268804800249654" lon="-123.25617790259558">
				<ele>87.9935528608039</ele>
				<time>2025-08-19T00:53:52Z</time>
			</trkpt>
			<trkpt lat="49.268816681001724" lon="-123.25613636211443">
				<ele>88.301403590478</ele>
				<time>2025-08-19T00:53:55Z</time>
			</trkpt>
			<trkpt lat="49.268828802209214" lon="-123.25611229195725">
				<ele>88.06805139780045</ele>
				<time>2025-08-19T00:53:57Z</time>
			</trkpt>
			<trkpt lat="49.26884664073235" lon="-123.25608296074391">
				<ele>87.91511862538755</ele>
				<time>2025-08-19T00:54:00Z</time>
			</trkpt>
			<trkpt lat="49.26886260456761" lon="-123.25606268964034">
				<ele>87.69055830966681</ele>
				<time>2025-08-19T00:54:02Z</time>
			</trkpt>
			<trkpt lat="49.268877739726946" lon="-123.25604517551136">
				<ele>87.78007709793746</ele>
				<time>2025-08-19T00:54:04Z</time>
			</trkpt>
			<trkpt lat="49.268896518477526" lon="-123.25603045679235">
				<ele>87.40456665493548</ele>
				<time>2025-08-19T00:54:06Z</time>
			</trkpt>
			<trkpt lat="49.26891698064308" lon="-123.25601929187823">
				<ele>87.43705425877124</ele>
				<time>2025-08-19T00:54:08Z</time>
			</trkpt>
			<trkpt lat="49.26893587593924" lon="-123.25600469459148">
				<ele>87.59157090820372</ele>
				<time>2025-08-19T00:54:10Z</time>
			</trkpt>
			<trkpt lat="49.26895981695113" lon="-123.2559923890805">
				<ele>87.9276473345235</ele>
				<time>2025-08-19T00:54:12Z</time>
			</trkpt>
			<trkpt lat="49.268984396913" lon="-123.25597893564387">
				<ele>88.01487334724516</ele>
				<time>2025-08-19T00:54:14Z</time>
			</trkpt>
			<trkpt lat="49.269009500552755" lon="-123.25596153405658">
				<ele>88.46353569906205</ele>
				<time>2025-08-19T00:54:16Z</time>
			</trkpt>
			<trkpt lat="49.26902381764337" lon="-123.25594030923057">
				<ele>88.08267673943192</ele>
				<time>2025-08-19T00:54:18Z</time>
			</trkpt>
			<trkpt lat="49.26903996632831" lon="-123.25591467030164">
				<ele>88.4158971235156</ele>
				<time>2025-08-19T00:54:20Z</time>
			</trkpt>
			<trkpt lat="49.26905066728586" lon="-123.25588645583721">
				<ele>88.10738749336451</ele>
				<time>2025-08-19T00:54:22Z</time>
			</trkpt>
			<trkpt lat="49.26905931844405" lon="-123.2558564979992">
				<ele>88.39601364918053</ele>
				<time>2025-08-19T00:54:24Z</time>
			</trkpt>
			<trkpt lat="49.269072722264" lon="-123.25582881948351">
				<ele>88.37869578041136</ele>
				<time>2025-08-19T00:54:26Z</time>
			</trkpt>
			<trkpt lat="49.26909233568266" lon="-123.25579870985071">
				<ele>88.0067298496142</ele>
				<time>2025-08-19T00:54:28Z</time>
			</trkpt>
			<trkpt lat="49.269103476132926" lon="-123.25576433625172">
				<ele>87.87136310711503</ele>
				<time>2025-08-19T00:54:30Z</time>
			</trkpt>
			<trkpt lat="49.26911650233647" lon="-123.25573247335612">
				<ele>88.05505274888128</ele>
				<time>2025-08-19T00:54:32Z</time>
			</trkpt>
			<trkpt lat="49.26912468187934" lon="-123.25569978599476">
				<ele>87.94664975069463</ele>
				<time>2025-08-19T00:54:34Z</time>
			</trkpt>
			<trkpt lat="49.269120821840104" lon="-123.25566635217997">
				<ele>87.77457429282367</ele>
				<time>2025-08-19T00:54:36Z</time>
			</trkpt>
			<trkpt lat="49.269122039662726" lon="-123.25562859811014">
				<ele>88.04089677426964</ele>
				<time>2025-08-19T00:54:38Z</time>
			</trkpt>
			<trkpt lat="49.26912724660811" lon="-123.25560192518203">
				<ele>88.00652209483087</ele>
				<time>2025-08-19T00:54:41Z</time>
			</trkpt>
			<trkpt lat="49.269136906287386" lon="-123.25557577770142">
				<ele>87.6304393876344</ele>
				<time>2025-08-19T00:54:43Z</time>
			</trkpt>
			<trkpt lat="49.26915501663269" lon="-123.25555778302521">
				<ele>87.76880025677383</ele>
				<time>2025-08-19T00:54:47Z</time>
			</trkpt>
			<trkpt lat="49.26918013966013" lon="-123.25557279955825">
				<ele>88.09530644770712</ele>
				<time>2025-08-19T00:54:49Z</time>
			</trkpt>
			<trkpt lat="49.26920101400014" lon="-123.25557700988125">
				<ele>88.00858826376498</ele>
				<time>2025-08-19T00:54:51Z</time>
			</trkpt>
			<trkpt lat="49.26922411565303" lon="-123.25557615052533">
				<ele>87.3736324608326</ele>
				<time>2025-08-19T00:54:54Z</time>
			</trkpt>
			<trkpt lat="49.26920647341199" lon="-123.25558738452801">
				<ele>87.33999387454242</ele>
				<time>2025-08-19T00:54:58Z</time>
			</trkpt>
			<trkpt lat="49.26920347099531" lon="-123.25558992625051">
				<ele>87.20838592760265</ele>
				<time>2025-08-19T00:55:11Z</time>
			</trkpt>
			<trkpt lat="49.26924558271816" lon="-123.25554646231483">
				<ele>88.08587451651692</ele>
				<time>2025-08-19T00:55:39Z</time>
			</trkpt>
			<trkpt lat="49.269262400245466" lon="-123.25552033064277">
				<ele>87.11586910113692</ele>
				<time>2025-08-19T00:55:41Z</time>
			</trkpt>
			<trkpt lat="49.26927724891065" lon="-123.25549143705743">
				<ele>87.41744034178555</ele>
				<time>2025-08-19T00:55:43Z</time>
			</trkpt>
			<trkpt lat="49.26930481382727" lon="-123.25546346822424">
				<ele>87.49909792188555</ele>
				<time>2025-08-19T00:55:45Z</time>
			</trkpt>
			<trkpt lat="49.26931078287881" lon="-123.25542379186474">
				<ele>87.32181056030095</ele>
				<time>2025-08-19T00:55:49Z</time>
			</trkpt>
			<trkpt lat="49.2693214889912" lon="-123.25539139630061">
				<ele>87.14122747723013</ele>
				<time>2025-08-19T00:55:52Z</time>
			</trkpt>
			<trkpt lat="49.26933405141946" lon="-123.25536068266923">
				<ele>86.91697293333709</ele>
				<time>2025-08-19T00:55:54Z</time>
			</trkpt>
			<trkpt lat="49.26934143940419" lon="-123.25533395826015">
				<ele>86.67628827877343</ele>
				<time>2025-08-19T00:55:56Z</time>
			</trkpt>
			<trkpt lat="49.269353653582584" lon="-123.25530532458367">
				<ele>86.30105343367904</ele>
				<time>2025-08-19T00:55:58Z</time>
			</trkpt>
			<trkpt lat="49.269371117556304" lon="-123.25528651839512">
				<ele>86.39680209942162</ele>
				<time>2025-08-19T00:56:00Z</time>
			</trkpt>
			<trkpt lat="49.26938915431458" lon="-123.25526418732555">
				<ele>86.34817926120013</ele>
				<time>2025-08-19T00:56:02Z</time>
			</trkpt>
			<trkpt lat="49.26940425278492" lon="-123.25523049073296">
				<ele>86.12424184475094</ele>
				<time>2025-08-19T00:56:04Z</time>
			</trkpt>
			<trkpt lat="49.2694163007595" lon="-123.25520257575327">
				<ele>86.24533361755311</ele>
				<time>2025-08-19T00:56:06Z</time>
			</trkpt>
			<trkpt lat="49.269443466192826" lon="-123.2551640827454">
				<ele>86.71660790219903</ele>
				<time>2025-08-19T00:56:08Z</time>
			</trkpt>
			<trkpt lat="49.269460773396716" lon="-123.25513222937481">
				<ele>87.07527244277298</ele>
				<time>2025-08-19T00:56:10Z</time>
			</trkpt>
			<trkpt lat="49.26947742399066" lon="-123.2551022878127">
				<ele>87.55496875476092</ele>
				<time>2025-08-19T00:56:12Z</time>
			</trkpt>
			<trkpt lat="49.26949371224868" lon="-123.25507246959874">
				<ele>87.76901154592633</ele>
				<time>2025-08-19T00:56:14Z</time>
			</trkpt>
			<trkpt lat="49.26951524983831" lon="-123.25504545460268">
				<ele>87.8023520167917</ele>
				<time>2025-08-19T00:56:16Z</time>
			</trkpt>
			<trkpt lat="49.269529851329786" lon="-123.2550187367585">
				<ele>87.571677044034</ele>
				<time>2025-08-19T00:56:18Z</time>
			</trkpt>
			<trkpt lat="49.26954470217396" lon="-123.25498690638523">
				<ele>87.99434183351696</ele>
				<time>2025-08-19T00:56:20Z</time>
			</trkpt>
			<trkpt lat="49.26955247349159" lon="-123.25495683865203">
				<ele>88.06445614527911</ele>
				<time>2025-08-19T00:56:22Z</time>
			</trkpt>
			<trkpt lat="49.26955964333518" lon="-123.25492298558821">
				<ele>87.3026022175327</ele>
				<time>2025-08-19T00:56:25Z</time>
			</trkpt>
			<trkpt lat="49.269557795279525" lon="-123.2548925237463">
				<ele>87.01589343231171</ele>
				<time>2025-08-19T00:56:27Z</time>
			</trkpt>
			<trkpt lat="49.26955653338358" lon="-123.25485710936586">
				<ele>86.3393721813336</ele>
				<time>2025-08-19T00:56:31Z</time>
			</trkpt>
			<trkpt lat="49.2695606957448" lon="-123.25481698914236">
				<ele>86.62379447091371</ele>
				<time>2025-08-19T00:56:34Z</time>
			</trkpt>
			<trkpt lat="49.26957595300402" lon="-123.25478052057616">
				<ele>86.04705502651632</ele>
				<time>2025-08-19T00:56:37Z</time>
			</trkpt>
			<trkpt lat="49.2695857363869" lon="-123.25475058265576">
				<ele>86.81287309713662</ele>
				<time>2025-08-19T00:56:39Z</time>
			</trkpt>
			<trkpt lat="49.26959732976551" lon="-123.25472085898798">
				<ele>86.39605506323278</ele>
				<time>2025-08-19T00:56:41Z</time>
			</trkpt>
			<trkpt lat="49.2696109378956" lon="-123.25468826288807">
				<ele>86.5030088685453</ele>
				<time>2025-08-19T00:56:43Z</time>
			</trkpt>
			<trkpt lat="49.26960760521611" lon="-123.25465857478909">
				<ele>86.75809612683952</ele>
				<time>2025-08-19T00:56:46Z</time>
			</trkpt>
			<trkpt lat="49.26962564876389" lon="-123.25465254002219">
				<ele>86.35312063526362</ele>
				<time>2025-08-19T00:56:47Z</time>
			</trkpt>
			<trkpt lat="49.26963629298171" lon="-123.25462611802426">
				<ele>86.47092506941408</ele>
				<time>2025-08-19T00:56:48Z</time>
			</trkpt>
			<trkpt lat="49.269630093147974" lon="-123.25457827463113">
				<ele>86.34056874364614</ele>
				<time>2025-08-19T00:56:50Z</time>
			</trkpt>
			<trkpt lat="49.269628892787814" lon="-123.2545349984034">
				<ele>85.95633757859468</ele>
				<time>2025-08-19T00:56:52Z</time>
			</trkpt>
			<trkpt lat="49.26964549061732" lon="-123.25450485389025">
				<ele>85.8572357147932</ele>
				<time>2025-08-19T00:56:54Z</time>
			</trkpt>
			<trkpt lat="49.269642841438866" lon="-123.25446968735963">
				<ele>86.01675174105912</ele>
				<time>2025-08-19T00:56:56Z</time>
			</trkpt>
			<trkpt lat="49.269651712686716" lon="-123.2544281705662">
				<ele>85.47460231557488</ele>
				<time>2025-08-19T00:56:58Z</time>
			</trkpt>
			<trkpt lat="49.26965646959242" lon="-123.25438697464216">
				<ele>86.20726441778243</ele>
				<time>2025-08-19T00:57:00Z</time>
			</trkpt>
			<trkpt lat="49.2696551361424" lon="-123.25435840074687">
				<ele>85.3619334558025</ele>
				<time>2025-08-19T00:57:02Z</time>
			</trkpt>
			<trkpt lat="49.26966597577702" lon="-123.25432511390802">
				<ele>85.80036616511643</ele>
				<time>2025-08-19T00:57:04Z</time>
			</trkpt>
			<trkpt lat="49.26967747194234" lon="-123.25429134490214">
				<ele>85.63164100237191</ele>
				<time>2025-08-19T00:57:06Z</time>
			</trkpt>
			<trkpt lat="49.26968291999598" lon="-123.25425850255078">
				<ele>85.34130753483623</ele>
				<time>2025-08-19T00:57:08Z</time>
			</trkpt>
			<trkpt lat="49.269691870043616" lon="-123.25422884313143">
				<ele>86.10510590393096</ele>
				<time>2025-08-19T00:57:10Z</time>
			</trkpt>
			<trkpt lat="49.2696999051564" lon="-123.25419683036692">
				<ele>85.63273469731212</ele>
				<time>2025-08-19T00:57:12Z</time>
			</trkpt>
			<trkpt lat="49.269718386261374" lon="-123.25415236391439">
				<ele>85.78225458785892</ele>
				<time>2025-08-19T00:57:15Z</time>
			</trkpt>
			<trkpt lat="49.26973178161573" lon="-123.25411890602177">
				<ele>85.08959743380547</ele>
				<time>2025-08-19T00:57:17Z</time>
			</trkpt>
			<trkpt lat="49.26974577427646" lon="-123.2540778703111">
				<ele>85.05670186970383</ele>
				<time>2025-08-19T00:57:20Z</time>
			</trkpt>
			<trkpt lat="49.26975022577838" lon="-123.25404087633473">
				<ele>84.87492318358272</ele>
				<time>2025-08-19T00:57:22Z</time>
			</trkpt>
			<trkpt lat="49.26976496830649" lon="-123.25401333451991">
				<ele>84.6066239438951</ele>
				<time>2025-08-19T00:57:26Z</time>
			</trkpt>
			<trkpt lat="49.26977863536562" lon="-123.25398836702765">
				<ele>84.55181055422872</ele>
				<time>2025-08-19T00:57:27Z</time>
			</trkpt>
			<trkpt lat="49.26979315560476" lon="-123.25396948364804">
				<ele>84.43500975426286</ele>
				<time>2025-08-19T00:57:30Z</time>
			</trkpt>
			<trkpt lat="49.269809904450106" lon="-123.25395515627277">
				<ele>84.24009825102985</ele>
				<time>2025-08-19T00:57:31Z</time>
			</trkpt>
			<trkpt lat="49.26982265772144" lon="-123.25391848431893">
				<ele>84.70654290821403</ele>
				<time>2025-08-19T00:57:33Z</time>
			</trkpt>
			<trkpt lat="49.26982265670745" lon="-123.25386977082282">
				<ele>84.1841181954369</ele>
				<time>2025-08-19T00:57:38Z</time>
			</trkpt>
			<trkpt lat="49.269836560716115" lon="-123.25383775514119">
				<ele>83.6605507619679</ele>
				<time>2025-08-19T00:57:41Z</time>
			</trkpt>
			<trkpt lat="49.269851792457125" lon="-123.25381758971012">
				<ele>83.67599129211158</ele>
				<time>2025-08-19T00:57:43Z</time>
			</trkpt>
			<trkpt lat="49.269851548977606" lon="-123.25378463327054">
				<ele>83.75743473600596</ele>
				<time>2025-08-19T00:57:45Z</time>
			</trkpt>
			<trkpt lat="49.26984057097032" lon="-123.25375783637152">
				<ele>83.90349755994976</ele>
				<time>2025-08-19T00:57:47Z</time>
			</trkpt>
			<trkpt lat="49.26982178156677" lon="-123.25373486100104">
				<ele>84.164978755638</ele>
				<time>2025-08-19T00:57:49Z</time>
			</trkpt>
			<trkpt lat="49.26980574710288" lon="-123.25371855071539">
				<ele>85.05071238148957</ele>
				<time>2025-08-19T00:57:50Z</time>
			</trkpt>
			<trkpt lat="49.269792431135215" lon="-123.25369914997978">
				<ele>85.26071055792272</ele>
				<time>2025-08-19T00:57:53Z</time>
			</trkpt>
			<trkpt lat="49.26977904698541" lon="-123.25366748087187">
				<ele>85.01531050167978</ele>
				<time>2025-08-19T00:57:55Z</time>
			</trkpt>
			<trkpt lat="49.26976067933417" lon="-123.25364177536687">
				<ele>85.72836632560939</ele>
				<time>2025-08-19T00:57:57Z</time>
			</trkpt>
			<trkpt lat="49.26975116475731" lon="-123.2536180825363">
				<ele>85.4159201644361</ele>
				<time>2025-08-19T00:57:59Z</time>
			</trkpt>
			<trkpt lat="49.269743147449965" lon="-123.25358831999942">
				<ele>85.04241068009287</ele>
				<time>2025-08-19T00:58:02Z</time>
			</trkpt>
			<trkpt lat="49.269727090904766" lon="-123.25357465960236">
				<ele>83.88258937746286</ele>
				<time>2025-08-19T00:58:05Z</time>
			</trkpt>
			<trkpt lat="49.269729402523346" lon="-123.25357225691518">
				<ele>84.57609952427447</ele>
				<time>2025-08-19T00:58:17Z</time>
			</trkpt>
			<trkpt lat="49.26970736044409" lon="-123.25354714647612">
				<ele>85.42888442520052</ele>
				<time>2025-08-19T00:59:11Z</time>
			</trkpt>
			<trkpt lat="49.269703557157015" lon="-123.25351267804959">
				<ele>85.7112384904176</ele>
				<time>2025-08-19T00:59:14Z</time>
			</trkpt>
			<trkpt lat="49.26967201442421" lon="-123.2534950165468">
				<ele>86.7283106893301</ele>
				<time>2025-08-19T00:59:18Z</time>
			</trkpt>
			<trkpt lat="49.269644687866645" lon="-123.25349524758559">
				<ele>86.08301979117095</ele>
				<time>2025-08-19T00:59:21Z</time>
			</trkpt>
			<trkpt lat="49.26962685650409" lon="-123.25348234392516">
				<ele>86.27151114866138</ele>
				<time>2025-08-19T00:59:23Z</time>
			</trkpt>
			<trkpt lat="49.269603929706136" lon="-123.25347204182661">
				<ele>85.60329020954669</ele>
				<time>2025-08-19T00:59:25Z</time>
			</trkpt>
			<trkpt lat="49.269582917421104" lon="-123.25347786812063">
				<ele>85.74491027183831</ele>
				<time>2025-08-19T00:59:28Z</time>
			</trkpt>
			<trkpt lat="49.2695636856682" lon="-123.25346437627464">
				<ele>85.53993049170822</ele>
				<time>2025-08-19T00:59:30Z</time>
			</trkpt>
			<trkpt lat="49.26954826549916" lon="-123.25344989340948">
				<ele>85.77486398257315</ele>
				<time>2025-08-19T00:59:31Z</time>
			</trkpt>
			<trkpt lat="49.269529473243985" lon="-123.2534468534735">
				<ele>85.0820265263319</ele>
				<time>2025-08-19T00:59:33Z</time>
			</trkpt>
			<trkpt lat="49.26950635375113" lon="-123.25344483984493">
				<ele>84.88464991748333</ele>
				<time>2025-08-19T00:59:35Z</time>
			</trkpt>
			<trkpt lat="49.26948207632116" lon="-123.25342342776783">
				<ele>84.79458390921354</ele>
				<time>2025-08-19T00:59:37Z</time>
			</trkpt>
			<trkpt lat="49.26946319249948" lon="-123.25340166867618">
				<ele>84.82990298513323</ele>
				<time>2025-08-19T00:59:39Z</time>
			</trkpt>
			<trkpt lat="49.26944400563805" lon="-123.25339527633365">
				<ele>84.09838153980672</ele>
				<time>2025-08-19T00:59:42Z</time>
			</trkpt>
			<trkpt lat="49.26942185012412" lon="-123.25338786693224">
				<ele>83.15591773018241</ele>
				<time>2025-08-19T00:59:44Z</time>
			</trkpt>
			<trkpt lat="49.26939814977564" lon="-123.25337067653003">
				<ele>83.16069398075342</ele>
				<time>2025-08-19T00:59:46Z</time>
			</trkpt>
			<trkpt lat="49.269375235362354" lon="-123.25335228162474">
				<ele>83.64868723601103</ele>
				<time>2025-08-19T00:59:48Z</time>
			</trkpt>
			<trkpt lat="49.269348388008765" lon="-123.25332576245444">
				<ele>82.56865695584565</ele>
				<time>2025-08-19T00:59:50Z</time>
			</trkpt>
			<trkpt lat="49.26931902225373" lon="-123.25330251377746">
				<ele>82.75563933700323</ele>
				<time>2025-08-19T00:59:52Z</time>
			</trkpt>
			<trkpt lat="49.26929915933029" lon="-123.25329006327192">
				<ele>83.11707029584795</ele>
				<time>2025-08-19T00:59:54Z</time>
			</trkpt>
			<trkpt lat="49.269280707188365" lon="-123.25328091559624">
				<ele>83.62870077043772</ele>
				<time>2025-08-19T00:59:56Z</time>
			</trkpt>
			<trkpt lat="49.26925754929626" lon="-123.25326545890145">
				<ele>83.61748804710805</ele>
				<time>2025-08-19T00:59:58Z</time>
			</trkpt>
			<trkpt lat="49.26924010013595" lon="-123.25325425631745">
				<ele>84.38352512661368</ele>
				<time>2025-08-19T01:00:00Z</time>
			</trkpt>
			<trkpt lat="49.26922634278918" lon="-123.25323016632939">
				<ele>84.72097774874419</ele>
				<time>2025-08-19T01:00:02Z</time>
			</trkpt>
			<trkpt lat="49.26921463938152" lon="-123.253204219153">
				<ele>84.96993186697364</ele>
				<time>2025-08-19T01:00:04Z</time>
			</trkpt>
			<trkpt lat="49.26921975493636" lon="-123.25323737652644">
				<ele>85.03766220156103</ele>
				<time>2025-08-19T01:00:08Z</time>
			</trkpt>
			<trkpt lat="49.26921202436724" lon="-123.25318184596676">
				<ele>85.13092280644923</ele>
				<time>2025-08-19T01:00:09Z</time>
			</trkpt>
			<trkpt lat="49.26918825977904" lon="-123.2531892771095">
				<ele>85.83488364331424</ele>
				<time>2025-08-19T01:00:10Z</time>
			</trkpt>
			<trkpt lat="49.26915921706039" lon="-123.25321613701337">
				<ele>86.06868148595095</ele>
				<time>2025-08-19T01:00:11Z</time>
			</trkpt>
			<trkpt lat="49.269144512120135" lon="-123.25319405348208">
				<ele>86.39067460317165</ele>
				<time>2025-08-19T01:00:13Z</time>
			</trkpt>
			<trkpt lat="49.2691239483461" lon="-123.25315065925233">
				<ele>86.71655488945544</ele>
				<time>2025-08-19T01:00:15Z</time>
			</trkpt>
			<trkpt lat="49.26909848565917" lon="-123.25311557526598">
				<ele>87.39268709532917</ele>
				<time>2025-08-19T01:00:18Z</time>
			</trkpt>
			<trkpt lat="49.26907006297311" lon="-123.25310986831832">
				<ele>86.40759482234716</ele>
				<time>2025-08-19T01:00:20Z</time>
			</trkpt>
			<trkpt lat="49.26904735252852" lon="-123.25308951020499">
				<ele>86.5036708470434</ele>
				<time>2025-08-19T01:00:22Z</time>
			</trkpt>
			<trkpt lat="49.26902194151734" lon="-123.25306828775894">
				<ele>86.0114663830027</ele>
				<time>2025-08-19T01:00:24Z</time>
			</trkpt>
			<trkpt lat="49.26900581968558" lon="-123.25304353652106">
				<ele>86.82739456836134</ele>
				<time>2025-08-19T01:00:26Z</time>
			</trkpt>
			<trkpt lat="49.26900533245001" lon="-123.25301426688976">
				<ele>86.36416218616068</ele>
				<time>2025-08-19T01:00:28Z</time>
			</trkpt>
			<trkpt lat="49.269000108525354" lon="-123.25306027947974">
				<ele>85.818659292534</ele>
				<time>2025-08-19T01:00:29Z</time>
			</trkpt>
			<trkpt lat="49.26896687245998" lon="-123.25303750124101">
				<ele>85.59997383039445</ele>
				<time>2025-08-19T01:00:30Z</time>
			</trkpt>
			<trkpt lat="49.268954201146244" lon="-123.25300362324184">
				<ele>85.80778229795396</ele>
				<time>2025-08-19T01:00:32Z</time>
			</trkpt>
			<trkpt lat="49.26894291379811" lon="-123.25295796588388">
				<ele>85.91782524716109</ele>
				<time>2025-08-19T01:00:34Z</time>
			</trkpt>
			<trkpt lat="49.26892179348775" lon="-123.25292268490563">
				<ele>86.12510839570314</ele>
				<time>2025-08-19T01:00:36Z</time>
			</trkpt>
			<trkpt lat="49.26890446465022" lon="-123.25289769873875">
				<ele>85.90575984958559</ele>
				<time>2025-08-19T01:00:39Z</time>
			</trkpt>
			<trkpt lat="49.26891787466335" lon="-123.25286353495501">
				<ele>85.55420639645308</ele>
				<time>2025-08-19T01:00:41Z</time>
			</trkpt>
			<trkpt lat="49.26890768555388" lon="-123.25283728496184">
				<ele>85.26961877755821</ele>
				<time>2025-08-19T01:00:42Z</time>
			</trkpt>
			<trkpt lat="49.26888914736104" lon="-123.25280723489168">
				<ele>85.42533813603222</ele>
				<time>2025-08-19T01:00:44Z</time>
			</trkpt>
			<trkpt lat="49.26887418079033" lon="-123.25279098620982">
				<ele>84.52546248026192</ele>
				<time>2025-08-19T01:00:46Z</time>
			</trkpt>
			<trkpt lat="49.26884660901431" lon="-123.25279919859955">
				<ele>85.97863912396133</ele>
				<time>2025-08-19T01:00:48Z</time>
			</trkpt>
			<trkpt lat="49.268808078870336" lon="-123.25278364805108">
				<ele>85.7476135212928</ele>
				<time>2025-08-19T01:00:52Z</time>
			</trkpt>
			<trkpt lat="49.26877587508483" lon="-123.25279661393508">
				<ele>86.16816584952176</ele>
				<time>2025-08-19T01:00:54Z</time>
			</trkpt>
			<trkpt lat="49.268749435240636" lon="-123.25280051502024">
				<ele>86.54507270082831</ele>
				<time>2025-08-19T01:00:56Z</time>
			</trkpt>
			<trkpt lat="49.26872461795713" lon="-123.25277066808864">
				<ele>85.79499471653253</ele>
				<time>2025-08-19T01:01:00Z</time>
			</trkpt>
			<trkpt lat="49.26869572240716" lon="-123.25276078964643">
				<ele>85.6061278320849</ele>
				<time>2025-08-19T01:01:03Z</time>
			</trkpt>
			<trkpt lat="49.268665937802595" lon="-123.25274121014616">
				<ele>86.13941310532391</ele>
				<time>2025-08-19T01:01:05Z</time>
			</trkpt>
			<trkpt lat="49.26864845680659" lon="-123.25272260540144">
				<ele>86.10247110482305</ele>
				<time>2025-08-19T01:01:07Z</time>
			</trkpt>
			<trkpt lat="49.26862516558328" lon="-123.2527086060381">
				<ele>86.59637302160263</ele>
				<time>2025-08-19T01:01:09Z</time>
			</trkpt>
			<trkpt lat="49.2686089073001" lon="-123.25269523020437">
				<ele>86.62994533963501</ele>
				<time>2025-08-19T01:01:10Z</time>
			</trkpt>
			<trkpt lat="49.26859577395476" lon="-123.25267595170334">
				<ele>86.51860303990543</ele>
				<time>2025-08-19T01:01:11Z</time>
			</trkpt>
			<trkpt lat="49.26856361975342" lon="-123.2526853070023">
				<ele>87.14305820781738</ele>
				<time>2025-08-19T01:01:14Z</time>
			</trkpt>
			<trkpt lat="49.26854319876347" lon="-123.25266235030895">
				<ele>86.41353047452867</ele>
				<time>2025-08-19T01:01:16Z</time>
			</trkpt>
			<trkpt lat="49.268521442683486" lon="-123.25264862336753">
				<ele>86.42114023771137</ele>
				<time>2025-08-19T01:01:18Z</time>
			</trkpt>
			<trkpt lat="49.26850326055808" lon="-123.25263826362693">
				<ele>86.39914365671575</ele>
				<time>2025-08-19T01:01:20Z</time>
			</trkpt>
			<trkpt lat="49.26847983969831" lon="-123.25262409145417">
				<ele>86.39107208326459</ele>
				<time>2025-08-19T01:01:23Z</time>
			</trkpt>
			<trkpt lat="49.26845979716197" lon="-123.2526130493233">
				<ele>86.39256691560149</ele>
				<time>2025-08-19T01:01:25Z</time>
			</trkpt>
			<trkpt lat="49.26844294825359" lon="-123.25258975975763">
				<ele>86.77521950379014</ele>
				<time>2025-08-19T01:01:27Z</time>
			</trkpt>
			<trkpt lat="49.26842906626065" lon="-123.2525649551866">
				<ele>86.77695018518716</ele>
				<time>2025-08-19T01:01:30Z</time>
			</trkpt>
			<trkpt lat="49.26841306116859" lon="-123.25254241189745">
				<ele>86.28219297900796</ele>
				<time>2025-08-19T01:01:32Z</time>
			</trkpt>
			<trkpt lat="49.26840350581139" lon="-123.25251600169703">
				<ele>86.67109285201877</ele>
				<time>2025-08-19T01:01:34Z</time>
			</trkpt>
			<trkpt lat="49.268388696553075" lon="-123.25248734397913">
				<ele>86.76487575937063</ele>
				<time>2025-08-19T01:01:36Z</time>
			</trkpt>
			<trkpt lat="49.26837549842202" lon="-123.25246019681366">
				<ele>86.66381498239934</ele>
				<time>2025-08-19T01:01:38Z</time>
			</trkpt>
			<trkpt lat="49.26835766107497" lon="-123.25244807741636">
				<ele>86.41948696877807</ele>
				<time>2025-08-19T01:01:40Z</time>
			</trkpt>
			<trkpt lat="49.2683297002027" lon="-123.25243699989419">
				<ele>86.17814576718956</ele>
				<time>2025-08-19T01:01:43Z</time>
			</trkpt>
			<trkpt lat="49.26831703467623" lon="-123.25246112783097">
				<ele>86.13906413596123</ele>
				<time>2025-08-19T01:01:46Z</time>
			</trkpt>
			<trkpt lat="49.26829904808322" lon="-123.25241288105806">
				<ele>86.03217949904501</ele>
				<time>2025-08-19T01:01:48Z</time>
			</trkpt>
			<trkpt lat="49.268270336310735" lon="-123.25241986411652">
				<ele>85.89278145879507</ele>
				<time>2025-08-19T01:01:49Z</time>
			</trkpt>
			<trkpt lat="49.26822046056066" lon="-123.25244712322316">
				<ele>86.7786328624934</ele>
				<time>2025-08-19T01:01:51Z</time>
			</trkpt>
			<trkpt lat="49.26819254381103" lon="-123.25243852118278">
				<ele>87.11684328038245</ele>
				<time>2025-08-19T01:01:53Z</time>
			</trkpt>
			<trkpt lat="49.26818809828319" lon="-123.25240554455698">
				<ele>87.04047641251236</ele>
				<time>2025-08-19T01:01:56Z</time>
			</trkpt>
			<trkpt lat="49.26816449123307" lon="-123.25240761458117">
				<ele>86.76764967292547</ele>
				<time>2025-08-19T01:01:57Z</time>
			</trkpt>
			<trkpt lat="49.26815023154382" lon="-123.25237993345186">
				<ele>87.10056046862155</ele>
				<time>2025-08-19T01:01:59Z</time>
			</trkpt>
			<trkpt lat="49.2681316025754" lon="-123.25236635176326">
				<ele>87.1542207673192</ele>
				<time>2025-08-19T01:02:00Z</time>
			</trkpt>
			<trkpt lat="49.26810832195973" lon="-123.25234988707108">
				<ele>87.46994973253459</ele>
				<time>2025-08-19T01:02:02Z</time>
			</trkpt>
			<trkpt lat="49.268088450262745" lon="-123.25233256806985">
				<ele>87.21670687384903</ele>
				<time>2025-08-19T01:02:05Z</time>
			</trkpt>
			<trkpt lat="49.268072638959666" lon="-123.25231866542181">
				<ele>86.91796713322401</ele>
				<time>2025-08-19T01:02:07Z</time>
			</trkpt>
			<trkpt lat="49.26805643210935" lon="-123.25230111609565">
				<ele>87.10176432784647</ele>
				<time>2025-08-19T01:02:10Z</time>
			</trkpt>
			<trkpt lat="49.26803589889333" lon="-123.25229323275599">
				<ele>87.4873490743339</ele>
				<time>2025-08-19T01:02:13Z</time>
			</trkpt>
			<trkpt lat="49.26801181581889" lon="-123.25228929045666">
				<ele>87.05259940680116</ele>
				<time>2025-08-19T01:02:15Z</time>
			</trkpt>
			<trkpt lat="49.267985832300226" lon="-123.25227677047945">
				<ele>87.64843250717968</ele>
				<time>2025-08-19T01:02:18Z</time>
			</trkpt>
			<trkpt lat="49.26796558833925" lon="-123.25225385820494">
				<ele>87.33121988084167</ele>
				<time>2025-08-19T01:02:21Z</time>
			</trkpt>
			<trkpt lat="49.26794728553516" lon="-123.25224177849518">
				<ele>86.8375856820494</ele>
				<time>2025-08-19T01:02:23Z</time>
			</trkpt>
			<trkpt lat="49.26792318094142" lon="-123.2522117694516">
				<ele>86.66981718782336</ele>
				<time>2025-08-19T01:02:25Z</time>
			</trkpt>
			<trkpt lat="49.26789759121404" lon="-123.25219490853542">
				<ele>86.65299028437585</ele>
				<time>2025-08-19T01:02:27Z</time>
			</trkpt>
			<trkpt lat="49.26787571491438" lon="-123.25218140336274">
				<ele>87.17356928996742</ele>
				<time>2025-08-19T01:02:29Z</time>
			</trkpt>
			<trkpt lat="49.267857914499466" lon="-123.25215993770313">
				<ele>87.99618895445019</ele>
				<time>2025-08-19T01:02:32Z</time>
			</trkpt>
			<trkpt lat="49.26784068111761" lon="-123.25214249949236">
				<ele>87.74366211518645</ele>
				<time>2025-08-19T01:02:34Z</time>
			</trkpt>
			<trkpt lat="49.26782870258692" lon="-123.25212032820083">
				<ele>87.8110840972513</ele>
				<time>2025-08-19T01:02:36Z</time>
			</trkpt>
			<trkpt lat="49.26780683676565" lon="-123.25209172549665">
				<ele>87.40753368474543</ele>
				<time>2025-08-19T01:02:38Z</time>
			</trkpt>
			<trkpt lat="49.26778616381793" lon="-123.25206805486836">
				<ele>87.18687487207353</ele>
				<time>2025-08-19T01:02:40Z</time>
			</trkpt>
			<trkpt lat="49.26776252168267" lon="-123.25204298112156">
				<ele>87.26299693342298</ele>
				<time>2025-08-19T01:02:42Z</time>
			</trkpt>
			<trkpt lat="49.267734636022524" lon="-123.25201307856554">
				<ele>88.27055245358497</ele>
				<time>2025-08-19T01:02:47Z</time>
			</trkpt>
			<trkpt lat="49.26770955451016" lon="-123.25199924909235">
				<ele>87.6992142116651</ele>
				<time>2025-08-19T01:02:49Z</time>
			</trkpt>
			<trkpt lat="49.26769158778532" lon="-123.25198270005767">
				<ele>87.63012713845819</ele>
				<time>2025-08-19T01:02:50Z</time>
			</trkpt>
			<trkpt lat="49.267668944933284" lon="-123.25196477601905">
				<ele>87.98536018654704</ele>
				<time>2025-08-19T01:02:52Z</time>
			</trkpt>
			<trkpt lat="49.267652504529885" lon="-123.25194727598816">
				<ele>87.888646251522</ele>
				<time>2025-08-19T01:02:54Z</time>
			</trkpt>
			<trkpt lat="49.26763446422235" lon="-123.25195972473573">
				<ele>88.5456865830347</ele>
				<time>2025-08-19T01:02:55Z</time>
			</trkpt>
			<trkpt lat="49.26760977996001" lon="-123.25195133331746">
				<ele>88.65679086372256</ele>
				<time>2025-08-19T01:02:57Z</time>
			</trkpt>
			<trkpt lat="49.26757985347142" lon="-123.25192080229864">
				<ele>88.48266933951527</ele>
				<time>2025-08-19T01:03:00Z</time>
			</trkpt>
			<trkpt lat="49.26756393627767" lon="-123.25189154506988">
				<ele>88.26148608792573</ele>
				<time>2025-08-19T01:03:01Z</time>
			</trkpt>
			<trkpt lat="49.26754875454722" lon="-123.25186975329163">
				<ele>88.07412312179804</ele>
				<time>2025-08-19T01:03:03Z</time>
			</trkpt>
			<trkpt lat="49.2675302470708" lon="-123.25185443180686">
				<ele>87.80141646787524</ele>
				<time>2025-08-19T01:03:07Z</time>
			</trkpt>
			<trkpt lat="49.2675100508136" lon="-123.25182876069059">
				<ele>88.16931786667556</ele>
				<time>2025-08-19T01:03:08Z</time>
			</trkpt>
			<trkpt lat="49.267477262901146" lon="-123.25182957631448">
				<ele>88.57046495657414</ele>
				<time>2025-08-19T01:03:10Z</time>
			</trkpt>
			<trkpt lat="49.26745964087717" lon="-123.2518111091451">
				<ele>88.79029878601432</ele>
				<time>2025-08-19T01:03:11Z</time>
			</trkpt>
			<trkpt lat="49.26745065541211" lon="-123.25178269632809">
				<ele>88.59516986925155</ele>
				<time>2025-08-19T01:03:12Z</time>
			</trkpt>
			<trkpt lat="49.267429651998384" lon="-123.25179964187693">
				<ele>88.36307618673891</ele>
				<time>2025-08-19T01:03:14Z</time>
			</trkpt>
			<trkpt lat="49.26741054451394" lon="-123.25181888351148">
				<ele>88.28516973368824</ele>
				<time>2025-08-19T01:03:16Z</time>
			</trkpt>
			<trkpt lat="49.26740648681661" lon="-123.25185271234503">
				<ele>88.83495659101754</ele>
				<time>2025-08-19T01:03:18Z</time>
			</trkpt>
			<trkpt lat="49.26738761564714" lon="-123.25188207319862">
				<ele>89.0102956071496</ele>
				<time>2025-08-19T01:03:20Z</time>
			</trkpt>
			<trkpt lat="49.26736834462595" lon="-123.2519006364733">
				<ele>87.69052449520677</ele>
				<time>2025-08-19T01:03:24Z</time>
			</trkpt>
			<trkpt lat="49.26734343807781" lon="-123.25192469582656">
				<ele>87.66495344229043</ele>
				<time>2025-08-19T01:03:26Z</time>
			</trkpt>
			<trkpt lat="49.26732404339266" lon="-123.25192837757847">
				<ele>87.85734187439084</ele>
				<time>2025-08-19T01:03:28Z</time>
			</trkpt>
			<trkpt lat="49.267296888554796" lon="-123.25192951419163">
				<ele>88.10233506653458</ele>
				<time>2025-08-19T01:03:30Z</time>
			</trkpt>
			<trkpt lat="49.267270557957794" lon="-123.2519532496374">
				<ele>88.37188954278827</ele>
				<time>2025-08-19T01:03:32Z</time>
			</trkpt>
			<trkpt lat="49.26724031065923" lon="-123.25197534488301">
				<ele>88.6191189866513</ele>
				<time>2025-08-19T01:03:34Z</time>
			</trkpt>
			<trkpt lat="49.26722153601524" lon="-123.25197570358021">
				<ele>89.08135638572276</ele>
				<time>2025-08-19T01:03:36Z</time>
			</trkpt>
			<trkpt lat="49.267197952005574" lon="-123.25198482652144">
				<ele>87.5778598766774</ele>
				<time>2025-08-19T01:03:39Z</time>
			</trkpt>
			<trkpt lat="49.267175693197935" lon="-123.25197529713105">
				<ele>88.2517254203558</ele>
				<time>2025-08-19T01:03:41Z</time>
			</trkpt>
			<trkpt lat="49.26715764929006" lon="-123.25198767796064">
				<ele>88.82339673489332</ele>
				<time>2025-08-19T01:03:43Z</time>
			</trkpt>
			<trkpt lat="49.26713959148981" lon="-123.2519854874648">
				<ele>89.32353794481605</ele>
				<time>2025-08-19T01:03:45Z</time>
			</trkpt>
			<trkpt lat="49.267119876385436" lon="-123.25198232130538">
				<ele>89.14931878168136</ele>
				<time>2025-08-19T01:03:47Z</time>
			</trkpt>
			<trkpt lat="49.26709583280125" lon="-123.2519685631146">
				<ele>89.38739813677967</ele>
				<time>2025-08-19T01:03:51Z</time>
			</trkpt>
			<trkpt lat="49.26707184840843" lon="-123.25196913920281">
				<ele>89.15337681770325</ele>
				<time>2025-08-19T01:03:54Z</time>
			</trkpt>
			<trkpt lat="49.26705291265283" lon="-123.25196921233848">
				<ele>89.27787488605827</ele>
				<time>2025-08-19T01:03:57Z</time>
			</trkpt>
			<trkpt lat="49.26702730167099" lon="-123.25195545017242">
				<ele>90.428963964805</ele>
				<time>2025-08-19T01:04:04Z</time>
			</trkpt>
			<trkpt lat="49.266999910993825" lon="-123.25195016967194">
				<ele>89.94526378344744</ele>
				<time>2025-08-19T01:04:06Z</time>
			</trkpt>
			<trkpt lat="49.26697164932667" lon="-123.25195308382253">
				<ele>89.69064446352422</ele>
				<time>2025-08-19T01:04:07Z</time>
			</trkpt>
			<trkpt lat="49.26695181725236" lon="-123.25197305228329">
				<ele>89.84756663627923</ele>
				<time>2025-08-19T01:04:09Z</time>
			</trkpt>
			<trkpt lat="49.26693255875281" lon="-123.25198084340052">
				<ele>89.93474862817675</ele>
				<time>2025-08-19T01:04:11Z</time>
			</trkpt>
			<trkpt lat="49.266914126000835" lon="-123.25201108938596">
				<ele>89.91302714962512</ele>
				<time>2025-08-19T01:04:13Z</time>
			</trkpt>
			<trkpt lat="49.26690423727757" lon="-123.25205356177081">
				<ele>89.9130839612335</ele>
				<time>2025-08-19T01:04:15Z</time>
			</trkpt>
			<trkpt lat="49.26688594351186" lon="-123.25208572814094">
				<ele>89.61721273884177</ele>
				<time>2025-08-19T01:04:17Z</time>
			</trkpt>
			<trkpt lat="49.26685713144119" lon="-123.25210788164149">
				<ele>89.37489200755954</ele>
				<time>2025-08-19T01:04:20Z</time>
			</trkpt>
			<trkpt lat="49.26683686742986" lon="-123.25215618816425">
				<ele>89.7720956504345</ele>
				<time>2025-08-19T01:04:22Z</time>
			</trkpt>
			<trkpt lat="49.266818292832944" lon="-123.25216094426717">
				<ele>89.77361806947738</ele>
				<time>2025-08-19T01:04:23Z</time>
			</trkpt>
			<trkpt lat="49.266818408209815" lon="-123.2522000247069">
				<ele>89.27668295428157</ele>
				<time>2025-08-19T01:04:25Z</time>
			</trkpt>
			<trkpt lat="49.266821624369044" lon="-123.25224530151993">
				<ele>89.3939325530082</ele>
				<time>2025-08-19T01:04:27Z</time>
			</trkpt>
			<trkpt lat="49.26681946289914" lon="-123.25228314548352">
				<ele>88.82579348608851</ele>
				<time>2025-08-19T01:04:29Z</time>
			</trkpt>
			<trkpt lat="49.266810473777774" lon="-123.2523239082896">
				<ele>89.1131795719266</ele>
				<time>2025-08-19T01:04:31Z</time>
			</trkpt>
			<trkpt lat="49.266800510269086" lon="-123.25235139445468">
				<ele>89.03798332065344</ele>
				<time>2025-08-19T01:04:34Z</time>
			</trkpt>
			<trkpt lat="49.266783887643236" lon="-123.25237723932064">
				<ele>88.95423699822277</ele>
				<time>2025-08-19T01:04:37Z</time>
			</trkpt>
			<trkpt lat="49.26677773519739" lon="-123.25240435149054">
				<ele>89.25699344743043</ele>
				<time>2025-08-19T01:04:39Z</time>
			</trkpt>
			<trkpt lat="49.26677671266498" lon="-123.25243467572815">
				<ele>88.76410753279924</ele>
				<time>2025-08-19T01:04:41Z</time>
			</trkpt>
			<trkpt lat="49.266769353354285" lon="-123.25246914135114">
				<ele>88.86355508212</ele>
				<time>2025-08-19T01:04:43Z</time>
			</trkpt>
			<trkpt lat="49.26676198673598" lon="-123.2525021885266">
				<ele>89.05524361040443</ele>
				<time>2025-08-19T01:04:45Z</time>
			</trkpt>
			<trkpt lat="49.26674203068432" lon="-123.25253542859937">
				<ele>89.1141105722636</ele>
				<time>2025-08-19T01:04:48Z</time>
			</trkpt>
			<trkpt lat="49.26672889689245" lon="-123.25255807043537">
				<ele>89.96119108609855</ele>
				<time>2025-08-19T01:04:50Z</time>
			</trkpt>
			<trkpt lat="49.26671048946137" lon="-123.25258665871075">
				<ele>89.9531106511131</ele>
				<time>2025-08-19T01:04:52Z</time>
			</trkpt>
			<trkpt lat="49.26669976709991" lon="-123.25261683170808">
				<ele>90.28881626110524</ele>
				<time>2025-08-19T01:04:54Z</time>
			</trkpt>
			<trkpt lat="49.266687229301745" lon="-123.25269458938355">
				<ele>89.57814989425242</ele>
				<time>2025-08-19T01:04:56Z</time>
			</trkpt>
			<trkpt lat="49.26668200193753" lon="-123.25273415134612">
				<ele>90.35205019079149</ele>
				<time>2025-08-19T01:05:01Z</time>
			</trkpt>
			<trkpt lat="49.26668019645859" lon="-123.25276721885261">
				<ele>90.03958932403475</ele>
				<time>2025-08-19T01:05:03Z</time>
			</trkpt>
			<trkpt lat="49.26667103570603" lon="-123.25281344750712">
				<ele>90.40479470510036</ele>
				<time>2025-08-19T01:05:05Z</time>
			</trkpt>
			<trkpt lat="49.26666535761462" lon="-123.25284903459496">
				<ele>90.55795445665717</ele>
				<time>2025-08-19T01:05:07Z</time>
			</trkpt>
			<trkpt lat="49.2666576397472" lon="-123.25287736846738">
				<ele>90.4326203726232</ele>
				<time>2025-08-19T01:05:09Z</time>
			</trkpt>
			<trkpt lat="49.26664983629451" lon="-123.25291175181326">
				<ele>90.0593191338703</ele>
				<time>2025-08-19T01:05:12Z</time>
			</trkpt>
			<trkpt lat="49.26663415432661" lon="-123.25294396573526">
				<ele>90.453693411313</ele>
				<time>2025-08-19T01:05:14Z</time>
			</trkpt>
			<trkpt lat="49.26662167664205" lon="-123.25297105197724">
				<ele>89.62385168392211</ele>
				<time>2025-08-19T01:05:16Z</time>
			</trkpt>
			<trkpt lat="49.26660854947791" lon="-123.25300828477133">
				<ele>90.21417047549039</ele>
				<time>2025-08-19T01:05:18Z</time>
			</trkpt>
			<trkpt lat="49.266590253044264" lon="-123.25303900225194">
				<ele>90.50175533257425</ele>
				<time>2025-08-19T01:05:21Z</time>
			</trkpt>
			<trkpt lat="49.26657178998017" lon="-123.25305372003336">
				<ele>90.97948816977441</ele>
				<time>2025-08-19T01:05:23Z</time>
			</trkpt>
			<trkpt lat="49.26655611449329" lon="-123.25306884186172">
				<ele>90.97961983922869</ele>
				<time>2025-08-19T01:05:25Z</time>
			</trkpt>
			<trkpt lat="49.26654240338507" lon="-123.25309251355048">
				<ele>90.53907958511263</ele>
				<time>2025-08-19T01:05:27Z</time>
			</trkpt>
			<trkpt lat="49.26652852592116" lon="-123.25311850302549">
				<ele>90.85375683009624</ele>
				<time>2025-08-19T01:05:29Z</time>
			</trkpt>
			<trkpt lat="49.26651205394313" lon="-123.25314547354735">
				<ele>90.99917848780751</ele>
				<time>2025-08-19T01:05:31Z</time>
			</trkpt>
			<trkpt lat="49.26650154255347" lon="-123.25316874223748">
				<ele>91.61382253374904</ele>
				<time>2025-08-19T01:05:33Z</time>
			</trkpt>
			<trkpt lat="49.266484966812506" lon="-123.25319402148577">
				<ele>91.47630068380386</ele>
				<time>2025-08-19T01:05:35Z</time>
			</trkpt>
			<trkpt lat="49.266462247288715" lon="-123.25322536751831">
				<ele>91.58166723977774</ele>
				<time>2025-08-19T01:05:37Z</time>
			</trkpt>
			<trkpt lat="49.26644906253723" lon="-123.25325883759403">
				<ele>91.72008930612355</ele>
				<time>2025-08-19T01:05:41Z</time>
			</trkpt>
			<trkpt lat="49.26643467677249" lon="-123.25328045745032">
				<ele>91.5911927362904</ele>
				<time>2025-08-19T01:05:42Z</time>
			</trkpt>
			<trkpt lat="49.26642906916915" lon="-123.25330738445122">
				<ele>91.85337607841939</ele>
				<time>2025-08-19T01:05:45Z</time>
			</trkpt>
			<trkpt lat="49.26641247410541" lon="-123.25332162902967">
				<ele>91.60690811369568</ele>
				<time>2025-08-19T01:05:46Z</time>
			</trkpt>
			<trkpt lat="49.26639249995334" lon="-123.25335232923622">
				<ele>90.99034068640321</ele>
				<time>2025-08-19T01:05:48Z</time>
			</trkpt>
			<trkpt lat="49.26638757726961" lon="-123.25338232104487">
				<ele>91.29222829733044</ele>
				<time>2025-08-19T01:05:50Z</time>
			</trkpt>
			<trkpt lat="49.26637289712308" lon="-123.25341983933288">
				<ele>91.20749951340258</ele>
				<time>2025-08-19T01:05:52Z</time>
			</trkpt>
			<trkpt lat="49.26637477231761" lon="-123.25345168149417">
				<ele>90.99142702296376</ele>
				<time>2025-08-19T01:05:54Z</time>
			</trkpt>
			<trkpt lat="49.266390139365626" lon="-123.25348849863809">
				<ele>92.10573669150472</ele>
				<time>2025-08-19T01:05:56Z</time>
			</trkpt>
			<trkpt lat="49.26640734498109" lon="-123.25351421304869">
				<ele>92.10300136264414</ele>
				<time>2025-08-19T01:05:58Z</time>
			</trkpt>
			<trkpt lat="49.26640359344631" lon="-123.25354998752458">
				<ele>91.95939206518233</ele>
				<time>2025-08-19T01:06:01Z</time>
			</trkpt>
			<trkpt lat="49.266396059544604" lon="-123.2535945603854">
				<ele>91.57288971915841</ele>
				<time>2025-08-19T01:06:04Z</time>
			</trkpt>
			<trkpt lat="49.266383785482944" lon="-123.25361818072268">
				<ele>91.30216132011265</ele>
				<time>2025-08-19T01:06:05Z</time>
			</trkpt>
			<trkpt lat="49.266379516663584" lon="-123.25365359481101">
				<ele>92.26034763269126</ele>
				<time>2025-08-19T01:06:07Z</time>
			</trkpt>
			<trkpt lat="49.26636791186952" lon="-123.25369084609622">
				<ele>91.45545701030642</ele>
				<time>2025-08-19T01:06:10Z</time>
			</trkpt>
			<trkpt lat="49.26634043417006" lon="-123.25371202105974">
				<ele>91.384322097525</ele>
				<time>2025-08-19T01:06:12Z</time>
			</trkpt>
			<trkpt lat="49.266326945942644" lon="-123.25374487796127">
				<ele>91.53936820384115</ele>
				<time>2025-08-19T01:06:14Z</time>
			</trkpt>
			<trkpt lat="49.266311148447805" lon="-123.25376443696793">
				<ele>91.01327024865896</ele>
				<time>2025-08-19T01:06:15Z</time>
			</trkpt>
			<trkpt lat="49.26630035115625" lon="-123.25379742108316">
				<ele>90.63514057826251</ele>
				<time>2025-08-19T01:06:18Z</time>
			</trkpt>
			<trkpt lat="49.26629469652573" lon="-123.25382445929644">
				<ele>90.36786422040313</ele>
				<time>2025-08-19T01:06:20Z</time>
			</trkpt>
			<trkpt lat="49.26628927653637" lon="-123.2538653425573">
				<ele>90.339619865641</ele>
				<time>2025-08-19T01:06:22Z</time>
			</trkpt>
			<trkpt lat="49.266281297708026" lon="-123.25390277527536">
				<ele>90.30821430403739</ele>
				<time>2025-08-19T01:06:24Z</time>
			</trkpt>
			<trkpt lat="49.266276939159674" lon="-123.25393522173894">
				<ele>90.19745644088835</ele>
				<time>2025-08-19T01:06:26Z</time>
			</trkpt>
			<trkpt lat="49.26626466028351" lon="-123.25397165284309">
				<ele>90.21875441074371</ele>
				<time>2025-08-19T01:06:28Z</time>
			</trkpt>
			<trkpt lat="49.26625450108996" lon="-123.25400165511833">
				<ele>90.25571774225682</ele>
				<time>2025-08-19T01:06:30Z</time>
			</trkpt>
			<trkpt lat="49.266245297893995" lon="-123.25403242273168">
				<ele>90.65243564359844</ele>
				<time>2025-08-19T01:06:32Z</time>
			</trkpt>
			<trkpt lat="49.26622773147237" lon="-123.25406587622031">
				<ele>90.67971322312951</ele>
				<time>2025-08-19T01:06:35Z</time>
			</trkpt>
			<trkpt lat="49.26621738530952" lon="-123.25409527547629">
				<ele>90.74985807668418</ele>
				<time>2025-08-19T01:06:38Z</time>
			</trkpt>
			<trkpt lat="49.26620575716249" lon="-123.25412011355402">
				<ele>91.11183798313141</ele>
				<time>2025-08-19T01:06:40Z</time>
			</trkpt>
			<trkpt lat="49.26618946699336" lon="-123.25409340243186">
				<ele>91.3622023453936</ele>
				<time>2025-08-19T01:06:43Z</time>
			</trkpt>
			<trkpt lat="49.2661642312913" lon="-123.25408130967307">
				<ele>91.148831397295</ele>
				<time>2025-08-19T01:06:45Z</time>
			</trkpt>
			<trkpt lat="49.26614543805951" lon="-123.25408384171794">
				<ele>91.73666552547365</ele>
				<time>2025-08-19T01:06:47Z</time>
			</trkpt>
			<trkpt lat="49.266123145911614" lon="-123.2540846486761">
				<ele>91.61212345771492</ele>
				<time>2025-08-19T01:06:49Z</time>
			</trkpt>
			<trkpt lat="49.26610410920335" lon="-123.25408504912393">
				<ele>91.38334065489471</ele>
				<time>2025-08-19T01:06:51Z</time>
			</trkpt>
			<trkpt lat="49.266085310038456" lon="-123.25408153965924">
				<ele>91.36692489497364</ele>
				<time>2025-08-19T01:06:53Z</time>
			</trkpt>
			<trkpt lat="49.26606713899897" lon="-123.25407546513925">
				<ele>91.29374798573554</ele>
				<time>2025-08-19T01:06:56Z</time>
			</trkpt>
			<trkpt lat="49.26604903872172" lon="-123.25406641842505">
				<ele>91.14946492388844</ele>
				<time>2025-08-19T01:06:58Z</time>
			</trkpt>
			<trkpt lat="49.26604198677447" lon="-123.25406616340645">
				<ele>91.45502016041428</ele>
				<time>2025-08-19T01:07:08Z</time>
			</trkpt>
			<trkpt lat="49.26608571320857" lon="-123.2540909996601">
				<ele>91.37280618213117</ele>
				<time>2025-08-19T01:07:37Z</time>
			</trkpt>
			<trkpt lat="49.26610581735597" lon="-123.25409395606088">
				<ele>91.25963414739817</ele>
				<time>2025-08-19T01:07:39Z</time>
			</trkpt>
			<trkpt lat="49.26612941229075" lon="-123.25411174934155">
				<ele>91.12234909366816</ele>
				<time>2025-08-19T01:07:42Z</time>
			</trkpt>
			<trkpt lat="49.26614131886475" lon="-123.2541502415779">
				<ele>91.0412060637027</ele>
				<time>2025-08-19T01:07:45Z</time>
			</trkpt>
			<trkpt lat="49.266140473348344" lon="-123.25418066654832">
				<ele>90.37410046439618</ele>
				<time>2025-08-19T01:07:47Z</time>
			</trkpt>
			<trkpt lat="49.26613478189597" lon="-123.25420691318095">
				<ele>90.2652187589556</ele>
				<time>2025-08-19T01:07:49Z</time>
			</trkpt>
			<trkpt lat="49.26612587421915" lon="-123.2542382686639">
				<ele>90.57213449198753</ele>
				<time>2025-08-19T01:07:52Z</time>
			</trkpt>
			<trkpt lat="49.2661237096081" lon="-123.25426727103368">
				<ele>90.50215123780072</ele>
				<time>2025-08-19T01:07:54Z</time>
			</trkpt>
			<trkpt lat="49.26612101966848" lon="-123.25429612704998">
				<ele>90.52437772229314</ele>
				<time>2025-08-19T01:07:56Z</time>
			</trkpt>
			<trkpt lat="49.266118061632525" lon="-123.2543240991891">
				<ele>90.30610335152596</ele>
				<time>2025-08-19T01:07:58Z</time>
			</trkpt>
			<trkpt lat="49.2661114507958" lon="-123.25435127969746">
				<ele>90.11173504590988</ele>
				<time>2025-08-19T01:08:00Z</time>
			</trkpt>
			<trkpt lat="49.26609921206383" lon="-123.25437763848731">
				<ele>90.47767487354577</ele>
				<time>2025-08-19T01:08:02Z</time>
			</trkpt>
			<trkpt lat="49.26608333079539" lon="-123.25441172987374">
				<ele>90.708574895747</ele>
				<time>2025-08-19T01:08:04Z</time>
			</trkpt>
			<trkpt lat="49.2660744859109" lon="-123.2544361557918">
				<ele>90.69598975498229</ele>
				<time>2025-08-19T01:08:07Z</time>
			</trkpt>
			<trkpt lat="49.26606057038974" lon="-123.25446860878832">
				<ele>92.33958804514259</ele>
				<time>2025-08-19T01:08:09Z</time>
			</trkpt>
			<trkpt lat="49.2660447300882" lon="-123.2544930421264">
				<ele>92.29955811426044</ele>
				<time>2025-08-19T01:08:11Z</time>
			</trkpt>
			<trkpt lat="49.266040825999966" lon="-123.25452970875902">
				<ele>92.50799673609436</ele>
				<time>2025-08-19T01:08:13Z</time>
			</trkpt>
			<trkpt lat="49.26603190624393" lon="-123.25455930275889">
				<ele>92.35482627432793</ele>
				<time>2025-08-19T01:08:15Z</time>
			</trkpt>
			<trkpt lat="49.266020454816605" lon="-123.2545820509452">
				<ele>91.8294911365956</ele>
				<time>2025-08-19T01:08:17Z</time>
			</trkpt>
			<trkpt lat="49.266015786196874" lon="-123.25462394821078">
				<ele>91.623120944947</ele>
				<time>2025-08-19T01:08:20Z</time>
			</trkpt>
			<trkpt lat="49.266009486321686" lon="-123.25465180333131">
				<ele>91.623285042122</ele>
				<time>2025-08-19T01:08:22Z</time>
			</trkpt>
			<trkpt lat="49.26598871325274" lon="-123.25468052142222">
				<ele>90.959488526918</ele>
				<time>2025-08-19T01:08:24Z</time>
			</trkpt>
			<trkpt lat="49.265977569627495" lon="-123.25471156114205">
				<ele>90.44097653776407</ele>
				<time>2025-08-19T01:08:27Z</time>
			</trkpt>
			<trkpt lat="49.26596942611821" lon="-123.25473798345183">
				<ele>90.51575174555182</ele>
				<time>2025-08-19T01:08:29Z</time>
			</trkpt>
			<trkpt lat="49.265956732470585" lon="-123.25476284169275">
				<ele>90.22810645215213</ele>
				<time>2025-08-19T01:08:31Z</time>
			</trkpt>
			<trkpt lat="49.26593117197627" lon="-123.25477549403581">
				<ele>90.07054330036044</ele>
				<time>2025-08-19T01:08:34Z</time>
			</trkpt>
			<trkpt lat="49.26591682109138" lon="-123.2548070497043">
				<ele>90.2945639481768</ele>
				<time>2025-08-19T01:08:36Z</time>
			</trkpt>
			<trkpt lat="49.265899436590345" lon="-123.25481716578102">
				<ele>89.72342320531607</ele>
				<time>2025-08-19T01:08:39Z</time>
			</trkpt>
			<trkpt lat="49.265882241553946" lon="-123.25486133634944">
				<ele>90.02053292281926</ele>
				<time>2025-08-19T01:08:41Z</time>
			</trkpt>
			<trkpt lat="49.26587567751928" lon="-123.25489078463683">
				<ele>90.33893409743905</ele>
				<time>2025-08-19T01:08:43Z</time>
			</trkpt>
			<trkpt lat="49.26584428066765" lon="-123.2548846375602">
				<ele>90.60471121501178</ele>
				<time>2025-08-19T01:08:44Z</time>
			</trkpt>
			<trkpt lat="49.26581744391825" lon="-123.25489609317366">
				<ele>91.08118977118284</ele>
				<time>2025-08-19T01:08:46Z</time>
			</trkpt>
			<trkpt lat="49.2657980198848" lon="-123.2549159703559">
				<ele>91.13838723953813</ele>
				<time>2025-08-19T01:08:48Z</time>
			</trkpt>
			<trkpt lat="49.26578360995761" lon="-123.25493937202835">
				<ele>91.58197421580553</ele>
				<time>2025-08-19T01:08:49Z</time>
			</trkpt>
			<trkpt lat="49.26578084921349" lon="-123.25497426647584">
				<ele>91.72848196141422</ele>
				<time>2025-08-19T01:08:51Z</time>
			</trkpt>
			<trkpt lat="49.26576871909529" lon="-123.25499947908706">
				<ele>91.13263533357531</ele>
				<time>2025-08-19T01:08:53Z</time>
			</trkpt>
			<trkpt lat="49.265753847407886" lon="-123.2550159527164">
				<ele>91.35195259191096</ele>
				<time>2025-08-19T01:08:54Z</time>
			</trkpt>
			<trkpt lat="49.26576424799437" lon="-123.25504972298782">
				<ele>91.02901037037373</ele>
				<time>2025-08-19T01:08:56Z</time>
			</trkpt>
			<trkpt lat="49.2657707358922" lon="-123.25508996305663">
				<ele>90.12767422478646</ele>
				<time>2025-08-19T01:08:58Z</time>
			</trkpt>
			<trkpt lat="49.265782109304574" lon="-123.25512023826585">
				<ele>90.07071144226938</ele>
				<time>2025-08-19T01:09:00Z</time>
			</trkpt>
			<trkpt lat="49.265774537778206" lon="-123.25515136079892">
				<ele>90.1915255151689</ele>
				<time>2025-08-19T01:09:03Z</time>
			</trkpt>
			<trkpt lat="49.2657904085308" lon="-123.25517466504765">
				<ele>89.53549522068352</ele>
				<time>2025-08-19T01:09:05Z</time>
			</trkpt>
			<trkpt lat="49.26579372126827" lon="-123.25515877173318">
				<ele>89.4920193431899</ele>
				<time>2025-08-19T01:09:12Z</time>
			</trkpt>
			<trkpt lat="49.26585115982811" lon="-123.25519335531143">
				<ele>88.55821118038148</ele>
				<time>2025-08-19T01:09:19Z</time>
			</trkpt>
			<trkpt lat="49.26579273056354" lon="-123.2552681130111">
				<ele>89.58091051317751</ele>
				<time>2025-08-19T01:09:25Z</time>
			</trkpt>
			<trkpt lat="49.26578322189987" lon="-123.25529826683396">
				<ele>89.5633128779009</ele>
				<time>2025-08-19T01:09:29Z</time>
			</trkpt>
			<trkpt lat="49.26579081017139" lon="-123.25539041997854">
				<ele>88.93907696474344</ele>
				<time>2025-08-19T01:09:40Z</time>
			</trkpt>
			<trkpt lat="49.26579690771828" lon="-123.2553479604327">
				<ele>89.2051242524758</ele>
				<time>2025-08-19T01:09:43Z</time>
			</trkpt>
			<trkpt lat="49.26584811253016" lon="-123.25520425358792">
				<ele>88.70144327916205</ele>
				<time>2025-08-19T01:09:51Z</time>
			</trkpt>
			<trkpt lat="49.26585245519166" lon="-123.25517541819576">
				<ele>88.99680148996413</ele>
				<time>2025-08-19T01:09:57Z</time>
			</trkpt>
			<trkpt lat="49.26587474786001" lon="-123.25519586877378">
				<ele>88.86473655328155</ele>
				<time>2025-08-19T01:10:01Z</time>
			</trkpt>
			<trkpt lat="49.265859335998876" lon="-123.25518041616509">
				<ele>88.71775914169848</ele>
				<time>2025-08-19T01:10:06Z</time>
			</trkpt>
			<trkpt lat="49.26583681319192" lon="-123.25525366037635">
				<ele>88.90300254989415</ele>
				<time>2025-08-19T01:10:12Z</time>
			</trkpt>
			<trkpt lat="49.26581938558513" lon="-123.25524665782459">
				<ele>89.73020777478814</ele>
				<time>2025-08-19T01:10:30Z</time>
			</trkpt>
			<trkpt lat="49.265806976550564" lon="-123.25522503846479">
				<ele>89.78789538238198</ele>
				<time>2025-08-19T01:10:50Z</time>
			</trkpt>
			<trkpt lat="49.265754765601635" lon="-123.25516275815872">
				<ele>89.1181609435007</ele>
				<time>2025-08-19T01:10:51Z</time>
			</trkpt>
			<trkpt lat="49.26577064127848" lon="-123.2551451918571">
				<ele>89.50176019314677</ele>
				<time>2025-08-19T01:10:55Z</time>
			</trkpt>
			<trkpt lat="49.265748671962754" lon="-123.25513390103359">
				<ele>89.55357607454062</ele>
				<time>2025-08-19T01:11:00Z</time>
			</trkpt>
			<trkpt lat="49.265736727148806" lon="-123.25516344880624">
				<ele>89.88251858390868</ele>
				<time>2025-08-19T01:11:03Z</time>
			</trkpt>
			<trkpt lat="49.265721308636444" lon="-123.2551837186794">
				<ele>89.41891636978835</ele>
				<time>2025-08-19T01:11:08Z</time>
			</trkpt>
			<trkpt lat="49.265719439687985" lon="-123.25521423399265">
				<ele>88.94226068817079</ele>
				<time>2025-08-19T01:11:11Z</time>
			</trkpt>
			<trkpt lat="49.26572065903867" lon="-123.25525434047266">
				<ele>89.08962448593229</ele>
				<time>2025-08-19T01:11:14Z</time>
			</trkpt>
			<trkpt lat="49.265703047594904" lon="-123.2553091848192">
				<ele>91.32678203191608</ele>
				<time>2025-08-19T01:11:18Z</time>
			</trkpt>
			<trkpt lat="49.26569000066344" lon="-123.25534125463265">
				<ele>89.86423988174647</ele>
				<time>2025-08-19T01:11:23Z</time>
			</trkpt>
			<trkpt lat="49.265676289691484" lon="-123.25537134849415">
				<ele>90.09054208360612</ele>
				<time>2025-08-19T01:11:26Z</time>
			</trkpt>
			<trkpt lat="49.265662100796746" lon="-123.25539016578874">
				<ele>89.18771336134523</ele>
				<time>2025-08-19T01:11:28Z</time>
			</trkpt>
			<trkpt lat="49.26564593258991" lon="-123.25542939504399">
				<ele>88.96988137997687</ele>
				<time>2025-08-19T01:11:31Z</time>
			</trkpt>
			<trkpt lat="49.265631668739736" lon="-123.25546301450836">
				<ele>89.30221336707473</ele>
				<time>2025-08-19T01:11:33Z</time>
			</trkpt>
			<trkpt lat="49.26562069515933" lon="-123.25549088311024">
				<ele>88.89456011913717</ele>
				<time>2025-08-19T01:11:35Z</time>
			</trkpt>
			<trkpt lat="49.26561769101052" lon="-123.25553371231788">
				<ele>89.45439022127539</ele>
				<time>2025-08-19T01:11:38Z</time>
			</trkpt>
			<trkpt lat="49.265597698233165" lon="-123.25555543492031">
				<ele>87.98552522622049</ele>
				<time>2025-08-19T01:11:40Z</time>
			</trkpt>
			<trkpt lat="49.26559264401096" lon="-123.25558339913567">
				<ele>88.2768127862364</ele>
				<time>2025-08-19T01:11:42Z</time>
			</trkpt>
			<trkpt lat="49.265581365107316" lon="-123.25560964931144">
				<ele>88.22344311885536</ele>
				<time>2025-08-19T01:11:44Z</time>
			</trkpt>
			<trkpt lat="49.26557960541744" lon="-123.2556371178328">
				<ele>87.71975464373827</ele>
				<time>2025-08-19T01:11:46Z</time>
			</trkpt>
			<trkpt lat="49.265583187823154" lon="-123.25568693124927">
				<ele>87.24323467630893</ele>
				<time>2025-08-19T01:11:48Z</time>
			</trkpt>
			<trkpt lat="49.265558652161346" lon="-123.25568646293493">
				<ele>86.83436732552946</ele>
				<time>2025-08-19T01:11:49Z</time>
			</trkpt>
			<trkpt lat="49.26554047015988" lon="-123.25570982942105">
				<ele>87.48863683734089</ele>
				<time>2025-08-19T01:11:51Z</time>
			</trkpt>
			<trkpt lat="49.26554044475255" lon="-123.2557405003137">
				<ele>87.26302694529295</ele>
				<time>2025-08-19T01:11:53Z</time>
			</trkpt>
			<trkpt lat="49.26552313513366" lon="-123.25575501623116">
				<ele>86.54572803620249</ele>
				<time>2025-08-19T01:11:55Z</time>
			</trkpt>
			<trkpt lat="49.26553470411796" lon="-123.25578554689812">
				<ele>85.76898588892072</ele>
				<time>2025-08-19T01:11:57Z</time>
			</trkpt>
			<trkpt lat="49.2655524496384" lon="-123.25582239912639">
				<ele>86.83383750729263</ele>
				<time>2025-08-19T01:11:58Z</time>
			</trkpt>
			<trkpt lat="49.26553003564982" lon="-123.25583485002439">
				<ele>85.93249324057251</ele>
				<time>2025-08-19T01:12:01Z</time>
			</trkpt>
			<trkpt lat="49.26552324773159" lon="-123.25587002351595">
				<ele>86.19642036221921</ele>
				<time>2025-08-19T01:12:03Z</time>
			</trkpt>
			<trkpt lat="49.26552232017073" lon="-123.25589998374336">
				<ele>86.30120905581862</ele>
				<time>2025-08-19T01:12:05Z</time>
			</trkpt>
			<trkpt lat="49.265515915559114" lon="-123.25593505101742">
				<ele>86.22042573802173</ele>
				<time>2025-08-19T01:12:07Z</time>
			</trkpt>
			<trkpt lat="49.26550395587612" lon="-123.25596401415979">
				<ele>86.5639679832384</ele>
				<time>2025-08-19T01:12:09Z</time>
			</trkpt>
			<trkpt lat="49.26549675126875" lon="-123.25599773730823">
				<ele>86.35922958422452</ele>
				<time>2025-08-19T01:12:11Z</time>
			</trkpt>
			<trkpt lat="49.26549234280338" lon="-123.25602880153814">
				<ele>86.25646808557212</ele>
				<time>2025-08-19T01:12:13Z</time>
			</trkpt>
			<trkpt lat="49.26548171189922" lon="-123.2560580663724">
				<ele>85.7157886987552</ele>
				<time>2025-08-19T01:12:15Z</time>
			</trkpt>
			<trkpt lat="49.265482175748815" lon="-123.25609130184735">
				<ele>85.35287271626294</ele>
				<time>2025-08-19T01:12:17Z</time>
			</trkpt>
			<trkpt lat="49.26546653684587" lon="-123.25611471909326">
				<ele>84.92475187405944</ele>
				<time>2025-08-19T01:12:20Z</time>
			</trkpt>
			<trkpt lat="49.265448955638796" lon="-123.25613675704942">
				<ele>85.05173097644001</ele>
				<time>2025-08-19T01:12:23Z</time>
			</trkpt>
			<trkpt lat="49.265429692025435" lon="-123.2561433063041">
				<ele>84.92366517987102</ele>
				<time>2025-08-19T01:12:25Z</time>
			</trkpt>
			<trkpt lat="49.2654066714831" lon="-123.25617196866972">
				<ele>84.83984192181379</ele>
				<time>2025-08-19T01:12:28Z</time>
			</trkpt>
			<trkpt lat="49.265381486236066" lon="-123.25617278352445">
				<ele>84.6493352195248</ele>
				<time>2025-08-19T01:12:31Z</time>
			</trkpt>
			<trkpt lat="49.26535695841704" lon="-123.25615688401551">
				<ele>84.96025860216469</ele>
				<time>2025-08-19T01:12:34Z</time>
			</trkpt>
			<trkpt lat="49.26533075293595" lon="-123.25614862004394">
				<ele>84.90357428975403</ele>
				<time>2025-08-19T01:12:37Z</time>
			</trkpt>
			<trkpt lat="49.265310853321175" lon="-123.25613229003943">
				<ele>85.11297267023474</ele>
				<time>2025-08-19T01:12:40Z</time>
			</trkpt>
			<trkpt lat="49.265290510222755" lon="-123.2561223658357">
				<ele>85.13415737915784</ele>
				<time>2025-08-19T01:12:42Z</time>
			</trkpt>
			<trkpt lat="49.26527217762599" lon="-123.2561176228954">
				<ele>85.73788536060601</ele>
				<time>2025-08-19T01:12:44Z</time>
			</trkpt>
			<trkpt lat="49.265250356668794" lon="-123.25609976343779">
				<ele>85.02538856584579</ele>
				<time>2025-08-19T01:12:46Z</time>
			</trkpt>
			<trkpt lat="49.265219048380835" lon="-123.25608742444615">
				<ele>85.70307797379792</ele>
				<time>2025-08-19T01:12:51Z</time>
			</trkpt>
			<trkpt lat="49.265184043342124" lon="-123.25607967020751">
				<ele>85.74050144664943</ele>
				<time>2025-08-19T01:12:54Z</time>
			</trkpt>
			<trkpt lat="49.26515674677764" lon="-123.25606995289326">
				<ele>85.29494551755488</ele>
				<time>2025-08-19T01:12:56Z</time>
			</trkpt>
			<trkpt lat="49.26514811768635" lon="-123.25604510629569">
				<ele>85.51023297943175</ele>
				<time>2025-08-19T01:12:58Z</time>
			</trkpt>
			<trkpt lat="49.26512434499095" lon="-123.2560347393652">
				<ele>85.25450558774173</ele>
				<time>2025-08-19T01:13:01Z</time>
			</trkpt>
			<trkpt lat="49.26510253991745" lon="-123.25601239405611">
				<ele>84.98033863026649</ele>
				<time>2025-08-19T01:13:03Z</time>
			</trkpt>
			<trkpt lat="49.2650755954739" lon="-123.25599462770732">
				<ele>85.538106569089</ele>
				<time>2025-08-19T01:13:05Z</time>
			</trkpt>
			<trkpt lat="49.26505776691208" lon="-123.25597330616365">
				<ele>85.55102862417698</ele>
				<time>2025-08-19T01:13:08Z</time>
			</trkpt>
			<trkpt lat="49.265042732238996" lon="-123.25595036131855">
				<ele>86.10051839612424</ele>
				<time>2025-08-19T01:13:10Z</time>
			</trkpt>
			<trkpt lat="49.26502940035156" lon="-123.25592413969564">
				<ele>86.05109101347625</ele>
				<time>2025-08-19T01:13:14Z</time>
			</trkpt>
			<trkpt lat="49.2650094982564" lon="-123.25590921518885">
				<ele>85.82771231327206</ele>
				<time>2025-08-19T01:13:16Z</time>
			</trkpt>
			<trkpt lat="49.26498536183776" lon="-123.2558979128687">
				<ele>86.55644767638296</ele>
				<time>2025-08-19T01:13:18Z</time>
			</trkpt>
			<trkpt lat="49.264964456324904" lon="-123.25588961102865">
				<ele>86.53033395670354</ele>
				<time>2025-08-19T01:13:20Z</time>
			</trkpt>
			<trkpt lat="49.26494737373254" lon="-123.25587502323026">
				<ele>86.98029822017998</ele>
				<time>2025-08-19T01:13:22Z</time>
			</trkpt>
			<trkpt lat="49.26492527722619" lon="-123.25586532557125">
				<ele>86.98599000833929</ele>
				<time>2025-08-19T01:13:24Z</time>
			</trkpt>
			<trkpt lat="49.26490851714744" lon="-123.25585006842154">
				<ele>87.62172667682171</ele>
				<time>2025-08-19T01:13:26Z</time>
			</trkpt>
			<trkpt lat="49.26489064059198" lon="-123.25583089096573">
				<ele>87.13806297909468</ele>
				<time>2025-08-19T01:13:29Z</time>
			</trkpt>
			<trkpt lat="49.26487012310648" lon="-123.25580849123851">
				<ele>86.52210357319564</ele>
				<time>2025-08-19T01:13:32Z</time>
			</trkpt>
			<trkpt lat="49.264848864442584" lon="-123.25580159304023">
				<ele>86.0961951604113</ele>
				<time>2025-08-19T01:13:34Z</time>
			</trkpt>
			<trkpt lat="49.26483062669414" lon="-123.25579804225109">
				<ele>86.15450852550566</ele>
				<time>2025-08-19T01:13:36Z</time>
			</trkpt>
			<trkpt lat="49.264815668974684" lon="-123.25577983711257">
				<ele>86.43443446420133</ele>
				<time>2025-08-19T01:13:38Z</time>
			</trkpt>
			<trkpt lat="49.26479738485717" lon="-123.2557742328827">
				<ele>86.10968206543475</ele>
				<time>2025-08-19T01:13:40Z</time>
			</trkpt>
			<trkpt lat="49.26477574344223" lon="-123.2557617173084">
				<ele>85.7349353870377</ele>
				<time>2025-08-19T01:13:43Z</time>
			</trkpt>
			<trkpt lat="49.2647572953111" lon="-123.25574711580114">
				<ele>85.74930316302925</ele>
				<time>2025-08-19T01:13:45Z</time>
			</trkpt>
			<trkpt lat="49.2647403756692" lon="-123.25572111565229">
				<ele>86.77031254582107</ele>
				<time>2025-08-19T01:13:49Z</time>
			</trkpt>
			<trkpt lat="49.26471365144334" lon="-123.25571491006026">
				<ele>86.88695614505559</ele>
				<time>2025-08-19T01:13:51Z</time>
			</trkpt>
			<trkpt lat="49.264693352365796" lon="-123.25569787649084">
				<ele>87.10524346772581</ele>
				<time>2025-08-19T01:13:54Z</time>
			</trkpt>
			<trkpt lat="49.264671670993444" lon="-123.25567697779812">
				<ele>86.96939483750612</ele>
				<time>2025-08-19T01:13:56Z</time>
			</trkpt>
			<trkpt lat="49.26464830223816" lon="-123.25566971662697">
				<ele>86.7603215072304</ele>
				<time>2025-08-19T01:13:58Z</time>
			</trkpt>
			<trkpt lat="49.26462260723875" lon="-123.25565855481626">
				<ele>86.4485691441223</ele>
				<time>2025-08-19T01:14:01Z</time>
			</trkpt>
			<trkpt lat="49.26460371752107" lon="-123.25564608352119">
				<ele>86.6578364726156</ele>
				<time>2025-08-19T01:14:04Z</time>
			</trkpt>
			<trkpt lat="49.26458569235559" lon="-123.25563278190033">
				<ele>87.00188871566206</ele>
				<time>2025-08-19T01:14:07Z</time>
			</trkpt>
			<trkpt lat="49.26457005215736" lon="-123.25560859445412">
				<ele>87.1116045769304</ele>
				<time>2025-08-19T01:14:09Z</time>
			</trkpt>
			<trkpt lat="49.26454983216497" lon="-123.25559317351842">
				<ele>87.1058781510219</ele>
				<time>2025-08-19T01:14:11Z</time>
			</trkpt>
			<trkpt lat="49.26452672138485" lon="-123.2555701094684">
				<ele>87.66770477872342</ele>
				<time>2025-08-19T01:14:14Z</time>
			</trkpt>
			<trkpt lat="49.26449519392403" lon="-123.25554562690121">
				<ele>87.51338373217732</ele>
				<time>2025-08-19T01:14:16Z</time>
			</trkpt>
			<trkpt lat="49.26448361850594" lon="-123.2555244088523">
				<ele>87.56869588792324</ele>
				<time>2025-08-19T01:14:19Z</time>
			</trkpt>
			<trkpt lat="49.26445927047923" lon="-123.25550212778364">
				<ele>87.73796547856182</ele>
				<time>2025-08-19T01:14:22Z</time>
			</trkpt>
			<trkpt lat="49.2644296176664" lon="-123.25549918691247">
				<ele>87.2792126154527</ele>
				<time>2025-08-19T01:14:25Z</time>
			</trkpt>
			<trkpt lat="49.264409432107925" lon="-123.25550699664478">
				<ele>86.7583976238966</ele>
				<time>2025-08-19T01:14:28Z</time>
			</trkpt>
			<trkpt lat="49.264414957488775" lon="-123.25550652754976">
				<ele>86.56710395216942</ele>
				<time>2025-08-19T01:14:40Z</time>
			</trkpt>
			<trkpt lat="49.26445015709386" lon="-123.25543907416926">
				<ele>87.4306259918958</ele>
				<time>2025-08-19T01:15:01Z</time>
			</trkpt>
			<trkpt lat="49.26443317508234" lon="-123.25540733613234">
				<ele>88.40302832517773</ele>
				<time>2025-08-19T01:15:03Z</time>
			</trkpt>
			<trkpt lat="49.26442928697239" lon="-123.25537927881307">
				<ele>89.46224732138216</ele>
				<time>2025-08-19T01:15:05Z</time>
			</trkpt>
			<trkpt lat="49.26441104213649" lon="-123.25534373722193">
				<ele>89.64730329811573</ele>
				<time>2025-08-19T01:15:08Z</time>
			</trkpt>
			<trkpt lat="49.26439880525719" lon="-123.25532348009394">
				<ele>90.82770039420575</ele>
				<time>2025-08-19T01:15:11Z</time>
			</trkpt>
			<trkpt lat="49.264386460607724" lon="-123.25530048114648">
				<ele>91.73221906274557</ele>
				<time>2025-08-19T01:15:14Z</time>
			</trkpt>
			<trkpt lat="49.26437757038098" lon="-123.25527520123997">
				<ele>92.26093587651849</ele>
				<time>2025-08-19T01:15:17Z</time>
			</trkpt>
			<trkpt lat="49.26437285433265" lon="-123.25523756480752">
				<ele>92.02895245701075</ele>
				<time>2025-08-19T01:15:19Z</time>
			</trkpt>
			<trkpt lat="49.264364340972314" lon="-123.25520673866465">
				<ele>91.25186583027244</ele>
				<time>2025-08-19T01:15:21Z</time>
			</trkpt>
			<trkpt lat="49.264343541400294" lon="-123.25517928475826">
				<ele>89.84896354097873</ele>
				<time>2025-08-19T01:15:23Z</time>
			</trkpt>
			<trkpt lat="49.264328416104" lon="-123.2551606649601">
				<ele>88.96036711428314</ele>
				<time>2025-08-19T01:15:24Z</time>
			</trkpt>
			<trkpt lat="49.26430869662456" lon="-123.25513290038717">
				<ele>87.93493728339672</ele>
				<time>2025-08-19T01:15:26Z</time>
			</trkpt>
			<trkpt lat="49.264276479793885" lon="-123.2551162399744">
				<ele>86.89801186323166</ele>
				<time>2025-08-19T01:15:28Z</time>
			</trkpt>
			<trkpt lat="49.26425426738724" lon="-123.25510122059175">
				<ele>87.62145073711872</ele>
				<time>2025-08-19T01:15:29Z</time>
			</trkpt>
			<trkpt lat="49.2642396531009" lon="-123.25507628110203">
				<ele>86.6604946507141</ele>
				<time>2025-08-19T01:15:31Z</time>
			</trkpt>
			<trkpt lat="49.26422045870906" lon="-123.25507752202773">
				<ele>87.58619240485132</ele>
				<time>2025-08-19T01:15:33Z</time>
			</trkpt>
			<trkpt lat="49.26419492396116" lon="-123.25507348802424">
				<ele>88.03843095898628</ele>
				<time>2025-08-19T01:15:35Z</time>
			</trkpt>
			<trkpt lat="49.264170673936945" lon="-123.2550964141545">
				<ele>88.52313318755478</ele>
				<time>2025-08-19T01:15:38Z</time>
			</trkpt>
			<trkpt lat="49.26415227295249" lon="-123.2550862368129">
				<ele>88.80048344004899</ele>
				<time>2025-08-19T01:15:39Z</time>
			</trkpt>
			<trkpt lat="49.26412644280649" lon="-123.25508367103461">
				<ele>88.58213510271162</ele>
				<time>2025-08-19T01:15:41Z</time>
			</trkpt>
			<trkpt lat="49.26410500962621" lon="-123.25505879667755">
				<ele>89.3968867873773</ele>
				<time>2025-08-19T01:15:43Z</time>
			</trkpt>
			<trkpt lat="49.26408110621869" lon="-123.25505190678554">
				<ele>89.74491801206023</ele>
				<time>2025-08-19T01:15:46Z</time>
			</trkpt>
			<trkpt lat="49.264054642762595" lon="-123.25504013950831">
				<ele>90.79151420388371</ele>
				<time>2025-08-19T01:15:50Z</time>
			</trkpt>
			<trkpt lat="49.264037586952846" lon="-123.25503104770199">
				<ele>90.60355062410235</ele>
				<time>2025-08-19T01:15:52Z</time>
			</trkpt>
			<trkpt lat="49.2640182612505" lon="-123.25501821860158">
				<ele>90.81124246213585</ele>
				<time>2025-08-19T01:15:54Z</time>
			</trkpt>
			<trkpt lat="49.263997593117054" lon="-123.25499803960011">
				<ele>90.60590163618326</ele>
				<time>2025-08-19T01:15:56Z</time>
			</trkpt>
			<trkpt lat="49.263978537729784" lon="-123.25500961035767">
				<ele>91.18725432641804</ele>
				<time>2025-08-19T01:15:58Z</time>
			</trkpt>
			<trkpt lat="49.26396333394952" lon="-123.25504729998869">
				<ele>91.28078768681735</ele>
				<time>2025-08-19T01:16:00Z</time>
			</trkpt>
			<trkpt lat="49.26394890753874" lon="-123.25509560967555">
				<ele>90.37757175136358</ele>
				<time>2025-08-19T01:16:02Z</time>
			</trkpt>
			<trkpt lat="49.263948224989086" lon="-123.25513105399328">
				<ele>89.860466375947</ele>
				<time>2025-08-19T01:16:04Z</time>
			</trkpt>
			<trkpt lat="49.26393160982569" lon="-123.25516000195374">
				<ele>89.72977452445775</ele>
				<time>2025-08-19T01:16:06Z</time>
			</trkpt>
			<trkpt lat="49.263913558672726" lon="-123.25518415871319">
				<ele>88.72288538888097</ele>
				<time>2025-08-19T01:16:08Z</time>
			</trkpt>
			<trkpt lat="49.26383311490214" lon="-123.25519761363768">
				<ele>88.32219420280308</ele>
				<time>2025-08-19T01:16:09Z</time>
			</trkpt>
			<trkpt lat="49.26383532419915" lon="-123.25523795095502">
				<ele>87.80535336118191</ele>
				<time>2025-08-19T01:16:10Z</time>
			</trkpt>
			<trkpt lat="49.263827551876886" lon="-123.25530843852441">
				<ele>86.88322615809739</ele>
				<time>2025-08-19T01:16:12Z</time>
			</trkpt>
			<trkpt lat="49.26380009062865" lon="-123.25529994545866">
				<ele>87.09160046558827</ele>
				<time>2025-08-19T01:16:13Z</time>
			</trkpt>
			<trkpt lat="49.26378411575951" lon="-123.25533131021915">
				<ele>86.53431649506092</ele>
				<time>2025-08-19T01:16:15Z</time>
			</trkpt>
			<trkpt lat="49.263773357196065" lon="-123.25536187660568">
				<ele>86.21467167232186</ele>
				<time>2025-08-19T01:16:17Z</time>
			</trkpt>
			<trkpt lat="49.26378268403679" lon="-123.25541910200671">
				<ele>86.26020728517324</ele>
				<time>2025-08-19T01:16:18Z</time>
			</trkpt>
			<trkpt lat="49.26375249664922" lon="-123.25542716093246">
				<ele>84.81610345840454</ele>
				<time>2025-08-19T01:16:22Z</time>
			</trkpt>
			<trkpt lat="49.26373125386283" lon="-123.25545584643042">
				<ele>85.01817366853356</ele>
				<time>2025-08-19T01:16:24Z</time>
			</trkpt>
			<trkpt lat="49.26373336129701" lon="-123.2554879439102">
				<ele>85.1191999539733</ele>
				<time>2025-08-19T01:16:25Z</time>
			</trkpt>
			<trkpt lat="49.263697020822434" lon="-123.25550617469577">
				<ele>84.38944696262479</ele>
				<time>2025-08-19T01:16:28Z</time>
			</trkpt>
			<trkpt lat="49.263678187786326" lon="-123.25553376798084">
				<ele>84.87820138316602</ele>
				<time>2025-08-19T01:16:30Z</time>
			</trkpt>
			<trkpt lat="49.26367886408996" lon="-123.25556133003217">
				<ele>84.99851994495839</ele>
				<time>2025-08-19T01:16:31Z</time>
			</trkpt>
			<trkpt lat="49.2636820470985" lon="-123.25560760299854">
				<ele>85.50971419550478</ele>
				<time>2025-08-19T01:16:35Z</time>
			</trkpt>
			<trkpt lat="49.26367008908784" lon="-123.25563637368916">
				<ele>85.02320976462215</ele>
				<time>2025-08-19T01:16:37Z</time>
			</trkpt>
			<trkpt lat="49.26366161694511" lon="-123.25566666370098">
				<ele>84.7924661822617</ele>
				<time>2025-08-19T01:16:38Z</time>
			</trkpt>
			<trkpt lat="49.26365431110717" lon="-123.25570493100398">
				<ele>84.97950828168541</ele>
				<time>2025-08-19T01:16:39Z</time>
			</trkpt>
			<trkpt lat="49.26366497365043" lon="-123.25568134334979">
				<ele>85.39449585787952</ele>
				<time>2025-08-19T01:16:41Z</time>
			</trkpt>
			<trkpt lat="49.26365299659261" lon="-123.25571617869797">
				<ele>85.21408082637936</ele>
				<time>2025-08-19T01:16:43Z</time>
			</trkpt>
			<trkpt lat="49.263616256613616" lon="-123.25570402603363">
				<ele>84.66394747234881</ele>
				<time>2025-08-19T01:16:44Z</time>
			</trkpt>
			<trkpt lat="49.26359203444145" lon="-123.25571851509125">
				<ele>84.69573768507689</ele>
				<time>2025-08-19T01:16:46Z</time>
			</trkpt>
			<trkpt lat="49.26356433740609" lon="-123.25574506040992">
				<ele>84.87121736537665</ele>
				<time>2025-08-19T01:16:48Z</time>
			</trkpt>
			<trkpt lat="49.26354901049816" lon="-123.25576741311896">
				<ele>84.90288286469877</ele>
				<time>2025-08-19T01:16:49Z</time>
			</trkpt>
			<trkpt lat="49.263520667496785" lon="-123.25578471921828">
				<ele>82.80914809275419</ele>
				<time>2025-08-19T01:16:53Z</time>
			</trkpt>
			<trkpt lat="49.26349953498921" lon="-123.25580702013411">
				<ele>83.44822559598833</ele>
				<time>2025-08-19T01:16:58Z</time>
			</trkpt>
			<trkpt lat="49.26348453989485" lon="-123.25584772666129">
				<ele>82.90440973918885</ele>
				<time>2025-08-19T01:17:00Z</time>
			</trkpt>
			<trkpt lat="49.26345880866512" lon="-123.25588097448396">
				<ele>83.2063344316557</ele>
				<time>2025-08-19T01:17:08Z</time>
			</trkpt>
		</trkseg>
	</trk>
</gpx>
