0,-29.452002018827002,-17.867
1,-29.971598916043497,-17.867
2,-28.037084332016722,-17.867
3,-27.700782500593387,-17.867
4,-26.381932593963203,-17.867
5,-29.454122868970053,-17.867
6,-27.09274762114791,-17.867
7,-28.958477287819168,-17.867
8,-30.462427248005103,-23.4989
9,-29.587510340149766,-21.2646
10,-29.10689999476066,-19.6315
11,-29.6625597637499,-19.6315
12,-30.93532853289149,-19.6315
13,-30.008647539693378,-19.6315
14,-29.907238817982407,-19.6315
15,-28.10452400735602,-21.2646
16,-28.217261377391907,-21.2646
17,-29.32793524279596,-21.2646
18,-28.657071779737496,-21.2646
19,-27.102508927086273,-21.2646
20,-25.50567295058496,-21.2646
21,-27.35890835905625,-21.2646
22,-26.63468104579185,-21.2646
23,-26.530036692541486,-21.2646
24,-24.65780312967989,-21.2646
25,-25.425377998958034,-21.2646
26,-25.686476568443496,-21.2646
27,-25.498462986641016,-21.2646
28,-25.38106539957245,-21.2646
29,-25.691320122918167,-21.2646
30,-27.9876973366032,-21.2646
31,-24.7645979723119,-21.2646
32,-28.31841479784403,-21.2646
33,-26.86127967195994,-21.2646
34,-27.046752066646185,-21.2646
35,-27.303284355306076,-21.2646
36,-25.726731717058904,-21.2646
37,-24.487671647819123,-21.2646
38,-26.993446455062333,-21.2646
39,-26.571941848200893,-21.2646
40,-25.928245791343162,-21.2646
41,-26.612908961169815,-21.2646
42,-27.400312376200894,-21.2646
43,-25.342715247632434,-21.2646
44,-26.23088755657113,-21.2646
45,-26.03333217914495,-21.2646
46,-26.340789873446504,-21.2646
47,-26.028644332471373,-21.2646
48,-26.231468089855436,-21.2646
49,-25.90355154535784,-21.2646
50,-28.241024389437253,-21.2646
51,-25.61376565152605,-21.2646
52,-25.914826886742212,-21.2646
53,-25.844406115043736,-21.2646
54,-27.350730168191767,-21.2646
55,-28.129919222896817,-21.2646
56,-26.162483815939233,-21.2646
57,-27.77758435320029,-21.2646
58,-26.639854683925826,-21.2646
59,-27.93936050091794,-21.2646
60,-27.504784661927786,-21.2646
61,-26.85381471381888,-21.2646
62,-25.588537034765725,-21.2646
63,-25.811159305143114,-21.2646
64,-25.458673447340207,-21.2646
65,-26.3513740574438,-21.2646
66,-27.67943697035381,-21.2646
67,-27.165465791568106,-21.2646
68,-24.955267558830315,-21.2646
69,-25.77191540082149,-21.2646
70,-25.401310746425754,-17.867
71,-23.565557191954994,-17.867
72,-25.13817977646815,-17.867
73,-23.75786160093616,-17.867
74,-26.23327966794968,-17.867
75,-25.514942999871412,-17.867
76,-26.936729496038197,-17.867
77,-23.225271938651378,-17.867
78,-27.26711409217274,-17.867
79,-26.788216198791005,-17.867
80,-25.419415130912213,-17.867
81,-25.755424826937606,-17.867
82,-26.90142408539395,-17.867
83,-24.08781860436754,-17.867
84,-25.466247259060992,-17.867
85,-26.084033981696724,-17.867
86,-25.864524989729745,-17.867
87,-23.90495006407276,-17.867
88,-29.849708143292982,-17.867
89,-26.71960562268247,-19.6315
90,-25.824824136074117,-19.6315
91,-25.113708223874838,-19.6315
92,-25.052200515266318,-19.6315
93,-25.23933389193374,-17.867
94,-25.229592142235624,-17.867
95,-26.73594412555118,-17.867
96,-25.96454390954864,-17.867
97,-26.40206349600648,-17.867
98,-26.15004217059822,-17.867
99,-24.29109430497176,-17.867
100,-25.519470297399852,-16.0575
101,-27.809282639807957,-16.0575
102,-27.168077684240725,-16.0575
103,-28.435486520354214,-16.0575
104,-27.634858081246442,-16.0575
105,-24.301884771095107,-16.0314
106,-22.46003229755017,-16.0314
107,-27.438029577686905,-16.0314
108,-29.484968455584777,-16.0314
109,-28.400880008933235,-17.867
110,-25.873866447513443,-16.6428
111,-23.492547492022645,-16.6428
112,-22.44137414703582,-21.2646
113,-24.40434883333004,-21.2646
114,-29.46548095816306,-20.1366
115,-27.446401154230685,-20.1366
116,-25.8374263233952,-20.1366
117,-24.27923609409458,-17.4003
118,-26.018943335968473,-17.4003
119,-26.411829556166587,-17.4003
120,-27.126694540609357,-17.4003
121,-27.172977446309687,-15.3377
122,-25.340754811427058,-15.3377
123,-28.469910958256662,-15.3377
124,-27.813921433071357,-15.0355
125,-29.669712996949276,-15.0355
126,-29.786281411535164,-15.0355
127,-31.73701707411164,-15.0355
128,-28.472645980114663,-15.0355
129,-30.940546350269912,-15.0355
130,-27.51708003771396,-15.0355
131,-25.008356383221873,-15.0355
132,-27.018426182657066,-15.0355
133,-30.20028467030125,-15.3377
134,-32.19549875613196,-15.6094
135,-30.376858305465134,-15.6094
136,-31.417681818187702,-15.6094
137,-30.55111842434432,-15.6094
138,-28.49118067261704,-15.6094
139,-27.784394576688772,-15.6094
140,-31.006273608827065,-15.6094
141,-29.87286085019472,-15.6094
142,-30.214084879123053,-15.6094
143,-29.64783807568159,-15.6094
144,-30.120457695790492,-15.6094
145,-29.10896337589003,-15.6094
146,-30.93733028622602,-15.6094
147,-34.84167439855291,-15.6094
148,-31.855710973934777,-15.6094
149,-32.165255323002924,-15.6094
150,-30.79500695805237,-15.6094
151,-29.986329157376087,-15.6094
152,-30.3996151348121,-15.6094
153,-31.478123198155075,-15.6094
154,-31.638763130225055,-15.6094
155,-29.18848758598127,-15.6094
156,-31.484017309712357,-15.6094
157,-29.287006359279427,-15.6094
158,-30.94708152599535,-15.6094
159,-29.139925738827372,-15.6094
160,-30.0960608693942,-16.4262
161,-29.687991236124557,-16.4262
162,-29.68435639722894,-16.4262
163,-31.084457645096897,-16.4262
164,-29.890502191026194,-16.4262
165,-31.365351379113466,-16.4262
166,-32.46511164691176,-16.4262
167,-31.912059753422298,-16.4262
168,-29.92827317267959,-16.4262
169,-31.31068878318827,-16.4262
170,-32.0812711551915,-17.0697
171,-30.17251193180837,-17.0697
172,-30.075503871207424,-16.5273
173,-32.266908847893475,-15.6839
174,-30.503317112911713,-15.6839
175,-30.769816371814915,-17.0697
176,-31.021798216648673,-17.0697
177,-27.692446025101987,-17.0697
178,-28.03144212465408,-17.0697
179,-30.911923968739767,-17.0697
180,-31.20386840275394,-17.0697
181,-29.59659194429357,-16.8044
182,-28.60523288604788,-16.8044
183,-30.141023651492496,-16.8044
184,-29.296141069159674,-16.8044
185,-29.510665173410242,-16.8044
186,-31.997995720280183,-16.8044
187,-30.286758671708913,-16.8044
188,-30.422812558693472,-16.8044
189,-30.397274433128366,-16.8044
190,-29.863607735061883,-16.9012
191,-27.954668530194134,-16.9012
192,-26.868732912275846,-16.9012
193,-25.202000153195034,-16.9012
194,-22.936410964688893,-16.9012
195,-20.706773359779568,-16.0209
196,-28.063929116272043,-16.0209
197,-25.14943288574184,-16.0209
198,-24.56007893963548,-15.5141
199,-25.688769765489962,-15.3447
200,-23.970294736884235,-15.3447
201,-24.333970039935203,-15.3447
202,-27.569386176373637,-15.0581
203,-24.720308690678365,-15.3483
204,-28.53897974683251,-15.3483
205,-27.985246570312235,-15.3483
206,-27.73115471901135,-15.5118
207,-27.293143722413532,-15.5118
208,-27.21392377258117,-16.1388
209,-27.848220881164558,-16.0657
210,-27.237347451500703,-16.0657
211,-27.490985822665095,-15.9702
212,-24.712101300805305,-15.5991
213,-25.097003499393985,-15.5991
214,-23.795447739944677,-15.5991
215,-25.09506826870718,-15.5991
216,-25.686443675204387,-15.3729
217,-28.263388887387745,-15.3729
218,-28.62730593674349,-18.3442
219,-26.89815840399454,-18.3442
220,-26.992684363831106,-18.7164
221,-27.033089384722647,-18.7164
222,-28.011053691278313,-18.7164
223,-28.41982236350631,-18.7164
224,-29.39223286614213,-18.7164
225,-28.92527131647973,-18.7164
226,-25.949423136554024,-18.7164
227,-29.536366893218798,-18.7164
228,-25.986631842486865,-18.7164
229,-27.909711364480945,-22.2373
230,-28.770693445470048,-22.2373
231,-29.400927394269864,-22.2373
232,-28.991732365781733,-22.2373
233,-30.286184246163018,-22.2373
234,-28.13896656058073,-22.2373
235,-28.251130850828194,-22.2373
236,-28.879918394038647,-22.2373
237,-28.736449392903385,-22.2373
238,-28.384530188121964,-22.2373
239,-28.301881574766107,-23.7848
240,-28.54818463019489,-18.7164
241,-26.78355652964826,-22.2373
242,-28.199361307883656,-22.2373
243,-28.09861304476335,-18.7164
244,-27.172273899489472,-18.7164
245,-27.400302331387802,-18.7164
246,-26.575355160793652,-23.7161
247,-28.89381905762313,-23.7161
248,-26.915870762453995,-23.7161
249,-28.656766530966355,-23.7161
250,-25.648631928730083,-23.7161
251,-28.28675968142813,-24.8692
252,-25.057388565513,-24.8692
253,-27.21864902460886,-24.8692
254,-27.809205855269997,-24.8692
255,-27.97340412093771,-24.8692
256,-27.69873381448534,-24.8692
257,-30.179563703890857,-24.8692
258,-30.781222661165828,-24.8692
259,-28.7274737802063,-24.8692
260,-29.47012677552753,-24.8692
261,-29.36545952995107,-24.8692
262,-28.183597825471175,-24.8692
263,-29.22806774518839,-24.8692
264,-28.419267563241547,-24.8692
265,-27.600599265429466,-24.8692
266,-28.159123768002736,-24.8692
267,-27.527744421234512,-24.8692
268,-27.18394728560987,-18.2979
269,-29.30248969385771,-18.2979
270,-28.36334976459611,-18.2979
271,-27.363406297367078,-18.2979
272,-27.373118553276807,-18.2979
273,-27.136494758262888,-18.2979
274,-21.442744498014488,-18.2979
275,-26.10577373607232,-18.2979
276,-26.262962456386596,-18.2979
277,-29.273215654151997,-18.2979
278,-27.138087154243525,-18.2979
279,-28.76452507754211,-18.2979
280,-28.52122684684207,-18.2979
281,-30.189977366348618,-18.2979
282,-28.22361980641855,-18.2979
283,-29.22266936740534,-18.2979
284,-29.168953410441212,-18.2979
285,-28.42614788986868,-18.2979
286,-27.481049580620464,-18.2979
287,-28.03749618967476,-18.2979
288,-28.98813814543368,-18.2979
289,-28.055432821858055,-18.2979
290,-24.616482303242314,-18.2979
291,-26.996090586267684,-18.2979
292,-28.210349325974747,-18.2979
293,-28.785038502054153,-18.2979
294,-27.76948330222516,-18.2979
295,-29.271842752272875,-18.2979
296,-30.756666380362848,-18.2979
297,-31.815699214158805,-18.2979
298,-29.369955448374792,-13.941
299,-29.051085305753034,-13.941
300,-30.785096201851996,-13.941
301,-25.402501040991243,-13.941
302,-27.7726027537372,-13.941
303,-28.367788687844108,-13.941
304,-30.320721127005953,-18.2979
305,-31.751804956305044,-18.2979
306,-28.975939723327446,-14.5926
307,-28.849261663603766,-14.5926
308,-29.40787234951582,-14.5926
309,-29.03196665039855,-18.6635
310,-30.69088568695168,-14.2261
311,-28.240246812673178,-14.2261
312,-26.067417071894393,-14.2261
313,-26.1211290576384,-14.8809
314,-25.512894668733487,-21.4292
315,-25.39074360973015,-21.4292
316,-24.836648827432416,-18.6254
317,-24.672049910585145,-18.6254
318,-27.44518308417827,-19.0848
319,-29.65294807819397,-19.0848
320,-30.247257804187186,-18.6851
321,-28.899746976507373,-19.3589
322,-28.62630273093203,-19.0641
323,-27.361473373795487,-18.3351
324,-29.53015661802442,-18.6153
325,-27.58935476787009,-18.6153
326,-27.999622259902928,-14.8369
327,-28.05492346134926,-14.8369
328,-27.954649532429197,-14.8369
329,-30.79322968360298,-13.0674
330,-28.33686679070641,-13.0674
331,-27.121972680351355,-13.0674
332,-29.91396067428122,-12.4208
333,-31.75211806292484,-12.4208
334,-30.02730199959546,-12.4208
335,-30.70100169139947,-12.5413
336,-31.461678307748766,-12.5413
337,-31.431774200674045,-12.5413
338,-27.889649062492804,-12.5413
339,-31.292617663054987,-12.5413
340,-26.727464953382018,-12.5413
341,-29.27329060779808,-12.5413
342,-29.640661314482337,-12.4176
343,-28.38150352964221,-12.4176
344,-30.388944615000206,-12.4176
345,-26.95886115493472,-12.4176
346,-23.397052801925234,-12.4176
347,-30.057715635825733,-12.4176
348,-30.16211427440188,-12.4176
349,-30.91348241649957,-12.4176
350,-31.0069800771309,-12.4176
351,-29.323516481131445,-12.4176
352,-28.22415242832852,-12.4176
353,-28.47956224453991,-12.4176
354,-30.17228042245948,-12.4176
355,-30.605966698285485,-12.4176
356,-29.525863998814184,-12.4176
357,-25.166188179116688,-12.4176
358,-28.121609553863326,-12.4176
359,-29.837275116480836,-12.4176
360,-25.609512865026005,-12.4176
361,-24.906177991811994,-12.4176
362,-29.053837821937766,-12.7585
363,-25.378197374239633,-12.4124
364,-31.23838693502048,-12.4124
365,-30.9250553057081,-12.4124
366,-26.30883420075294,-12.4124
367,-29.090016884556928,-12.4124
368,-27.145398403828473,-12.4124
369,-23.075478542562585,-12.4124
370,-24.415174008970162,-12.4124
371,-24.88614383961146,-12.4124
372,-27.697106031401262,-12.4208
373,-26.369824546143754,-12.4208
374,-27.694063323438186,-12.4208
375,-28.46516993806912,-12.4208
376,-28.528655534718283,-12.4208
377,-27.11048500923819,-12.4176
378,-26.543678612983236,-12.4176
379,-29.328080344042817,-12.4176
380,-28.63295351507363,-12.4176
381,-28.076065842889403,-12.4176
382,-30.811693339829812,-12.4176
383,-28.925580598606064,-12.4176
384,-31.800463285410903,-12.4176
385,-29.43682130856932,-12.4176
386,-30.319266438864094,-12.4176
387,-28.561354069538503,-12.4176
388,-29.487345220620192,-12.5413
389,-29.751675501305748,-12.5413
390,-27.954649296773102,-12.5413
391,-30.801828532745436,-12.5413
392,-26.78928056654188,-12.5413
393,-31.48610687380224,-12.5413
394,-31.32442578496014,-12.5413
395,-27.708000187049947,-12.4208
396,-30.412129840871973,-12.4208
397,-26.213459045445802,-12.5413
398,-25.789442871597053,-12.5413
399,-25.6266396834773,-12.5168
400,-28.020522634823998,-12.5168
401,-26.590011557360917,-12.5168
402,-30.103256164903517,-12.5168
403,-26.038345424850693,-12.5168
404,-27.665329601180506,-11.8778
405,-30.46031550384267,-11.8778
406,-30.62477681818762,-11.8778
407,-29.95454123352517,-12.5413
408,-30.91229913322573,-12.5413
409,-29.856610712104104,-12.4208
410,-28.573620133614636,-12.4208
411,-30.684811689238842,-12.4208
412,-29.245487042498006,-12.4208
413,-27.273226390230146,-12.4208
414,-26.017241358434887,-12.4208
415,-30.289909206176695,-12.4208
416,-27.067061724838155,-12.4208
417,-27.648243673236323,-12.4208
418,-27.144271165251453,-12.5413
419,-27.551371238661883,-12.5413
420,-27.68514719519784,-12.5413
421,-27.63410129994574,-12.5413
422,-31.60130827584139,-12.5413
423,-30.04735897699589,-12.5413
424,-25.65029888048713,-12.5413
425,-27.80459848895812,-12.5413
426,-29.531027144849414,-12.4176
427,-28.516754342848387,-12.4176
428,-30.06056060013007,-12.4176
429,-30.24835942919085,-12.4176
430,-24.80433594208307,-12.4176
431,-32.200996987320984,-12.4176
432,-28.983590708664643,-12.4176
433,-25.018071682207392,-12.4176
434,-26.81811729539099,-12.4176
435,-29.690469294619955,-12.4176
436,-26.390200963530983,-12.4176
437,-27.348849526906843,-12.4176
438,-30.031234279372043,-12.4176
439,-30.677135086128647,-12.4176
440,-30.702491512424167,-12.4176
441,-31.598287726247875,-12.4176
442,-26.02248377840013,-12.4176
443,-29.31359675753476,-12.4176
444,-25.917985379867012,-12.4176
445,-28.16703001296387,-12.4176
446,-28.11088268002336,-12.4176
447,-29.653869008586287,-12.4176
448,-29.66658750647289,-12.4176
449,-28.719693709519618,-12.4176
450,-30.224736374923133,-12.4176
451,-31.1291753513207,-12.4176
452,-28.055128026182906,-12.4176
453,-28.524031731788124,-12.4176
454,-30.331535348128682,-12.4176
455,-30.055773817595657,-12.4176
456,-30.000674138425197,-12.4176
457,-31.77321264079969,-12.4176
458,-32.34447005404361,-12.4176
459,-28.943985377879237,-12.4176
460,-31.30613880315019,-12.4176
461,-29.478665856551626,-12.4176
462,-25.020927856046576,-12.4176
463,-19.80645003001691,-12.4176
464,-28.293647045398963,-12.6501
465,-26.694982566568846,-12.6501
466,-25.878549050769966,-12.6501
467,-29.20556033144681,-11.8646
468,-31.146396663233027,-11.8646
469,-25.192458534471122,-11.8646
470,-25.729203989815822,-12.2914
471,-24.393530112679237,-12.2914
472,-27.91215311651229,-12.2914
473,-25.017319160962227,-12.2268
474,-23.69610145819483,-12.2268
475,-26.198054170746413,-12.2268
476,-21.768386533626256,-12.5052
477,-28.478351211975188,-12.5052
478,-27.766935085086885,-12.6726
479,-27.214413266982895,-12.6726
480,-27.62446839910907,-12.6726
481,-24.577459164407117,-12.2355
482,-29.69387112960064,-12.2355
483,-28.647016270113784,-12.2355
484,-27.961457427198816,-12.2355
485,-25.58766765452979,-12.162
486,-32.87351592915781,-12.162
487,-32.3330736667547,-12.162
488,-26.680440699755703,-12.1037
489,-31.966446741500825,-12.1037
490,-25.359019785955223,-12.1037
491,-24.28819353726224,-12.1037
492,-26.76747667483728,-12.6283
493,-29.289393103322986,-12.3821
494,-29.387854999462924,-12.3821
495,-31.221536832614678,-13.0631
496,-28.684038122418226,-13.0631
497,-32.7071544686645,-13.0631
498,-31.56889612029499,-13.0631
499,-29.197840688679673,-13.0631
500,-30.204880051643496,-13.0254
501,-30.23021035445951,-15.4941
502,-31.447985921302177,-15.4941
503,-32.78970386823936,-15.8087
504,-25.857327453458254,-15.8087
505,-32.37417528079004,-16.1044
506,-24.586126973055865,-16.1044
507,-26.16584105632484,-16.1044
508,-28.951294393170897,-15.6197
509,-19.833688109694027,-15.6197
510,-25.01281354771916,-15.6197
511,-25.186730603499377,-15.8063
512,-27.236442622484716,-15.8063
513,-30.042811269303385,-15.8063
514,-28.811124430324636,-15.8063
515,-22.574819414955513,-15.8063
516,-27.74353887262411,-15.8063
517,-31.29566288288848,-15.8063
518,-30.1001859570284,-15.8063
519,-28.710315662588123,-15.8063
520,-31.430266830944298,-15.8063
521,-27.480712878567925,-15.8063
522,-29.109867957302434,-17.2271
523,-25.489761216962567,-17.2271
524,-25.66793371975843,-17.2271
525,-26.354672242947487,-17.2271
526,-25.221515937329247,-17.2271
527,-25.585743666593544,-17.2271
528,-25.063764469779738,-17.2271
529,-30.9324174309589,-17.2271
530,-30.82729785320168,-16.2225
531,-31.92346104314487,-16.2225
532,-31.5586570191992,-16.2225
533,-26.895140931303274,-16.2225
534,-27.210452166022296,-16.2225
535,-28.73988047430246,-16.2225
536,-30.82407434896424,-16.5039
537,-29.04498168394403,-16.5039
538,-24.938071493356194,-16.5039
539,-31.25587895176677,-16.5039
540,-31.720066533431694,-16.5039
541,-31.150899908442142,-16.5039
542,-29.002169475784584,-16.5039
543,-31.071929631640977,-16.5039
544,-29.256291354396396,-16.5039
545,-28.75494272344103,-16.5039
546,-32.00417067147989,-16.5039
547,-31.55608097154635,-16.5039
548,-31.343877927451626,-16.5039
549,-30.144301007554702,-16.2225
550,-28.820971140570137,-16.2225
551,-29.591545529664064,-16.2225
552,-30.07505852144344,-16.2225
553,-29.56335763079099,-16.2225
554,-30.871518153056343,-16.2225
555,-29.293617851357578,-16.2225
556,-29.1327076634297,-16.2225
557,-30.048696655276483,-16.2225
558,-28.506123313673086,-16.2225
559,-28.079139773226863,-16.2225
560,-25.616071163070565,-16.2225
561,-28.528567032509496,-16.2225
562,-29.44261893932901,-16.2225
563,-28.637510154543833,-16.2225
564,-31.474918963728562,-16.2225
565,-29.829381190518788,-16.2225
566,-30.95488927401671,-16.2225
567,-32.41598545712249,-16.2225
568,-32.17554304403135,-16.2225
569,-31.045459148495347,-16.2225
570,-29.32934411848911,-16.2225
571,-30.615168863279433,-16.2225
572,-30.586265870169317,-16.2225
573,-29.609779143150096,-16.2225
574,-29.51982244901543,-16.2225
575,-28.578823044762007,-16.2225
576,-24.323063359499784,-16.2225
577,-31.687347700487692,-16.2225
578,-29.853257127610107,-16.2225
579,-32.05221392225365,-16.2225
580,-32.015936803555114,-16.2225
581,-30.51062830834323,-16.2225
582,-24.85053624304836,-16.2225
583,-26.32723085253722,-16.2225
584,-24.671022386854673,-16.2225
585,-30.57726845292468,-16.2225
586,-24.283346985372077,-16.2225
587,-24.6867606520385,-16.2225
588,-28.84934764030021,-16.2225
589,-27.003819684524935,-16.0805
590,-30.870847865885274,-16.0805
591,-24.26581351075167,-16.0805
592,-28.90581275420413,-16.0805
593,-28.998270515303762,-16.0805
594,-26.046727224760975,-16.0805
595,-30.66415127472259,-16.0805
596,-25.116183781941935,-16.0805
597,-29.022421578495585,-16.0805
598,-23.36602515101234,-16.0805
599,-30.623553815800165,-16.0805
600,-30.059573598670095,-16.0805
601,-28.168402806567478,-16.0805
602,-24.456907628115,-16.0805
603,-30.110929557449193,-16.0805
604,-29.47815185256914,-16.0805
605,-29.909775914596302,-16.0805
606,-23.365443705988906,-16.0805
607,-32.3623293802262,-16.0805
608,-25.171341384510747,-16.0805
609,-31.52794663530981,-16.0805
610,-31.52251529747753,-16.0805
611,-30.663598858481347,-16.0805
612,-30.429331966414072,-16.0805
613,-32.21966916661042,-16.0805
614,-28.534089831315384,-16.0805
615,-28.520410814142025,-16.2225
616,-31.26719612219035,-16.2225
617,-29.52654436339271,-16.2225
618,-31.0450135119156,-16.2225
619,-28.89845392235282,-16.2225
620,-30.25754027041101,-16.2225
621,-29.681676576004733,-16.2225
622,-30.018301045242374,-16.2225
623,-24.623275584944786,-16.2225
624,-28.973468741235248,-16.2225
625,-23.265919190730898,-16.2225
626,-28.062708233523274,-16.2225
627,-25.105619485277376,-16.2225
628,-15.285272553738142,-16.2225
629,-27.016113304535956,-16.2225
630,-23.177334689179947,-16.2225
631,-30.86759976882592,-19.701
632,-25.89297594903856,-17.8921
633,-29.021917493397716,-17.8921
634,-30.183740800445985,-17.8921
635,-21.477642577989098,-17.8921
636,-27.12438280731043,-23.5955
637,-27.738775748102622,-23.5955
638,-19.493518613977272,-23.5955
639,-24.111232751698417,-23.5955
640,-29.79490841296469,-24.8908
641,-26.54224096452836,-24.8908
642,-26.902406605467032,-25.0328
643,-28.484370168450962,-25.0328
644,-23.542495496462394,-25.0328
645,-26.789489172013287,-26.199
646,-23.990599923482453,-26.199
647,-28.290620370769734,-26.199
648,-15.982866112712856,-26.199
649,-29.522513819092566,-27.8737
650,-28.040661626400556,-27.8737
651,-19.587571725822137,-27.8737
652,-24.82211975490816,-28.0592
653,-20.31893112014066,-28.0592
654,-21.012894292452398,-28.0592
655,-19.56975424649427,-29.0164
656,-24.253535201575318,-29.0164
657,-28.74170194000223,-28.9942
658,-28.04065409909377,-28.9942
659,-25.65194756126928,-28.9942
660,-29.176909757936244,-28.9942
661,-24.76385789802925,-32.3028
662,-23.111217654080328,-32.3028
663,-16.28615789169849,-32.3028
664,-23.9866000309948,-32.3028
665,-25.525888145084874,-30.6676
666,-24.4366418098803,-33.6745
667,-17.690783162101265,-33.6745
668,-25.558097658139353,-34.633
669,-28.502792399220276,-34.633
670,-17.068415075607863,-34.633
671,-27.422133742682057,-34.633
672,-23.845078379599848,-34.633
673,-23.014332889476034,-33.1947
674,-15.764687598999842,-33.1947
675,-30.921120149086313,-33.1947
676,-27.78484053438416,-33.1947
677,-30.67846389910659,-35.3717
678,-24.785139421141086,-35.3717
679,-25.099463629404276,-35.3717
680,-23.954569018709734,-35.3717
681,-27.534688401298144,-35.3717
682,-24.542288237114896,-36.2593
683,-25.807702813735794,-37.7676
684,-27.18992735796554,-37.7676
685,-16.073279562078685,-36.33
686,-27.526257449099422,-41.5793
687,-28.52460796360974,-41.5793
688,-26.48078327045822,-41.5793
689,-22.10801390949213,-41.4625
690,-28.800281192521982,-41.4625
691,-28.9985118012618,-39.8273
692,-33.60150996382308,-39.8273
693,-26.592297336330773,-39.8273
694,-30.216549822226252,-39.8273
695,-29.084340552578144,-39.6542
696,-20.04727144861168,-39.6542
697,-28.588600277726833,-39.6542
698,-28.056664493956248,-39.6542
699,-28.850092772509335,-39.6542
700,-24.33803342625724,-39.6542
701,-24.13281659009519,-39.6542
702,-20.733716693734078,-39.6542
703,-26.55300153825523,-39.6542
704,-23.57541932902997,-39.6542
705,-22.157184992508817,-39.6542
706,-20.489379009642974,-39.6542
707,-19.558082822248107,-39.6542
708,-23.74024826249013,-39.6542
709,-20.196741008867683,-39.6542
710,-17.348997296899338,-39.6542
711,-20.442408402053765,-39.6542
712,-24.150521820321504,-39.6542
713,-23.91364927037497,-39.6542
714,-20.524049730286087,-39.6542
715,-23.39771627884073,-39.6542
716,-24.006050542914057,-39.6542
717,-25.211834759886813,-39.6542
718,-20.30427801319917,-39.6542
719,-22.59866877645138,-40.059
720,-24.736378790357556,-40.059
721,-26.07439342224769,-40.059
722,-22.587973613901813,-39.952
723,-23.875630323000884,-39.952
724,-24.942476669059445,-39.952
725,-22.99158901862652,-39.952
726,-25.979785861095404,-39.952
727,-25.313805789281375,-39.952
728,-25.56154225416282,-39.952
729,-21.362719306364546,-39.952
730,-25.40195309999199,-39.952
731,-26.644793157654085,-39.952
732,-26.17471204663846,-39.952
733,-25.797733195535454,-39.952
734,-27.641069322247475,-39.952
735,-23.524283775643426,-39.952
736,-23.968968546758692,-40.059
737,-28.90840759131372,-40.059
738,-23.430377481258247,-40.059
739,-24.553441053473648,-40.059
740,-26.098818541091234,-40.059
741,-24.566772583614362,-40.059
742,-26.010300093042346,-40.059
743,-21.513144344936496,-40.059
744,-25.74229982857429,-40.059
745,-26.768758780023152,-40.059
746,-26.691815093501923,-40.059
747,-16.91247044144166,-40.059
748,-25.81161399557626,-39.2202
749,-23.565559388742507,-39.2202
750,-24.599320175555,-40.059
751,-24.800126165988647,-40.059
752,-26.938072848980358,-40.059
753,-18.393279839426878,-40.059
754,-16.38508872615838,-40.059
755,-23.737931371326404,-38.3987
756,-26.590172988551547,-38.3987
757,-25.056840080600246,-38.3987
758,-27.0577672745299,-38.3987
759,-25.12369711808461,-38.3987
760,-17.507252686075457,-38.3987
761,-24.57358467468188,-38.3987
762,-26.620264395963286,-38.3987
763,-23.334428279197283,-38.3987
764,-23.42782201090307,-38.3987
765,-29.84651809735697,-38.3987
766,-28.164611902327067,-38.3987
767,-23.763916467354683,-38.3987
768,-23.956055722996705,-38.3987
769,-28.54532047236106,-38.3987
770,-20.31627982025892,-38.3987
771,-26.822643209396986,-38.3987
772,-17.258868490374656,-38.3987
773,-18.338009236336895,-38.3987
774,-15.703450382989462,-38.3987
775,-20.37392486383988,-38.3987
776,-17.571193017133066,-38.3987
777,-17.55621159324281,-38.3987
778,-17.3678580558979,-38.3987
779,-18.682602094712564,-38.3987
780,-16.826353219639003,-38.3987
781,-18.226655268296227,-38.3987
782,-19.36582556559321,-38.3987
783,-17.115500506855096,-38.3987
784,-16.0094083181432,-38.3987
785,-16.62277406875637,-38.3987
786,-16.829338965562123,-38.3987
787,-16.83011146718658,-38.3987
788,-17.5605881786186,-38.3987
789,-16.808330547656638,-38.3987
790,-18.94845528132262,-38.3987
791,-16.466714614045426,-38.3987
792,-17.408771326625228,-38.3987
793,-18.68492702756095,-38.3987
794,-17.86707077996609,-38.3987
795,-18.912500864752133,-38.3987
796,-25.11227254378047,-38.3987
797,-27.367405746300555,-38.3987
798,-17.027215599985887,-38.3987
799,-25.228310519745314,-38.3987
800,-24.41894120620217,-38.3987
801,-24.573682036538788,-38.3987
802,-24.32181323065383,-38.3987
803,-26.059893970709883,-39.952
804,-24.92477360773577,-39.952
805,-28.38019895671698,-39.952
806,-24.158696985308854,-39.952
807,-26.061591636167982,-39.952
808,-24.19562220348421,-39.952
809,-21.76882843205278,-40.059
810,-25.954440975656254,-40.059
811,-29.56963744389491,-40.059
812,-28.20813324221801,-40.059
813,-25.863905193068316,-40.059
814,-25.687112571909786,-40.059
815,-20.138868708752625,-40.059
816,-29.55287179154555,-39.6542
817,-25.887729984915975,-39.6542
818,-24.163782656996794,-39.6542
819,-28.92726154128517,-39.6542
820,-30.131697636805196,-39.6542
821,-30.865789708271638,-41.0837
822,-28.235320223865223,-41.0837
823,-26.853155405783063,-39.2711
824,-29.218033153570172,-39.2711
825,-29.074796089902726,-39.751
826,-29.02925190292397,-39.751
827,-31.29069559912658,-39.751
828,-29.345898707533692,-39.751
829,-26.82534685311857,-39.751
830,-24.906810046039677,-34.4567
831,-27.993392175267424,-34.4567
832,-27.998277471908985,-33.1467
833,-29.940090710378144,-33.1467
834,-26.562164891715035,-35.7515
835,-28.28847167394041,-35.7515
836,-30.208166596579133,-35.7515
837,-27.73097505779898,-35.7515
838,-26.095818956998915,-32.9049
839,-26.47650720609182,-31.527
840,-24.319830102937516,-31.527
841,-27.059508832726213,-31.527
842,-23.246057171674384,-31.527
843,-20.454409013215084,-33.9058
844,-20.56047259146694,-33.9058
845,-23.423397509642825,-33.9058
846,-22.70899057875023,-33.9058
847,-21.167408438244056,-33.4402
848,-23.22308238889464,-33.4402
849,-21.335689337296202,-33.4402
850,-27.016096903355383,-34.1722
851,-23.68061683543189,-34.1722
852,-24.174455460550483,-34.8972
853,-26.488952126368982,-34.8972
854,-26.4234355645435,-34.8972
855,-25.354687213861375,-34.8972
856,-26.197372753833086,-34.8972
857,-24.359816446751932,-34.8972
858,-26.311166565743687,-34.8972
859,-26.807215294178995,-34.1722
860,-27.326373935809332,-34.1722
861,-23.325647491241735,-34.1722
862,-21.890632841132785,-34.1722
863,-23.147825223701034,-34.1722
864,-25.013455221240406,-34.1722
865,-25.284111803868797,-34.1722
866,-25.298437598836014,-34.1722
867,-22.768639268583684,-34.1722
868,-19.025785595835373,-34.1722
869,-24.603933017833725,-34.1722
870,-23.860749276943398,-34.1722
871,-23.423426301938747,-34.1722
872,-22.988494717589756,-34.1722
873,-23.311625675133286,-34.1722
874,-23.60400731921881,-34.1722
875,-23.578704777118094,-34.1722
876,-23.476160002730264,-34.1722
877,-23.842934329731822,-34.8972
878,-27.54622883516952,-34.8972
879,-25.942610104288605,-34.8972
880,-25.61956604059059,-34.8972
881,-25.46691431568839,-34.8972
882,-27.027812728425644,-34.1722
883,-25.897213314631355,-34.1722
884,-24.961569704583233,-34.1722
885,-26.6835002603126,-34.1722
886,-26.51186543982609,-34.1722
887,-30.221912111630424,-35.463
888,-25.91074249924096,-35.463
889,-25.294696820494288,-35.463
890,-30.505629087216978,-34.1722
891,-28.02652598650488,-34.1722
892,-30.69763656184206,-34.1722
893,-34.41370029869795,-34.1722
894,-35.003733797363125,-34.1722
895,-29.939465327844257,-35.6589
896,-32.34940123354648,-35.6589
897,-35.663861332716515,-35.6589
898,-26.892445660197914,-35.6589
899,-28.455912065738747,-35.6589
900,-32.03547858644522,-35.6589
901,-31.88126931852188,-35.6589
902,-35.353256091579105,-35.6589
903,-28.01203880929952,-35.6589
904,-26.716535693755063,-35.6589
905,-31.083930585838402,-35.6589
906,-27.536181508225116,-35.6589
907,-29.056056732352253,-35.6589
908,-29.834438357830656,-35.6589
909,-31.936154760248723,-35.463
910,-31.21150048244322,-35.463
911,-24.511025291467003,-35.463
912,-25.476180884405146,-35.463
913,-26.286693640313615,-35.463
914,-32.93489740631991,-35.463
915,-31.144477897552655,-35.463
916,-27.74439412938003,-35.463
917,-28.487799189654005,-35.463
918,-28.025058070484334,-35.463
919,-27.726986603440796,-35.463
920,-26.915041537194195,-35.463
921,-27.655678621047667,-35.463
922,-28.489248037527368,-35.463
923,-27.080735644944607,-35.463
924,-28.53016179075371,-35.463
925,-31.42475241817143,-35.463
926,-27.66164690048879,-35.463
927,-27.122087225816564,-35.463
928,-33.79589828281671,-35.463
929,-33.59009696852056,-35.463
930,-35.98000883259957,-35.463
931,-25.779915540426877,-35.463
932,-33.32672044863109,-35.463
933,-30.91987347464184,-35.463
934,-30.88917622849907,-35.463
935,-31.47196340375045,-35.463
936,-31.08647406807527,-35.463
937,-25.661955917070017,-35.463
938,-31.531528136789646,-35.463
939,-30.913791615218514,-35.463
940,-26.083810760063052,-35.463
941,-34.67971049319165,-34.226
942,-31.87266021066612,-34.226
943,-33.019067423984254,-34.226
944,-25.21188069301532,-34.226
945,-32.120130605566885,-34.226
946,-31.694166929143883,-34.226
947,-29.863923889230833,-34.226
948,-30.01968349712537,-34.226
949,-33.32022887898811,-34.226
950,-34.79198214020197,-34.226
951,-25.830779490651352,-34.226
952,-30.216779177204202,-34.226
953,-29.98661000837487,-34.226
954,-32.42598983691918,-34.226
955,-34.64409941500999,-34.226
956,-31.270791464014703,-34.226
957,-33.4701556111778,-33.8712
958,-32.8462569128509,-33.8712
959,-31.226478139060276,-33.8712
960,-29.935260608551783,-33.8712
961,-28.349265706414922,-33.8712
962,-29.59937977095,-33.8712
963,-24.07247205295702,-33.8712
964,-25.831845124961394,-33.8712
965,-25.747345950984126,-33.8712
966,-30.71842872116659,-33.8712
967,-27.338239126885146,-33.8712
968,-29.322480622712376,-33.8712
969,-26.430517082307095,-34.938
970,-27.308673365804047,-34.938
971,-24.401324133595203,-33.8712
972,-23.533931630080552,-33.8712
973,-25.427727171215643,-33.8712
974,-24.999362176892944,-33.8712
975,-23.513168591736164,-34.1722
976,-25.125203002920745,-35.6589
977,-23.81551485935634,-35.6589
978,-21.98406121175751,-35.6589
979,-26.551512845303826,-34.938
980,-23.90039371487053,-34.938
981,-20.65174036768996,-34.938
982,-23.821060870250207,-33.8712
983,-25.70107671386106,-33.8712
984,-24.79458900987039,-33.8712
985,-23.952773422948184,-33.8712
986,-28.665616310896695,-33.8712
987,-25.795264141187282,-33.8712
988,-25.731442331985804,-33.8712
989,-26.054334186065667,-33.8712
990,-22.189949035456344,-33.8712
991,-24.526309379121205,-33.8712
992,-24.934824040351877,-33.8712
993,-24.584601289158726,-33.8712
994,-24.262517451324324,-33.8712
995,-23.011827721236628,-35.6589
996,-23.689661912476076,-35.6589
997,-23.80350219757112,-35.6589
998,-33.253586283664134,-26.5564
999,-30.99980162241867,-26.5564
1000,-31.624068147548243,-26.5564
1001,-35.0885433201749,-26.5564
1002,-33.640034128800515,-26.5564
1003,-29.682238193821668,-26.9418
1004,-32.33579333883942,-26.9418
1005,-32.32628824885043,-26.9418
1006,-30.976629101172275,-27.0781
1007,-32.82962444413256,-27.0781
1008,-32.73894026281779,-27.0781
1009,-28.220447665663638,-27.0781
1010,-29.9663864532172,-27.0781
1011,-29.59437859431677,-27.0781
1012,-31.07646331000555,-27.0781
1013,-30.549377931175222,-27.0781
1014,-33.997491004496766,-27.0781
1015,-29.262353112641865,-27.0781
1016,-24.329148818484757,-27.0781
1017,-24.63300977220449,-27.0781
1018,-32.71834139258411,-27.0781
1019,-30.43081592570765,-27.0781
1020,-29.856781748688572,-27.0781
1021,-25.163589097441346,-27.0781
1022,-30.380900140260138,-27.0781
1023,-32.83128539361118,-27.0781
1024,-31.81103018080141,-27.0781
1025,-30.23761709672598,-27.0781
1026,-27.76189112955974,-27.0781
1027,-30.801448594992273,-27.0781
1028,-30.26870378983732,-27.0781
1029,-31.266702129049115,-27.0781
1030,-32.18205520172272,-26.8485
1031,-32.264969739377435,-26.5564
1032,-32.5437051550056,-26.5564
1033,-31.61196435357795,-26.5564
1034,-32.518213399060826,-26.5564
1035,-31.993149240813402,-26.5564
1036,-34.37796638251844,-26.5564
1037,-28.423316422259923,-27.318
1038,-26.604305930952748,-27.5774
1039,-27.52796323173817,-27.5774
1040,-27.57418360121274,-27.5774
1041,-25.815093164494755,-27.0781
1042,-29.67305694098782,-27.0781
1043,-29.246152762152946,-27.0781
1044,-28.945306979248898,-27.0781
1045,-32.36561241849998,-27.0781
1046,-31.533917475928636,-27.0781
1047,-31.478269832375183,-27.0781
1048,-27.437000473771626,-27.0781
1049,-33.199745114541365,-26.9418
1050,-35.169274792440845,-26.9418
1051,-36.18778779632943,-26.9418
1052,-32.81570520088272,-26.5564
1053,-35.80271310080169,-26.5564
1054,-33.28550139774146,-26.5564
1055,-33.0727780299303,-26.5564
1056,-29.7126998602173,-26.5564
1057,-31.55292201139185,-26.5564
1058,-33.01316084189844,-26.5564
1059,-28.817737809114185,-26.5564
1060,-30.643498233870634,-26.5564
1061,-30.29755943389851,-26.5564
1062,-34.3032924029788,-26.5564
1063,-27.75642858870306,-26.5564
1064,-27.494914683364655,-26.5564
1065,-26.21254119168698,-26.5564
1066,-30.163841137564887,-26.5564
1067,-30.901705173417614,-26.5564
1068,-27.42672312859999,-26.5564
1069,-31.112319887429013,-26.9418
1070,-33.65989961257383,-26.9418
1071,-32.237405165596655,-26.9418
1072,-33.883569951596,-26.9418
1073,-28.263606699585043,-26.9418
1074,-28.068745527338386,-26.9418
1075,-27.09992269385262,-26.9418
1076,-29.932827422585234,-26.9418
1077,-31.628742882483635,-26.9418
1078,-28.22275026663639,-26.9418
1079,-33.04551554501082,-26.9418
1080,-33.25458501473317,-26.9418
1081,-33.425582568113384,-26.9418
1082,-31.792852608237432,-26.9418
1083,-29.47504263650899,-26.9418
1084,-31.87133273266401,-26.9418
1085,-29.003848669247184,-26.9418
1086,-26.954345177527387,-26.9418
1087,-28.909451422894353,-26.9418
1088,-27.282137917743782,-26.9418
1089,-26.17749035290052,-26.9418
1090,-31.993602369222845,-26.9418
1091,-31.020224705750326,-26.9418
1092,-28.09943774003129,-26.9418
1093,-30.61816199555092,-26.9418
1094,-27.343039374640796,-26.9418
1095,-27.459637269742476,-26.9418
1096,-28.012810849845344,-26.3166
1097,-27.752345006760212,-26.3166
1098,-27.019442607461983,-26.3166
1099,-26.30519107352213,-26.3166
1100,-28.351414181283623,-26.3166
1101,-30.119783118913197,-26.3166
1102,-29.780683788288282,-26.3166
1103,-31.418943092081978,-26.3166
1104,-31.249855550450512,-26.3166
1105,-28.117715865011412,-26.3166
1106,-31.726858942010224,-26.3166
1107,-30.983373339791278,-26.3166
1108,-29.232006098229387,-26.3166
1109,-32.842203097555924,-26.3166
1110,-30.29258072000964,-27.0781
1111,-26.76641828855545,-27.0781
1112,-26.571309821806995,-27.0781
1113,-30.693311415553758,-26.3166
1114,-25.777262120842714,-26.3166
1115,-24.91435053747221,-26.3166
1116,-28.442843158648664,-27.0781
1117,-32.499777394214675,-27.0781
1118,-30.262212390526773,-27.0781
1119,-29.613170388435037,-27.0781
1120,-31.768120952363425,-27.0781
1121,-30.501625588601122,-27.0781
1122,-32.132825073943174,-27.0781
1123,-27.953030500282935,-27.0781
1124,-28.450022876738224,-27.0781
1125,-31.288142676503696,-29.3812
1126,-27.40950315114087,-29.3812
1127,-31.68951773338916,-29.3812
1128,-31.424334798909346,-29.3812
1129,-25.809034656332216,-29.3812
1130,-26.06217010479646,-29.3812
1131,-26.30881120114146,-29.3812
1132,-26.447612140959798,-29.3812
1133,-31.162227913482003,-27.9411
1134,-27.8099487212325,-27.9411
1135,-23.92194968307232,-27.9411
1136,-29.842537399982806,-27.9411
1137,-25.76298898565883,-27.0781
1138,-24.8006756919943,-26.3166
1139,-22.54523943142086,-26.3166
1140,-30.025297818558002,-26.3166
1141,-26.71421419407736,-26.8485
1142,-28.234807232186235,-26.8485
1143,-18.10157627463084,-25.3099
1144,-24.433058237237578,-25.3099
1145,-29.180349619628096,-24.8963
1146,-27.99579306358192,-24.8963
1147,-28.72699930399811,-24.8963
1148,-28.022412599210014,-24.8963
1149,-28.893933817924417,-24.8963
1150,-32.169782553419594,-27.0765
1151,-28.87917508290787,-28.4229
1152,-31.52923693207927,-28.4229
1153,-25.900731827209782,-27.2473
1154,-29.73551281484719,-26.8993
1155,-29.822721944517593,-26.8993
1156,-21.871819140548332,-26.8993
1157,-24.869562962649713,-26.8993
1158,-23.696350292161483,-26.8993
1159,-24.895354149551707,-26.5753
1160,-30.10552087970482,-26.5753
1161,-28.607530479700817,-26.5753
1162,-30.26704290687823,-26.5753
1163,-29.839594042702714,-26.0101
1164,-32.04606194553379,-26.0101
1165,-29.07769516768214,-26.0101
1166,-31.740779406280208,-24.595
1167,-29.839244711673437,-24.595
1168,-31.975963825251522,-26.1089
1169,-21.795957647174227,-26.1089
1170,-25.44986888262497,-26.1089
1171,-31.200667462246795,-26.1089
1172,-28.841945858956493,-25.3235
1173,-32.144262760320544,-25.3235
1174,-33.157950318722456,-24.7599
1175,-32.68169035625189,-24.7599
1176,-31.248629286084523,-24.7599
1177,-32.3886042944264,-22.2038
1178,-32.21673442818629,-22.2038
1179,-30.13072902714643,-22.2038
1180,-30.949471844210045,-23.5138
1181,-33.50619565660151,-24.5476
1182,-27.885634184201447,-24.5476
1183,-32.658103420667565,-24.5476
1184,-32.427198972908855,-22.2038
1185,-33.23588009892899,-22.2038
1186,-32.310787366754795,-22.2038
1187,-29.020125029914738,-22.2038
1188,-28.274903586639816,-22.2038
1189,-31.68574548006898,-22.2038
1190,-32.74239852252912,-22.2038
1191,-32.827895991111625,-22.2038
1192,-30.973350549579052,-22.2038
1193,-33.80968123921633,-22.2038
1194,-34.15968438024849,-22.2038
1195,-28.159813030005402,-22.2038
1196,-31.611339421263757,-22.2038
1197,-23.0217854863291,-22.2038
1198,-29.259383193499392,-22.2038
1199,-27.578403071203,-22.2038
1200,-31.15905165597845,-22.2038
1201,-31.945702880103095,-22.2038
1202,-33.172668164667975,-22.2038
1203,-28.64302929388399,-22.2038
1204,-32.131579647646326,-22.2038
1205,-31.586258031062364,-22.2038
1206,-30.158148865784867,-22.2038
1207,-25.431821716442116,-22.2038
1208,-31.562170489815777,-22.2038
1209,-28.078133809237336,-22.2038
1210,-27.302386517778405,-22.2038
1211,-33.016889421799874,-22.2038
1212,-28.7471849215509,-22.2038
1213,-30.15557669419401,-22.2038
1214,-31.28370373358575,-22.2038
1215,-32.293280609610406,-22.2038
1216,-32.049687059932275,-22.2038
1217,-32.95573824204197,-22.2038
1218,-33.09846632145877,-22.2038
1219,-32.87920724107182,-22.2038
1220,-30.248664237443347,-22.2038
1221,-33.183964876501655,-22.2038
1222,-26.17822763043027,-22.2038
1223,-31.27907123599321,-22.2038
1224,-32.69358162691358,-22.2038
1225,-32.84816328478546,-22.2038
1226,-33.13715304159998,-22.2038
1227,-33.01500242747209,-22.2038
1228,-30.455460986921203,-22.2038
1229,-32.83617048527786,-22.2038
1230,-31.223207025097828,-22.2038
1231,-30.59142852760543,-22.2038
1232,-24.390164079567995,-22.2038
1233,-27.16544723462482,-22.2038
1234,-27.932389550874955,-22.2038
1235,-29.695797274382862,-22.2038
1236,-26.171521418314867,-22.2038
1237,-28.70391107951768,-22.2038
1238,-27.634387579358986,-22.2038
1239,-28.154094978255294,-22.2038
1240,-30.88668165915964,-22.2038
1241,-31.326901988100353,-22.2038
1242,-28.488340136653704,-22.2038
1243,-29.620141081012243,-22.2038
1244,-27.316051744943554,-22.2038
1245,-25.99219144448512,-22.2038
1246,-29.556035810200008,-22.2038
1247,-29.933111149994104,-22.2038
1248,-33.03878554199105,-22.2038
1249,-31.89405157590176,-22.2038
1250,-30.450281143182956,-22.2038
1251,-37.3607211288895,-22.2038
1252,-32.684160540291586,-23.5138
1253,-33.45148745092576,-23.5138
1254,-33.798379999380295,-23.5138
1255,-33.97233882762977,-23.5138
1256,-33.84766678688227,-22.2038
1257,-33.01526882900879,-22.2038
1258,-29.00361640947913,-22.2038
1259,-24.741591135465974,-22.2038
1260,-31.350444192294017,-22.2038
1261,-30.638214693784622,-23.5138
1262,-32.17653262786361,-23.5138
1263,-34.09542804544341,-23.5138
1264,-34.20922335337265,-23.5138
1265,-29.12806251035755,-23.5138
1266,-33.87809531411986,-23.5138
1267,-33.93065433509217,-23.5138
1268,-32.74142201452638,-23.5138
1269,-34.49293728793002,-23.5138
1270,-31.743298978259965,-23.5138
1271,-25.470980394576962,-23.5138
1272,-33.21273839991226,-23.5138
1273,-32.27364260823603,-23.5138
1274,-34.893265970166226,-23.5138
1275,-29.73780293451609,-23.5138
1276,-30.897609928481998,-23.5138
1277,-31.93632022307245,-23.5138
1278,-28.187083118073314,-23.5138
1279,-30.47086032293144,-23.5138
1280,-30.032539727107597,-23.5138
1281,-33.150568214004615,-23.5138
1282,-28.541039219757046,-23.5138
1283,-30.05642012636374,-23.5138
1284,-28.741320912545095,-23.5138
1285,-25.53315975039498,-23.5138
1286,-28.52124912747428,-23.5138
1287,-28.850193915291552,-23.5138
1288,-24.08843384046221,-23.5138
1289,-28.56337365938627,-23.5138
1290,-27.97749885444358,-23.5138
1291,-29.256239672081314,-23.5138
1292,-28.737651080320106,-23.5138
1293,-30.04399586766441,-23.5138
1294,-29.27535457491028,-23.5138
1295,-27.841962254850582,-23.5138
1296,-32.28247817666349,-23.5138
1297,-34.53695846472573,-23.5138
1298,-35.097866724908464,-23.5138
1299,-29.350617953013224,-23.5138
1300,-32.654867013941946,-23.5138
1301,-32.419011371652346,-23.5138
1302,-31.485670865844707,-23.5138
1303,-31.841056509924286,-23.5138
1304,-32.88715085125241,-23.5138
1305,-30.171959517399323,-23.5138
1306,-32.20221244068211,-23.5138
1307,-31.351054637580027,-22.1082
1308,-33.11793610421478,-22.1082
1309,-33.35099776679631,-22.1082
1310,-33.73171863751778,-22.1082
1311,-30.339779282424043,-22.1082
1312,-33.974215869190985,-22.1082
1313,-29.28754485032575,-22.1082
1314,-34.761460836753,-24.5476
1315,-30.010690268277337,-24.5476
1316,-29.665624761294257,-24.5476
1317,-33.02676873028428,-22.2038
1318,-28.229497256198375,-22.2038
1319,-27.23442040382234,-23.5138
1320,-18.70233544007856,-23.5138
1321,-29.56881604337447,-23.5138
1322,-29.972654225033214,-23.3871
1323,-29.179617409689055,-23.3871
1324,-30.524135019948137,-23.3871
1325,-29.91326715527968,-23.029
1326,-32.33184325047172,-24.0823
1327,-31.963516764175374,-24.0823
1328,-30.091037820488033,-24.0823
1329,-31.715467039310784,-23.9504
1330,-33.61654042627377,-23.9504
1331,-34.475990535083156,-23.9504
1332,-29.94588914736999,-23.9504
1333,-31.484753212664188,-24.444
1334,-27.825078649256746,-24.444
1335,-30.67935454567289,-22.6384
1336,-33.939896546244135,-22.6384
1337,-33.000103140295344,-22.6384
1338,-33.36710281856465,-22.7389
1339,-36.12358998538507,-22.7389
1340,-33.84461632512692,-22.7389
1341,-33.856164909539146,-23.3198
1342,-35.11690263063674,-23.3198
1343,-35.28151192033401,-23.3198
1344,-36.08890622803032,-22.6518
1345,-35.01021375634803,-22.6518
1346,-33.39712198444288,-21.5864
1347,-35.20633127090903,-22.4778
1348,-34.98485321890138,-22.4778
1349,-31.538477445109557,-22.4778
1350,-28.209353352266508,-24.7073
1351,-32.95395911894651,-23.4654
1352,-29.323802959869624,-23.4654
1353,-28.780379412350623,-23.4654
1354,-31.152524814563527,-22.6218
1355,-35.87107557401387,-22.6218
1356,-35.150724525287146,-22.6218
1357,-31.066294098116217,-22.6458
1358,-32.93652662406251,-22.6458
1359,-31.521321359174863,-22.3249
1360,-24.774589751016197,-22.3249
1361,-32.329567127702646,-24.0671
1362,-32.74020540375893,-24.0671
1363,-35.70464431256323,-24.0671
1364,-31.665883831387866,-22.7448
1365,-32.325954567267715,-22.7448
1366,-33.27843836845702,-21.9102
1367,-32.39438250630367,-21.9102
1368,-31.87717786118042,-21.9102
1369,-35.25860083559046,-22.2314
1370,-34.34973269755678,-22.2314
1371,-32.340146689311325,-22.2314
1372,-36.65206167644691,-22.2314
1373,-36.587114852430666,-22.3417
1374,-35.53852143072838,-22.2132
1375,-36.88956256119091,-22.2132
1376,-40.86043088809137,-22.2132
1377,-41.75634439438077,-22.2132
1378,-37.04203310616313,-22.2132
1379,-38.44322670528292,-22.9885
1380,-34.45010018147341,-22.9885
1381,-33.08945487124771,-22.9885
1382,-35.28537191195817,-22.9885
1383,-39.284593185616146,-22.9885
1384,-37.78331062857947,-22.9885
1385,-39.486406283750874,-22.9885
1386,-35.11895115475155,-22.9885
1387,-38.150400721023125,-22.9885
1388,-39.49200711899357,-22.9885
1389,-39.956518066772,-22.9885
1390,-39.686691110611115,-24.3349
1391,-40.084244073771266,-24.3349
1392,-37.152752984941245,-24.3349
1393,-38.90127525498741,-24.3349
1394,-36.53112689438423,-24.3349
1395,-37.05318566150051,-24.3349
1396,-38.586224071623015,-24.3349
1397,-37.063024483690555,-24.3349
1398,-34.15756667350191,-24.3349
1399,-35.237600833323405,-24.3349
1400,-37.80766246175216,-24.3349
1401,-34.73022090813471,-24.3349
1402,-35.014969388790234,-24.3349
1403,-36.24127317168339,-24.3349
1404,-35.40308543258939,-24.3349
1405,-33.39327266049207,-24.3349
1406,-33.51987318350312,-22.9885
1407,-32.62228437998444,-22.9885
1408,-32.2646524651417,-22.9885
1409,-35.39478063359965,-22.9885
1410,-37.92365969582174,-22.9885
1411,-33.46865447031778,-22.9885
1412,-34.266211293614994,-22.9885
1413,-36.93199498301398,-22.9885
1414,-35.221095660432894,-22.9885
1415,-36.47947790248486,-22.9885
1416,-35.014427215191944,-22.9885
1417,-36.9422004877351,-22.9885
1418,-33.62491801412375,-22.9885
1419,-34.428787471525446,-22.9885
1420,-36.16214826444105,-22.9885
1421,-36.81249917262039,-22.5007
1422,-35.54350764085853,-22.5007
1423,-34.240690964391895,-22.5007
1424,-34.6291052151509,-22.9885
1425,-31.477419303179065,-22.9885
1426,-36.65169275389636,-22.9885
1427,-35.111392923149374,-22.9885
1428,-36.54725534441648,-24.3349
1429,-36.328003747563265,-24.3349
1430,-34.9080828751745,-24.3349
1431,-34.10211696418293,-24.3349
1432,-35.207207000791854,-24.3349
1433,-37.367826995579236,-24.3349
1434,-36.39240431841426,-24.3349
1435,-39.50375656164712,-24.3349
1436,-36.56917167784924,-24.3349
1437,-36.37965524206677,-24.3349
1438,-34.99648926481828,-24.3349
1439,-36.36597039309266,-24.3349
1440,-33.61160173162588,-24.3349
1441,-32.94106310803278,-24.3349
1442,-36.619710222459766,-24.3349
1443,-36.392820087590586,-24.3349
1444,-33.02488626659192,-22.9885
1445,-34.98829384593838,-22.9885
1446,-37.19615987168194,-22.9885
1447,-36.93437362084139,-22.9885
1448,-38.34374036334977,-22.9885
1449,-40.60903252511981,-22.9885
1450,-33.65139715797065,-22.9885
1451,-33.38866692487067,-22.9885
1452,-35.96421040733575,-22.9885
1453,-36.343783552855584,-22.9885
1454,-35.55409316465664,-22.9885
1455,-36.16648033094685,-22.9885
1456,-34.40201439818749,-22.9885
1457,-34.69228354559796,-22.9885
1458,-36.25111560797834,-22.9885
1459,-35.61383194560452,-22.9885
1460,-36.257324664126635,-22.9885
1461,-31.694936118105787,-22.9885
1462,-33.160017808899845,-22.9885
1463,-32.79858196083352,-22.9885
1464,-31.86066586215112,-22.9885
1465,-33.881859669581864,-22.9885
1466,-34.31619648898722,-22.9885
1467,-32.589828034837566,-22.9885
1468,-32.67217847517385,-22.9885
1469,-31.78818036078839,-22.9885
1470,-33.43336651467252,-22.9885
1471,-34.325130361080916,-22.9885
1472,-34.09732682321242,-22.9885
1473,-36.977864190017485,-22.9885
1474,-34.60872555523041,-22.9885
1475,-37.0565668244535,-22.9885
1476,-35.37481028039425,-22.9885
1477,-37.1639338091306,-22.9885
1478,-32.37910027017084,-22.9885
1479,-32.15137949874767,-22.9885
1480,-32.01674174833363,-22.9885
1481,-32.74998785600401,-22.9885
1482,-33.9448568007011,-22.9885
1483,-32.88115151702727,-22.9885
1484,-32.71110145123509,-22.9885
1485,-32.67545230583133,-22.9885
1486,-32.90267939209373,-22.9885
1487,-35.03895677364282,-22.9885
1488,-33.50890678348304,-22.9885
1489,-38.044277443251254,-22.9885
1490,-34.069240611967146,-22.9885
1491,-38.74172635667388,-22.9885
1492,-33.53517699351505,-22.9885
1493,-38.33268318004497,-22.9885
1494,-35.391204266407044,-22.9885
1495,-38.994528304680095,-22.9885
1496,-36.246060723015574,-22.9885
1497,-35.223448723180276,-22.9885
1498,-33.418209068844014,-22.9885
1499,-31.369704104345292,-22.9885
1500,-33.988346406151905,-22.9885
1501,-37.12058014800779,-22.9885
1502,-38.0194254302278,-25.1724
1503,-38.37201148782601,-25.1724
1504,-36.495221246407155,-25.1724
1505,-33.79224796630557,-25.1724
1506,-35.468595541349785,-25.1724
1507,-33.2935800343035,-25.1724
1508,-37.80604045968023,-25.1724
1509,-35.044120956781825,-25.1724
1510,-31.954424205751405,-25.1724
1511,-33.078978179727,-25.1724
1512,-35.79387183704608,-25.1724
1513,-37.409585175484054,-25.1724
1514,-36.85284914950203,-25.1724
1515,-37.83282349391973,-25.1724
1516,-36.640549459885975,-25.1724
1517,-36.85990803250753,-25.1724
1518,-39.531100623824386,-25.1724
1519,-37.22075469997637,-25.1724
1520,-36.611118774191574,-25.1724
1521,-40.01526410587206,-25.1724
1522,-36.77409915976021,-25.1724
1523,-37.696812530159406,-25.1724
1524,-33.22540050107929,-25.1724
1525,-35.49350707447446,-25.1724
1526,-34.86952058985825,-22.9885
1527,-36.425437560119946,-22.9885
1528,-35.696214933377185,-22.9885
1529,-38.872749471674865,-25.1724
1530,-38.94668269317077,-25.1724
1531,-38.52566022296309,-25.1724
1532,-34.32319245962677,-25.1724
1533,-38.180910337167376,-25.1724
1534,-38.22212349698842,-25.1724
1535,-36.5322202405119,-25.1724
1536,-38.90180907122829,-25.1724
1537,-36.786868612908165,-22.5007
1538,-35.903535436474804,-22.5007
1539,-37.957127762214945,-22.5007
1540,-39.61768374001585,-24.3349
1541,-37.68251390206759,-24.3349
1542,-34.56327074136771,-22.9885
1543,-36.61453859599036,-22.9885
1544,-36.04444947157167,-22.9885
1545,-39.266123052402364,-24.3349
1546,-39.0117041160694,-22.5007
1547,-38.10031141483381,-22.5007
1548,-38.808829389938396,-22.5007
1549,-36.86327895828513,-22.5007
1550,-38.97974261178601,-22.13
1551,-35.84354167076732,-22.13
1552,-38.57960500534199,-22.13
1553,-40.30131628972154,-22.13
1554,-41.85492945383699,-22.0315
1555,-37.9525185453758,-22.0315
1556,-36.93557858386798,-22.0315
1557,-37.34919183843532,-22.8074
1558,-38.437841025537175,-22.8074
1559,-39.26337931668162,-22.8074
1560,-41.50168807196032,-22.3886
1561,-41.766507225282616,-22.3886
1562,-39.64751126852701,-22.3886
1563,-42.11103682793024,-23.1784
1564,-40.30086537989906,-23.1784
1565,-40.7989571557713,-23.1784
1566,-40.60071974553037,-22.7395
1567,-40.785931379081674,-22.7395
1568,-42.75325020778154,-22.7395
1569,-42.82259720755462,-22.5775
1570,-40.10215139471765,-22.5775
1571,-40.10396386094574,-22.5775
1572,-39.74333204700449,-22.5775
1573,-39.088507254738005,-22.5775
1574,-39.49896737967299,-23.522
1575,-38.27583711115672,-23.522
1576,-37.79052478225044,-23.522
1577,-37.99747387101157,-22.2527
1578,-37.96618324489275,-22.2527
1579,-36.39548577958509,-22.2527
1580,-39.137463603964655,-22.2527
1581,-38.26020497780158,-21.5604
1582,-36.68141242729985,-21.5604
1583,-41.7421095130894,-21.5604
1584,-40.812689566190926,-21.5604
1585,-40.19865357982078,-21.5604
1586,-38.727391592709274,-21.5604
1587,-39.266496892795956,-21.5604
1588,-37.12464410610721,-21.5604
1589,-38.57085157462935,-22.1227
1590,-36.48818989845576,-22.1227
1591,-37.89949628351108,-22.1227
1592,-37.59554346974758,-22.1227
1593,-37.27984203359871,-22.1227
1594,-37.30171153955656,-22.1227
1595,-38.64898560645757,-22.1227
1596,-39.83516953947578,-22.1227
1597,-38.09912947247987,-22.1227
1598,-36.8778651751597,-22.1227
1599,-39.32330642169859,-22.1227
1600,-39.42876919751464,-22.1227
1601,-36.69646063978248,-22.1227
1602,-39.14249585020578,-22.1227
1603,-39.22206287849494,-22.1227
1604,-35.26359844363448,-22.1227
1605,-35.324417195219695,-22.1227
1606,-34.46257912643028,-22.1227
1607,-39.36333719652218,-22.1227
1608,-38.686362342803974,-22.1227
1609,-39.4556122620523,-22.1227
1610,-38.71803627753072,-22.1227
1611,-39.49055701139745,-22.1227
1612,-38.234583046604754,-22.1227
1613,-38.63073762476464,-22.1227
1614,-37.861137558340005,-22.1227
1615,-38.024623409864176,-22.1227
1616,-35.02164995351581,-22.1227
1617,-36.39969351059835,-22.1227
1618,-38.55408044428684,-22.1227
1619,-37.34069612338861,-22.1227
1620,-35.29280694498717,-22.1227
1621,-35.880229679363666,-22.1227
1622,-38.209938255621054,-22.1227
1623,-34.65626203203989,-22.1227
1624,-38.904251304918446,-22.1227
1625,-35.631666369021325,-22.1227
1626,-36.62287498995303,-22.1227
1627,-36.99585307775187,-22.1227
1628,-36.10739932218542,-22.1227
1629,-37.023328063853825,-22.1227
1630,-38.248600909537856,-22.1227
1631,-37.035190838368194,-22.1227
1632,-38.930610763847596,-22.1227
1633,-37.642664029692085,-22.1227
1634,-37.831519580383166,-22.1227
1635,-38.13154677408096,-22.6462
1636,-38.66741943324858,-22.6462
1637,-37.51979273142824,-22.6462
1638,-38.179302886715995,-22.6462
1639,-38.21878462329048,-22.6462
1640,-38.274060257325,-22.6462
1641,-38.47680504189366,-22.6462
1642,-38.29136592155524,-22.6462
1643,-39.680209769717656,-22.6462
1644,-37.941864639854316,-22.6462
1645,-38.39802083738918,-21.5604
1646,-34.54087840371072,-21.5604
1647,-40.373076285787626,-21.5604
1648,-38.836371836859,-21.5604
1649,-37.08786656218367,-21.5604
1650,-38.26113473633171,-21.5604
1651,-37.35395922716803,-21.5604
1652,-39.097663891861465,-21.5604
1653,-37.764444560493615,-21.5604
1654,-38.140928127380064,-21.5604
1655,-39.21154001397827,-22.6462
1656,-39.48533859653763,-22.6462
1657,-35.47872631474378,-22.6462
1658,-37.62981670308315,-22.6462
1659,-37.20961916160625,-22.6462
1660,-38.515656646822926,-22.6462
1661,-36.53217720977623,-22.6462
1662,-37.31316183995242,-22.6462
1663,-37.761842949164716,-22.6462
1664,-37.963190437574255,-21.5604
1665,-39.23889649384269,-21.5604
1666,-35.251984705707514,-21.5604
1667,-37.86525441825281,-21.5604
1668,-35.208918173457235,-21.5604
1669,-37.099579307751156,-21.5604
1670,-37.00407642779539,-21.5604
1671,-35.93702143519205,-21.5604
1672,-38.130905356837644,-22.6462
1673,-37.37366952702357,-22.6462
1674,-38.21447671254563,-22.6462
1675,-36.13890976597389,-22.6462
1676,-36.77376361511993,-22.6462
1677,-39.53475320307766,-22.6462
1678,-36.874772993941335,-22.6462
1679,-31.73196048731558,-22.6462
1680,-38.807427527710004,-22.6462
1681,-35.24013926309694,-22.6462
1682,-37.92112674071995,-22.6462
1683,-37.2735408560422,-22.6462
1684,-38.32118769678586,-22.6462
1685,-39.05706678136376,-22.6462
1686,-38.011313333690644,-22.6462
1687,-38.31985825017804,-22.6462
1688,-36.541632839098725,-22.6462
1689,-36.50219461505682,-22.6462
1690,-38.286193919392666,-22.6462
1691,-37.66866463859074,-22.6462
1692,-37.88805738562249,-22.6462
1693,-37.78498825543939,-22.6462
1694,-38.3572123756776,-22.6462
1695,-36.84884879146798,-22.6462
1696,-38.520913506945284,-22.6462
1697,-39.36962790198092,-22.6462
1698,-37.90393531880203,-22.6462
1699,-34.69954821078546,-22.6462
1700,-36.63197993624988,-22.6462
1701,-36.044240528021334,-22.6462
1702,-35.82571532836469,-22.6462
1703,-37.55988953782335,-22.6462
1704,-38.1770007139246,-22.6462
1705,-37.86201099490482,-22.6462
1706,-36.90065214557001,-22.6462
1707,-37.01141530002049,-22.6462
1708,-38.00725114217462,-22.6462
1709,-38.511853290172084,-22.6462
1710,-37.828921983930925,-22.6462
1711,-39.072079542556594,-22.6462
1712,-37.12325776362445,-22.6462
1713,-36.82549348722728,-22.6462
1714,-34.79719437201058,-22.6462
1715,-38.7627375625794,-22.6462
1716,-38.37766536560307,-22.6462
1717,-36.340175308501294,-22.6462
1718,-38.47571463038479,-22.6462
1719,-37.33819957971143,-22.6462
1720,-42.81625491427099,-22.0672
1721,-42.170675312895625,-22.6462
1722,-42.8304523882403,-22.6462
1723,-41.93757838743875,-22.6462
1724,-40.77031571888377,-22.6462
1725,-43.020380399581484,-23.2922
1726,-41.93110801819972,-22.6462
1727,-40.062198029245984,-22.6462
1728,-41.94676876410968,-23.8619
1729,-43.097390505520366,-23.8619
1730,-42.22194222264662,-23.2794
1731,-44.52535858323961,-23.2794
1732,-44.982770945595675,-23.2794
1733,-45.12008508457327,-23.2794
1734,-41.130926730667355,-23.2794
1735,-38.89902498856519,-23.2794
1736,-40.37372340697577,-22.8277
1737,-42.43044735184894,-22.8277
1738,-41.49565548585214,-23.8046
1739,-41.59888843572907,-23.8046
1740,-41.50504760366133,-23.9513
1741,-42.74708197157,-23.9513
1742,-41.98119211356563,-23.9513
1743,-42.63443440515865,-23.9513
1744,-40.085921832493206,-23.9513
1745,-44.316149476255504,-23.9513
1746,-43.56949432504755,-23.095
1747,-45.04077194872018,-23.095
1748,-43.22539949115047,-23.095
1749,-44.97611539007069,-23.7575
1750,-44.626299270913734,-23.7575
1751,-42.51339160061185,-23.7575
1752,-40.460796697074635,-23.0572
1753,-42.16554338821305,-23.0572
1754,-42.62730310242443,-23.2084
1755,-43.16128639726389,-23.9818
1756,-44.67098147708107,-23.9818
1757,-43.55816101555203,-23.9818
1758,-42.71678189921266,-23.9818
1759,-43.1667277869109,-23.4522
1760,-44.73110785038174,-23.2553
1761,-40.9399887158576,-23.2553
1762,-39.97722592830728,-23.2553
1763,-41.7665955471812,-23.2553
1764,-38.431139999213414,-23.2553
1765,-38.18244561276228,-23.6609
1766,-34.243993904527244,-24.9156
1767,-31.162727269741936,-24.9156
1768,-34.3446462110428,-23.7739
1769,-35.69402226199855,-23.1698
1770,-30.702567949647896,-23.1698
1771,-38.393048269371654,-23.1698
1772,-43.05237827876038,-23.1698
1773,-47.46755508922389,-25.2374
1774,-46.77551056279742,-25.2374
1775,-48.933211295252555,-25.2374
1776,-46.72555563111053,-25.4633
1777,-47.75630781165898,-25.4633
1778,-46.1378254731102,-25.4633
1779,-47.07869875398288,-25.6055
1780,-45.69294171611443,-25.6055
1781,-48.1828096838869,-25.6055
1782,-49.6310983142801,-25.6055
1783,-50.95006158469274,-25.6055
1784,-49.64046734301278,-25.2471
1785,-49.721197572034484,-25.2471
1786,-48.42691839023064,-25.2471
1787,-47.55927221303744,-25.2471
1788,-49.61528234344651,-25.2471
1789,-50.77306115477089,-25.2471
1790,-49.82031026035632,-24.6026
1791,-50.37298764062727,-24.6026
1792,-49.540213387103535,-24.6026
1793,-49.58587868954968,-24.6026
1794,-50.8463214984102,-25.4633
1795,-48.89035669644011,-24.6026
1796,-46.898542239105026,-25.442
1797,-49.036485387500555,-25.2471
1798,-51.207906362000635,-25.2471
1799,-51.25878492625915,-25.2471
1800,-49.07685728186599,-25.2471
1801,-51.0799616445785,-25.2471
1802,-51.34582166014876,-25.2471
1803,-49.82035766351832,-25.2471
1804,-50.94339780505187,-25.2471
1805,-47.352216050594535,-25.2471
1806,-49.183106461738376,-25.2471
1807,-51.60764314088989,-25.2471
1808,-52.06144618053017,-25.2471
1809,-52.15674651811721,-25.2471
1810,-51.83567877788861,-25.2471
1811,-52.11020345330256,-25.2471
1812,-51.234788185480575,-25.2471
1813,-47.68544722420827,-25.2471
1814,-51.385589516783774,-25.2471
1815,-51.797631511287115,-25.2471
1816,-47.174468265287494,-25.2471
1817,-47.30383293528827,-25.2471
1818,-50.152227717146154,-25.2471
1819,-46.9802895637046,-25.2471
1820,-46.61537575493874,-25.2471
1821,-47.71548524298381,-24.5396
1822,-47.90627506965069,-24.5396
1823,-51.427598911984795,-24.5396
1824,-50.942130768210475,-24.5396
1825,-52.288515621643384,-24.5396
1826,-48.739048940498186,-24.5396
1827,-48.557738740255274,-24.5396
1828,-52.12203263502879,-24.5396
1829,-51.13636184380955,-24.5396
1830,-51.23457853150345,-24.5396
1831,-49.10580957999116,-24.5396
1832,-48.050628816410956,-24.5396
1833,-46.966672349244575,-24.5396
1834,-47.31572104078513,-24.6026
1835,-49.04358100265811,-24.6026
1836,-47.74700571637461,-25.2471
1837,-48.34352410571057,-25.2471
1838,-52.15832881591482,-25.2471
1839,-49.91300374644596,-25.2471
1840,-47.37300122177584,-23.5953
1841,-49.907070221954896,-24.8942
1842,-52.90944496819526,-26.3683
1843,-52.238914405526316,-26.3683
1844,-53.851909923847366,-26.3683
1845,-48.17661763205909,-26.3683
1846,-50.904134407051785,-25.4633
1847,-51.08773417738837,-25.4633
1848,-51.655160110332375,-25.4633
1849,-52.38519377003885,-25.6055
1850,-52.38601532609745,-25.6055
1851,-50.77360114482957,-25.6055
1852,-52.558339636143145,-25.6055
1853,-53.269400740816664,-25.6055
1854,-52.9082938215877,-25.6055
1855,-49.653588414468175,-25.6055
1856,-50.55206629762641,-25.6055
1857,-50.1421645084947,-25.6055
1858,-51.1526663752685,-25.6055
1859,-50.46519933993987,-25.6055
1860,-49.83841391434779,-25.6055
1861,-49.65502142355582,-25.6055
1862,-50.43826743008032,-25.6055
1863,-53.181251394108095,-25.6055
1864,-53.38596705178945,-25.6055
1865,-52.16620115764484,-25.6055
1866,-52.55731993027712,-25.6055
1867,-51.49883365815369,-25.6055
1868,-50.69849594205894,-25.6055
1869,-51.07467522980205,-25.6055
1870,-51.762597296912475,-25.6055
1871,-48.30856535186099,-25.6055
1872,-48.83784169146411,-25.6055
1873,-48.97541087812546,-24.6026
1874,-51.5181411344168,-24.6026
1875,-51.36969444916676,-24.6026
1876,-52.73477223890009,-24.6026
1877,-51.33276512069501,-24.6026
1878,-51.488438591502046,-24.6026
1879,-50.66732966642843,-24.6026
1880,-50.06047859748722,-24.6026
1881,-49.54987102228507,-25.442
1882,-50.04243373370181,-25.442
1883,-52.112011348465366,-25.442
1884,-50.95620394433802,-25.442
1885,-50.780773501592904,-24.6026
1886,-51.694355461777604,-24.6026
1887,-48.15401503194019,-24.6026
1888,-53.190547170760034,-25.442
1889,-51.15440016285951,-25.442
1890,-52.36993765218923,-25.442
1891,-51.61326961131468,-25.442
1892,-51.63850612974342,-25.442
1893,-51.50108685250817,-25.442
1894,-51.589706303719105,-25.442
1895,-49.67017348518673,-25.442
1896,-49.27987336590363,-25.442
1897,-48.7239845270613,-25.442
1898,-51.801315954728324,-24.6026
1899,-49.87544826290632,-24.6026
1900,-51.0676295091882,-24.6026
1901,-49.61528218798796,-24.6026
1902,-51.96627701134558,-24.6026
1903,-50.0057927885062,-24.6026
1904,-53.49808838825198,-24.6026
1905,-54.5046812715039,-24.6026
1906,-51.086823749398874,-24.6026
1907,-50.1744762226391,-24.5396
1908,-51.24605927387714,-24.5396
1909,-49.19901750228291,-24.5396
1910,-50.35318996180542,-24.5396
1911,-50.78286758384876,-24.5396
1912,-50.31213143520461,-24.5396
1913,-52.86806222600415,-24.5396
1914,-50.825167983249635,-24.5396
1915,-49.90424828816909,-24.5396
1916,-52.33810486751161,-24.6026
1917,-51.17248330374735,-24.6026
1918,-49.30022299265077,-25.4633
1919,-44.74091996450127,-25.4633
1920,-45.560639998024214,-25.4633
1921,-45.89832313060721,-25.4633
1922,-44.70081973403155,-25.6261
1923,-46.907626772998796,-25.6261
1924,-48.15311501789826,-25.4633
1925,-46.09479775218041,-25.4633
1926,-49.37790950654009,-25.4633
1927,-49.22030197875844,-25.4633
1928,-47.92339351326098,-25.4633
1929,-47.950518616982485,-25.4633
1930,-46.28986862149424,-26.0969
1931,-45.79859923090619,-26.0969
1932,-45.631445280507556,-26.0969
1933,-48.572461812219984,-32.8505
1934,-41.27045855194211,-32.8505
1935,-47.490806368825396,-32.8505
1936,-45.94786943277133,-33.5202
1937,-49.065589787246964,-33.5202
1938,-45.497244177242365,-36.3417
1939,-47.701518178629634,-36.3417
1940,-53.75789001409175,-36.3417
1941,-54.82093035385069,-34.6582
1942,-53.23738698060861,-34.6582
1943,-53.72079775952951,-34.6582
1944,-50.85629353976641,-33.6885
1945,-53.26982978584854,-34.6582
1946,-53.25917033092927,-34.6582
1947,-45.611305631811334,-34.6582
1948,-47.016376104376675,-33.9429
1949,-50.81954142858404,-33.9429
1950,-49.9700169414045,-33.9429
1951,-48.77160950249763,-33.9429
1952,-50.21544076793791,-33.9429
1953,-49.64047782066258,-33.9429
1954,-48.39713580767934,-34.6582
1955,-49.92382402030432,-34.6582
1956,-49.06005947450602,-34.6582
1957,-49.93544238979691,-34.6582
1958,-47.536744285113514,-34.6582
1959,-48.422085927358516,-33.9429
1960,-49.46179744350245,-33.9429
1961,-46.75067044113692,-34.6582
1962,-49.557525835023014,-34.6582
1963,-48.48577029715793,-34.6582
1964,-49.3561073306273,-34.6582
1965,-48.85609472985629,-34.6582
1966,-47.375211573526016,-34.6582
1967,-49.08217752311621,-34.6582
1968,-47.73019235288235,-34.6582
1969,-46.839309320824725,-34.6582
1970,-46.226786826577865,-34.6582
1971,-47.50703571099333,-36.3417
1972,-48.357010944156784,-36.3417
1973,-49.66365418147731,-36.3417
1974,-47.40240278240928,-36.3417
1975,-46.173322990089446,-36.3417
1976,-48.661104836946606,-34.6582
1977,-49.04474307825836,-34.6582
1978,-48.9039638726663,-34.6582
1979,-44.70045570067909,-34.6582
1980,-45.513398783687656,-34.6582
1981,-47.956576339083476,-34.6582
1982,-49.31255500561158,-34.6582
1983,-45.596377294883766,-34.6582
1984,-46.31284640872523,-36.3417
1985,-47.54502619255103,-36.3417
1986,-48.34678309024986,-36.3417
1987,-45.257951381739765,-36.3417
1988,-47.34886990391501,-36.3417
1989,-46.760865155267844,-36.3417
1990,-47.40645937972722,-36.3417
1991,-49.16428363655495,-36.3417
1992,-47.25505514813966,-36.3417
1993,-45.84003779044803,-36.3417
1994,-47.794993680238626,-36.3417
1995,-47.96132154953371,-36.3417
1996,-46.449990124243826,-36.3417
1997,-45.81969704482303,-36.3417
1998,-48.31570770459039,-36.3417
1999,-50.68398933481777,-36.3417
2000,-48.19351472645899,-36.3417
2001,-47.09229446406121,-36.3417
2002,-50.13298538622044,-36.3417
2003,-48.84341888891329,-36.3417
2004,-50.24675482830294,-36.3417
2005,-48.30980167941364,-36.3417
2006,-48.246824199915544,-36.3417
2007,-48.636701136247815,-36.3417
2008,-46.74603301690161,-36.3417
2009,-50.47135202328258,-36.3417
2010,-49.96969643549044,-36.3417
2011,-50.747671659896874,-36.3417
2012,-50.31511469211779,-36.3417
2013,-49.63282305045483,-36.3417
2014,-49.785693729368674,-36.3417
2015,-50.29107158163231,-36.3417
2016,-50.50114990422134,-36.3417
2017,-48.021953077428556,-36.3417
2018,-48.650978438947156,-36.3417
2019,-49.921227095584584,-36.3417
2020,-47.78498240634882,-36.3417
2021,-48.67579934415475,-36.3417
2022,-46.427467829144874,-36.3417
2023,-44.29356585901557,-36.3417
2024,-45.505751580459005,-36.3417
2025,-48.5692154713781,-36.3417
2026,-49.4678692649239,-36.3417
2027,-47.7870801796304,-36.3417
2028,-49.85784123970066,-36.3417
2029,-50.20613702696518,-36.3417
2030,-50.1501114532764,-36.3417
2031,-49.34764656276581,-36.3417
2032,-48.519708418511414,-36.3417
2033,-49.42903797273261,-36.3417
2034,-49.8517029437873,-36.3417
2035,-48.00896793953665,-36.3417
2036,-50.47349606773078,-36.3417
2037,-49.98442643879265,-36.3417
2038,-48.371997516181004,-36.3417
2039,-49.10101376088578,-36.3417
2040,-47.91884076593597,-36.3417
2041,-49.02903334707922,-36.3417
2042,-49.69305200221903,-36.3417
2043,-46.26392569038409,-36.3417
2044,-48.97738004215206,-36.3417
2045,-48.18914605481964,-36.3417
2046,-48.243061934371234,-36.3417
2047,-46.336738732473364,-36.3417
2048,-47.23838563502107,-36.3417
2049,-46.79506400726936,-36.3417
2050,-46.124498552655034,-36.3417
2051,-46.6586752078426,-36.3417
2052,-46.24000361778418,-36.3417
2053,-45.215256796190246,-36.3417
2054,-45.734202059873176,-36.3417
2055,-44.54598242606266,-36.3417
2056,-45.364614496466245,-36.3417
2057,-45.632495766818586,-36.3417
2058,-45.90787397105671,-36.3417
2059,-44.960454933191855,-36.3417
2060,-47.38825484774165,-36.3417
2061,-46.26715275739243,-36.3417
2062,-45.59978108084107,-36.3417
2063,-45.40480601908385,-36.3417
2064,-45.31460452173235,-36.3417
2065,-44.14132694281783,-36.3417
2066,-48.55446925593127,-36.3417
2067,-49.54089439283717,-36.3417
2068,-47.62609895309035,-36.3417
2069,-49.12951343448054,-36.3417
2070,-48.26366093804947,-36.3417
2071,-46.97045730341607,-36.3417
2072,-45.54000622341646,-34.6582
2073,-47.23954260884249,-34.6582
2074,-48.18245950637419,-34.6582
2075,-45.90390313571792,-34.6582
2076,-49.090682242826404,-34.6582
2077,-49.50992298863393,-34.6582
2078,-47.071499823768974,-34.6582
2079,-49.32582309478286,-34.6582
2080,-47.9954015172155,-34.6582
2081,-50.500846037546914,-33.6885
2082,-47.236007577591934,-33.6885
2083,-44.41241184849844,-33.6885
2084,-45.84583531616148,-33.6885
2085,-44.898851570902856,-33.6885
2086,-44.45522297662944,-33.6885
2087,-47.446275888409126,-33.6885
2088,-43.38839722144776,-32.0208
2089,-42.279449816433214,-32.0208
2090,-42.51455090585801,-32.0208
2091,-32.22633680547419,-32.0208
2092,-34.518587025922976,-32.0208
2093,-33.94323268626498,-29.0307
2094,-34.137940704327136,-27.8736
2095,-42.98753010259652,-27.8736
2096,-41.83002215533521,-29.2354
2097,-42.43712240129352,-27.7448
2098,-40.25055409822446,-27.7448
2099,-40.898074065459404,-28.5723
2100,-42.0873671921797,-28.5723
2101,-42.39124697691206,-28.5723
2102,-42.08429369619748,-29.2584
2103,-40.30791754634272,-29.1456
2104,-41.99894055734654,-29.1456
2105,-42.82205036775703,-28.7373
2106,-45.747581320104096,-28.7373
2107,-45.70021276301404,-28.7373
2108,-42.59021419328349,-29.5335
2109,-47.51624376725911,-29.5335
2110,-42.92543828889929,-28.9195
2111,-42.77932913913272,-24.9302
2112,-47.04046967772827,-24.9302
2113,-49.64205316244925,-24.9302
2114,-45.20800804255061,-24.9302
2115,-49.61581181883946,-24.9302
2116,-49.4170213093532,-24.9302
2117,-47.62926304525435,-24.9302
2118,-46.94480358674792,-24.9302
2119,-44.02601485064651,-24.9302
2120,-41.43252500965768,-24.9302
2121,-43.99616262099232,-24.9302
2122,-43.745065954405945,-24.9302
2123,-50.89494374728511,-24.9302
2124,-49.53645757466826,-24.9302
2125,-46.25553104920498,-24.9302
2126,-49.95535245433643,-24.9302
2127,-48.01271131742885,-24.9302
2128,-48.06911484667034,-24.9302
2129,-47.38727539004007,-24.9302
2130,-49.84031823457559,-24.9302
2131,-49.68991303338606,-24.9302
2132,-46.56213876677842,-24.9302
2133,-48.57569072057836,-24.9302
2134,-47.682048371377334,-24.9302
2135,-48.64520852395259,-24.9302
2136,-48.3717005033854,-24.9302
2137,-48.04694407757421,-24.9302
2138,-48.15118502421637,-24.9302
2139,-48.31318065892468,-24.9302
2140,-47.04670465999301,-24.9302
2141,-49.16199365018911,-24.9302
2142,-48.89258772960831,-24.9302
2143,-46.66103837407106,-24.9302
2144,-50.05439284635769,-24.9302
2145,-48.59292134221838,-24.9302
2146,-49.20925633650938,-24.9302
2147,-49.202154871276804,-24.9302
2148,-46.69325639717086,-24.9302
2149,-49.35924896292868,-24.9302
2150,-48.90175601973354,-24.9302
2151,-48.56017568878744,-24.9302
2152,-48.845848614190295,-24.9302
2153,-49.40424575375394,-24.9302
2154,-47.376722559015214,-24.9302
2155,-47.953814772877976,-24.9302
2156,-47.40756237486566,-24.9302
2157,-47.516315256489385,-24.9302
2158,-46.28772676147128,-24.9302
2159,-48.61661502502386,-24.9302
2160,-48.695180464102336,-24.9302
2161,-49.130764511549934,-24.9302
2162,-43.99920856190217,-24.9302
2163,-48.522975498338745,-24.9302
2164,-48.03131966622803,-24.9302
2165,-49.49491401331588,-24.9302
2166,-47.11493817488054,-24.9302
2167,-49.06983026636822,-24.9302
2168,-45.393544195913684,-24.9302
2169,-47.45325469312174,-24.9302
2170,-46.921203016333024,-24.9302
2171,-46.24640090574608,-24.9302
2172,-50.12135935792468,-24.9302
2173,-46.94484132825821,-24.9302
2174,-48.60928330954346,-24.9302
2175,-47.68533637709841,-24.9302
2176,-44.36618028649975,-24.9302
2177,-45.52685819527945,-24.9302
2178,-46.30815038113863,-24.9302
2179,-48.533050803210465,-24.9302
2180,-44.20304009310246,-24.9302
2181,-46.05443393571577,-24.9302
2182,-47.71334421857623,-24.9302
2183,-45.553393241065834,-24.9302
2184,-49.5297512658865,-24.9302
2185,-47.56116980189329,-24.9302
2186,-48.09738481432218,-24.9302
2187,-47.255267746389606,-24.9302
2188,-46.7449120171277,-24.9302
2189,-43.72070511095379,-23.1106
2190,-45.17430051092368,-23.1106
2191,-46.339810313924836,-23.1106
2192,-42.722804730681325,-23.1106
2193,-45.4791785158364,-23.1106
2194,-45.611682322930285,-23.1106
2195,-42.41269438987939,-23.1106
2196,-48.02258892781439,-23.1106
2197,-47.5839799854214,-23.1106
2198,-50.13555168244518,-23.1106
2199,-48.815117225579655,-23.1106
2200,-48.85398982838258,-23.1106
2201,-48.29380776504925,-23.1106
2202,-46.3045435426627,-23.1106
2203,-45.78641242126832,-24.9302
2204,-48.03778070532105,-24.9302
2205,-46.35310741596723,-24.9302
2206,-46.803737121302305,-24.9302
2207,-44.899782456333604,-24.9302
2208,-44.61097338987383,-24.9302
2209,-45.81671510014505,-24.9302
2210,-46.915962025842866,-24.9302
2211,-48.89718585982963,-24.9302
2212,-46.29740237752056,-24.9302
2213,-48.93609073361898,-24.9302
2214,-45.83057154834289,-24.9302
2215,-45.26168656553746,-24.9302
2216,-44.56804699135325,-24.9302
2217,-46.69703470865719,-24.9302
2218,-47.07252848640656,-24.9302
2219,-45.96604241107055,-24.9302
2220,-46.11285688786576,-25.3715
2221,-46.971211086672525,-31.3464
2222,-46.68830366960016,-25.3715
2223,-46.38286775744032,-25.3715
2224,-44.267182894755834,-25.3715
2225,-47.00357170702729,-25.3715
2226,-42.335208839520305,-24.9302
2227,-42.191481472697454,-24.9302
2228,-44.961545379904386,-24.9302
2229,-42.41858191314564,-24.9992
2230,-44.563732260648514,-24.9992
2231,-43.035483180160924,-24.9992
2232,-47.396580486219776,-24.9557
2233,-47.20146370289223,-24.9557
2234,-40.37851707675122,-26.5881
2235,-41.27179590715771,-25.6279
2236,-45.48964964649045,-25.6279
2237,-45.15772476484793,-25.6279
2238,-45.27993639136408,-25.6279
2239,-42.742886603864676,-26.6991
2240,-43.02196296824615,-26.6991
2241,-41.69370279898534,-26.6991
2242,-44.94445680323246,-25.9173
2243,-45.437152342458134,-25.9173
2244,-47.850543581846,-25.9173
2245,-46.88270430691794,-25.9173
2246,-48.19780987758381,-29.162
2247,-51.544729392295764,-28.6485
2248,-48.51535019500708,-28.6485
2249,-50.783709476039235,-28.6485
2250,-49.95999120468609,-29.0746
2251,-49.755456179471,-29.0746
2252,-47.44790111770687,-29.0746
2253,-52.8977918715782,-29.0746
2254,-50.870275674125736,-29.0746
2255,-50.111846527908696,-28.6238
2256,-47.129224218122715,-28.6238
2257,-48.33513880553411,-28.4067
2258,-51.8238921724894,-28.4067
2259,-49.41685272593559,-28.4067
2260,-47.913634900168745,-29.7985
2261,-46.44858411229357,-29.7985
2262,-55.6283051532624,-29.7985
2263,-52.79007765855572,-33.5109
2264,-54.019173846734965,-33.5109
2265,-53.393193550765325,-31.5863
2266,-51.91863813183349,-31.5863
2267,-53.077684601461,-31.5863
2268,-50.42787929005664,-31.5863
2269,-54.56206928074201,-30.5271
2270,-50.014988203156314,-30.5271
2271,-49.4919828514844,-30.5271
2272,-54.909607237833185,-30.5271
2273,-53.550505963335276,-30.8264
2274,-54.230189767525886,-30.8264
2275,-55.42725246254606,-30.8264
2276,-54.29800566005248,-30.7427
2277,-49.26623046605862,-30.7427
2278,-52.51191781991804,-30.7427
2279,-50.18327361905492,-30.7427
2280,-49.27983075566439,-30.5271
2281,-51.552454125324246,-30.5271
2282,-51.532917435182966,-30.8264
2283,-47.78585579300084,-30.5271
2284,-49.9395309031096,-30.5271
2285,-52.624459722476836,-30.5271
2286,-50.56101232823493,-32.6181
2287,-52.75186244200696,-32.6181
2288,-52.589761137183224,-32.6181
2289,-52.47332830110386,-32.6181
2290,-51.29488043078128,-32.6181
2291,-49.08375283501985,-32.6181
2292,-49.12374642272367,-30.5271
2293,-51.49929804126573,-30.5271
2294,-51.8346055842285,-30.5271
2295,-49.847724230235514,-30.5271
2296,-51.27120616104431,-30.5271
2297,-51.27162052421802,-30.5271
2298,-50.879337329398396,-30.5271
2299,-52.80112087205576,-30.5271
2300,-52.49002151786739,-32.6181
2301,-52.794093334362586,-32.6181
2302,-53.841587117874695,-32.6181
2303,-53.82503395378687,-32.6181
2304,-56.090060103087424,-32.6181
2305,-54.861451707832515,-32.6181
2306,-52.80677232329243,-32.6181
2307,-52.47842615929284,-32.6181
2308,-54.36001280410521,-32.6181
2309,-53.11217673639292,-32.6181
2310,-53.75669158285908,-30.5271
2311,-52.95817451998397,-30.5271
2312,-54.984289806102204,-30.5271
2313,-53.55139270492838,-30.5271
2314,-53.36762155990938,-30.5271
2315,-53.12242848432195,-31.3037
2316,-56.06474161044073,-31.3037
2317,-55.02209479716373,-31.3037
2318,-54.06724014478529,-31.3037
2319,-52.45966877713303,-31.3037
2320,-52.765560992583445,-31.3037
2321,-54.371384056822805,-31.3037
2322,-54.248174423184835,-31.3037
2323,-52.86637578043204,-30.5271
2324,-52.03820145488404,-30.5271
2325,-52.528204887636356,-30.5271
2326,-51.46313102294178,-30.5271
2327,-50.912576612467824,-30.5271
2328,-52.21588437034525,-30.5271
2329,-52.81593777511855,-30.5271
2330,-53.922615859571735,-30.5271
2331,-52.1012367667914,-30.5271
2332,-54.649351385532974,-30.5271
2333,-54.39326857539842,-30.5271
2334,-54.529700961096836,-30.5271
2335,-55.284276455133224,-30.5271
2336,-56.24493106623533,-30.5271
2337,-53.78467959047774,-30.5271
2338,-54.63441772721645,-30.5271
2339,-55.77168207778289,-30.5271
2340,-55.24069706901073,-32.6181
2341,-54.30543612628141,-32.6181
2342,-56.180513654652756,-32.6181
2343,-55.168316195767716,-32.6181
2344,-54.81938918066207,-30.7427
2345,-54.21945853396274,-30.7427
2346,-55.16713132616012,-32.6181
2347,-55.380389071682394,-32.6181
2348,-53.97614102296303,-32.6181
2349,-55.08229780647102,-33.5109
2350,-53.97595322466402,-33.5109
2351,-54.979725560550285,-33.5109
2352,-50.8881374671236,-32.6181
2353,-52.72996051190908,-32.6181
2354,-53.88135087446188,-32.6181
2355,-53.75714316416176,-32.6181
2356,-50.691693300829535,-32.6181
2357,-48.66332325419373,-32.6181
2358,-50.173261520088126,-32.6181
2359,-54.35607124471346,-32.6181
2360,-54.44189073654839,-32.6181
2361,-55.62709668666184,-32.6181
2362,-53.58325294796808,-32.6181
2363,-54.299612830915,-32.6181
2364,-53.540976494485406,-32.6181
2365,-54.49739654809473,-32.6181
2366,-54.75562660105061,-32.6181
2367,-54.29756524486397,-32.6181
2368,-52.91450143094487,-32.6181
2369,-54.302785069922905,-32.6181
2370,-53.91531401806226,-32.6181
2371,-53.43541511808665,-32.6181
2372,-52.852149184876964,-32.6181
2373,-54.497828692701844,-32.6181
2374,-54.14580111552113,-32.6181
2375,-54.22644249986633,-32.6181
2376,-54.85006529413893,-32.6181
2377,-53.79372602220491,-32.6181
2378,-51.73445668590304,-32.6181
2379,-51.92230392097828,-32.6181
2380,-51.43996056169822,-32.6181
2381,-48.14099909677782,-32.6181
2382,-48.918904115985825,-32.6181
2383,-47.61922427038412,-32.6181
2384,-51.80141222735817,-32.6181
2385,-48.66173887283609,-32.6181
2386,-48.68274471150856,-32.6181
2387,-48.95865857844991,-32.6181
2388,-47.867499116774006,-32.6181
2389,-49.340863255122,-32.6181
2390,-48.622307514353025,-32.6181
2391,-49.60420037676765,-32.6181
2392,-51.18259240049553,-32.6181
2393,-48.15356920178153,-32.6181
2394,-50.2846498728139,-32.6181
2395,-48.66390405529301,-32.6181
2396,-54.61409548849914,-32.6181
2397,-51.030299040591146,-32.6181
2398,-51.66151528497468,-32.6181
2399,-52.83323085764586,-32.6181
2400,-53.499232717142995,-32.6181
2401,-52.11928596176541,-32.6181
2402,-53.04711533683327,-32.6181
2403,-53.864246422142664,-32.6181
2404,-54.04999292066461,-32.6181
2405,-52.800985707625834,-32.6181
2406,-54.84080226625907,-32.6181
2407,-52.852907469201675,-32.6181
2408,-53.59124760383003,-32.6181
2409,-52.8566924435211,-32.6181
2410,-53.19303274281698,-32.6181
2411,-53.49091659417118,-32.6181
2412,-52.98209027326503,-32.6181
2413,-52.79726512376263,-31.2805
2414,-53.957235551651614,-31.2805
2415,-53.5735712411659,-31.2805
2416,-53.289202328018064,-31.2805
2417,-53.02141196479276,-31.2805
2418,-53.7361272115918,-31.2805
2419,-54.444833780599524,-31.2805
2420,-54.404870720450006,-31.2805
2421,-53.556837597312104,-31.2805
2422,-53.63497672199266,-31.2805
2423,-54.02061684396341,-31.2805
2424,-52.2965867323251,-32.6181
2425,-53.465532101063545,-32.6181
2426,-53.479853381069695,-32.6181
2427,-53.4070401394462,-30.7427
2428,-53.335069527527885,-30.7427
2429,-51.58127560580543,-30.7427
2430,-53.90492332997152,-30.8264
2431,-53.622294193314985,-30.8264
2432,-52.949700918587645,-30.8264
2433,-54.780519853160065,-30.8264
2434,-55.629986748814346,-30.8264
2435,-55.22699331582039,-31.3037
2436,-55.647443267253045,-31.3037
2437,-55.29192226411062,-31.3037
2438,-56.60479422715763,-31.755
2439,-56.92550250171054,-32.9365
2440,-58.45378218087763,-33.0864
2441,-57.574488487114564,-33.0864
2442,-57.82476437681359,-33.0864
2443,-57.56034728894595,-31.1396
2444,-57.84841695737103,-31.1396
2445,-57.73634010488913,-31.1396
2446,-54.005806313148305,-30.6056
2447,-56.43907684761321,-30.6056
2448,-54.524328577585806,-30.6056
2449,-56.33536685503841,-28.1929
2450,-58.203534899645184,-28.1929
2451,-57.89778639567678,-28.1929
2452,-55.162650570640245,-28.1929
2453,-55.79582468176588,-25.6286
2454,-53.96998625596035,-25.6286
2455,-56.27586591051811,-25.6286
2456,-54.80148516352883,-26.9033
2457,-54.38443664938208,-26.9033
2458,-54.76019679464072,-26.9033
2459,-54.04232657222821,-28.1653
2460,-54.64849076370705,-28.1653
2461,-54.60140919921754,-28.1653
2462,-55.65109047020005,-27.2656
2463,-55.36205641842403,-28.4726
2464,-54.135325881495945,-28.4726
2465,-54.62309191307537,-28.4726
2466,-54.3042646381106,-28.4726
2467,-54.8720714530411,-28.4726
2468,-54.09333115588527,-28.0567
2469,-51.134607486869754,-28.0567
2470,-49.95372374429067,-28.0567
2471,-52.51355980862706,-28.1776
2472,-52.64222038235867,-27.7
2473,-51.977131731846136,-27.7
2474,-52.50379098523405,-27.7
2475,-52.25742057157448,-27.6222
2476,-51.588347753130876,-27.1948
2477,-48.92474508743155,-27.1948
2478,-53.12526499397637,-27.1948
2479,-53.54593081195957,-26.9736
2480,-54.01000170869337,-26.9736
2481,-54.97185186497524,-26.9736
2482,-54.68796326130503,-27.7549
2483,-49.97229077189864,-27.7549
2484,-53.68739255812799,-27.7549
2485,-52.51666261523488,-28.351
2486,-47.93036306393851,-28.351
2487,-47.31942116800981,-28.351
2488,-47.258805929343374,-27.7432
2489,-50.27746010576749,-27.7432
2490,-49.561552734881396,-27.7432
2491,-53.06676444249761,-27.645
2492,-52.37840714399446,-27.645
2493,-53.41382451768866,-27.645
2494,-51.75799107927064,-27.645
2495,-53.35661278062635,-27.645
2496,-53.21977705366402,-27.645
2497,-49.85245018226438,-27.645
2498,-53.48872149044294,-27.645
2499,-51.599485325352276,-27.645
2500,-51.05440846052418,-27.645
2501,-53.11288616785063,-27.645
2502,-50.37080153534808,-27.645
2503,-53.50097705577295,-27.7432
2504,-52.73320165988979,-27.7432
2505,-53.41605282615879,-27.7432
2506,-53.17762542223312,-27.7432
2507,-54.05626319414055,-27.7432
2508,-52.22552063016021,-27.7432
2509,-53.948272433000255,-27.7432
2510,-52.488429296594454,-27.7432
2511,-51.905452912011384,-27.7432
2512,-52.005049366187265,-27.7432
2513,-51.93986289619013,-27.7432
2514,-52.50118369234375,-27.645
2515,-51.06089568774556,-27.645
2516,-49.84343912170968,-27.645
2517,-52.67910520346044,-27.645
2518,-53.23452194336909,-27.645
2519,-52.973632448652204,-27.645
2520,-52.08376859060682,-27.645
2521,-52.645483142848434,-27.645
2522,-52.92146592029744,-27.645
2523,-52.47480784690546,-27.645
2524,-51.936596709270816,-27.645
2525,-52.50223694779993,-27.645
2526,-52.66152655582759,-27.645
2527,-51.31087705010068,-27.645
2528,-52.360612137276405,-27.645
2529,-53.02513267927624,-27.645
2530,-54.22349377574988,-27.645
2531,-52.80205171519073,-27.645
2532,-52.86530028766181,-27.645
2533,-50.67378626312167,-27.645
2534,-52.02987930884143,-27.645
2535,-53.34454844568527,-27.645
2536,-51.06778748950788,-27.645
2537,-52.52816034839414,-27.645
2538,-53.88069213400436,-27.645
2539,-52.76017096917926,-27.645
2540,-52.80800741560725,-27.645
2541,-53.92409874762571,-27.7432
2542,-54.24004264906099,-27.7432
2543,-53.37658502102623,-27.7432
2544,-52.94244997569179,-27.7432
2545,-52.62470307798647,-27.7432
2546,-52.406794197902514,-27.7432
2547,-53.24466545932289,-27.7432
2548,-53.748656323489705,-27.7432
2549,-52.148149563489234,-27.7432
2550,-53.45265491012992,-27.7432
2551,-53.94469025658036,-27.7432
2552,-53.46406913192475,-27.7432
2553,-51.8050293077779,-27.7432
2554,-53.49561089979755,-27.7432
2555,-51.98337039259436,-27.7432
2556,-54.191430219031034,-27.7432
2557,-53.2138569198266,-27.7432
2558,-53.65582035306322,-27.645
2559,-53.172819853275975,-27.645
2560,-52.22246479119032,-27.645
2561,-54.24769479434478,-27.645
2562,-53.435128695878845,-27.645
2563,-51.897847984884116,-27.645
2564,-52.44567429260917,-27.645
2565,-54.74985679583125,-27.645
2566,-54.462178277429,-27.645
2567,-54.31020862525461,-27.645
2568,-53.71768647975379,-27.645
2569,-51.81956828763107,-27.645
2570,-54.208896499591354,-27.7432
2571,-54.08602684495003,-27.7432
2572,-55.13309113919834,-27.7432
2573,-54.940742350666085,-27.7432
2574,-54.92262448438268,-27.7432
2575,-54.39797838393314,-27.7432
2576,-54.680714177286916,-27.7432
2577,-54.7607377963588,-27.7432
2578,-53.8497691932058,-27.7432
2579,-53.18534898368928,-27.7432
2580,-52.92773610783943,-27.7432
2581,-53.61637806826092,-27.7432
2582,-52.85862307647962,-27.7432
2583,-48.75486744982254,-27.7432
2584,-50.064081283433836,-27.645
2585,-48.066505987856615,-27.645
2586,-48.446925189670445,-27.645
2587,-50.472304127213505,-27.7432
2588,-48.33181825572966,-27.7432
2589,-48.08457326576331,-27.7432
2590,-49.403758506301365,-28.1752
2591,-47.58007887874909,-28.1752
2592,-47.80319344350375,-28.1752
2593,-45.96427920449938,-28.1752
2594,-47.37776075028784,-27.2941
2595,-47.32638808626657,-27.2941
2596,-44.53055062635059,-27.2941
2597,-48.06807396602785,-27.3334
2598,-47.81053193253299,-27.3334
2599,-43.803891250006444,-27.3334
2600,-42.05440382299262,-27.3334
2601,-46.184271228249116,-27.3334
2602,-44.22261702812957,-27.3346
2603,-49.54083172466841,-27.3346
2604,-46.58634407345696,-27.3346
2605,-41.93236720582351,-26.3236
2606,-49.0370009295581,-26.3236
2607,-46.24163878633027,-26.5523
2608,-47.89009721039969,-26.5523
2609,-51.56887461764575,-26.5523
2610,-47.93407299342338,-26.6315
2611,-47.51274596959008,-26.6315
2612,-44.84504135535928,-26.4229
2613,-46.55678224895965,-26.4229
2614,-48.671326281857674,-26.8793
2615,-50.42941069907097,-26.8793
2616,-48.95334829719601,-25.9338
2617,-51.46520753295902,-26.1115
2618,-45.339787974368775,-26.1115
2619,-46.354841940154394,-26.1115
2620,-43.4975365025555,-26.1115
2621,-43.296424997075036,-25.5554
2622,-44.04144299243869,-25.5554
2623,-45.58396039974526,-25.5554
2624,-48.39298016257417,-25.5052
2625,-49.41186668689219,-25.5052
2626,-51.25267461863898,-26.6195
2627,-50.24208062708173,-26.6195
2628,-50.48792551138131,-26.6195
2629,-50.27749440345475,-25.2167
2630,-48.860775636359186,-25.2167
2631,-47.366047215210976,-25.2167
2632,-50.8491999866076,-25.2576
2633,-49.5446459715488,-25.2576
2634,-47.38858595692611,-25.4341
2635,-46.439510241021324,-25.4341
2636,-47.29450369236454,-25.4341
2637,-46.7570685801614,-25.9604
2638,-44.15859795279738,-25.9604
2639,-44.28724899246941,-25.9604
2640,-41.71449645896409,-25.9604
2641,-46.6610149719678,-25.183
2642,-49.46567706560913,-25.183
2643,-46.777630189556504,-25.183
2644,-47.68151367217693,-25.836
2645,-45.88828023815563,-25.836
2646,-42.69450714380443,-25.836
2647,-40.95198094919817,-24.6656
2648,-42.44038843923717,-24.6656
2649,-44.92854989027789,-25.6701
2650,-41.89090139745311,-26.5881
2651,-45.33322939034089,-26.5881
2652,-41.39678225788039,-26.5881
2653,-45.910659135121165,-24.9992
2654,-44.59060947750849,-24.9992
2655,-43.20632278450206,-24.9992
2656,-40.73751695616317,-24.9992
2657,-41.11214064244318,-24.9992
2658,-40.04131643043165,-25.3715
2659,-40.409396482528415,-25.3715
2660,-42.72397914502225,-24.9302
2661,-42.21435971227531,-24.9302
2662,-37.61083960354446,-28.9195
2663,-39.02426125980712,-28.9195
2664,-36.77272611077323,-28.9195
2665,-36.74523175799385,-29.5335
2666,-38.646716864903446,-29.5335
2667,-39.15431968807505,-29.5335
2668,-36.74851367206034,-30.7566
2669,-33.776771788193756,-30.7566
2670,-35.10395162404697,-29.9567
2671,-35.88871995180593,-29.9567
2672,-38.73568022252492,-29.7319
2673,-38.815038768541505,-27.6468
2674,-37.20121706642233,-27.6468
2675,-37.568385349361854,-29.2354
2676,-36.11382837634436,-29.2354
2677,-36.22593591630857,-29.2354
2678,-37.636164045958,-29.4571
2679,-43.05033331169704,-29.4571
2680,-41.99462775562374,-29.4571
2681,-38.36768469536379,-28.4953
2682,-43.227827877704485,-28.4953
2683,-40.43213240172132,-27.1306
2684,-40.78808454070442,-27.1306
2685,-38.03128585491705,-27.1306
2686,-38.681433784585444,-29.818
2687,-38.01090966374609,-29.818
2688,-35.865950311031234,-27.9536
2689,-35.54508001938662,-27.9536
2690,-35.82587750827077,-27.9536
2691,-37.38718040388432,-24.1285
2692,-37.0893596877348,-22.5703
2693,-43.13819479869079,-22.5703
2694,-40.729636794281525,-22.5703
2695,-45.09835382575224,-22.5703
2696,-42.70113305411971,-22.5703
2697,-42.29170842016913,-26.1918
2698,-42.81258611550154,-26.1918
2699,-42.24014043886146,-24.0096
2700,-42.75233725763921,-24.0096
2701,-41.273768672297294,-24.0096
2702,-40.933202143584346,-25.3429
2703,-40.832611234990964,-25.3429
2704,-40.33477126732822,-25.3429
2705,-40.787832989095506,-22.8614
2706,-42.97395572452327,-22.8614
2707,-41.84783387326696,-22.8614
2708,-40.50653994832187,-22.5133
2709,-43.78388418121732,-22.5133
2710,-40.50795399121423,-22.5133
2711,-41.946296699270896,-22.7616
2712,-39.30322443173533,-22.7616
2713,-42.77064680668222,-23.2667
2714,-42.585037472955165,-23.2667
2715,-39.328203358981945,-23.2667
2716,-38.76860128315717,-23.2667
2717,-39.98013832862098,-24.3391
2718,-38.53820397032327,-24.3391
2719,-40.07604875248209,-24.3391
2720,-36.07878139775884,-23.2094
2721,-37.439383407659605,-25.3813
2722,-37.94484595309563,-25.3813
2723,-37.1415645659535,-22.5781
2724,-39.24022358686289,-22.5781
2725,-39.383634697950114,-23.0126
2726,-41.64614227704915,-23.0126
2727,-41.80358169514357,-23.0126
2728,-41.22219742221869,-23.0126
2729,-40.43685696045288,-23.0126
2730,-41.29323695765355,-22.6489
2731,-41.59005812630718,-22.6489
2732,-39.14659833611106,-22.8035
2733,-37.0016158561275,-23.2732
2734,-41.191282730643934,-23.2732
2735,-42.931372604402156,-23.2732
2736,-42.769371811739234,-23.2732
2737,-42.76574928034378,-23.955
2738,-40.3292300160286,-22.647
2739,-41.662278813191705,-22.647
2740,-41.59301383322915,-22.647
2741,-41.73531233478593,-22.821
2742,-42.58928189283785,-22.821
2743,-41.66479136533788,-22.308
2744,-39.66541479141972,-22.308
2745,-44.93807852862722,-22.308
2746,-41.33941512509071,-21.9427
2747,-44.51030023864598,-21.9427
2748,-42.027959373330674,-21.9427
2749,-41.95557234781852,-21.9427
2750,-41.606111693781436,-21.9427
2751,-43.660149466171646,-21.9427
2752,-41.74045668721509,-21.9427
2753,-42.32519515967229,-21.9427
2754,-41.78699555979393,-22.6861
2755,-40.533426185277214,-22.2389
2756,-38.44808142632787,-22.0936
2757,-40.2223462197674,-22.1404
2758,-41.670590520697,-22.1404
2759,-38.847202047821035,-23.0766
2760,-38.46343759693601,-23.0766
2761,-40.3746639271546,-23.0766
2762,-39.55076248038016,-23.0766
2763,-38.59944444693015,-23.0766
2764,-42.332367348806955,-23.0766
2765,-41.77505830327494,-23.0766
2766,-41.6496496674332,-23.0766
2767,-40.189443838170654,-23.0766
2768,-41.73020106600746,-23.0766
2769,-41.84730502415802,-23.0766
2770,-40.58252275659272,-23.0766
2771,-39.96106711659335,-23.0766
2772,-40.67952103249125,-23.0766
2773,-42.11747405263058,-23.0766
2774,-40.851221222114596,-23.0766
2775,-40.38784531932742,-23.0766
2776,-39.33127417671603,-23.0766
2777,-40.842405935470005,-23.0766
2778,-40.45206644029178,-23.0766
2779,-42.41612711369914,-23.0766
2780,-41.50951549500742,-23.0766
2781,-41.624649616515626,-23.0766
2782,-42.40657488205706,-23.0766
2783,-41.08605251798409,-23.0766
2784,-41.57344862564547,-23.0766
2785,-41.44299351195967,-23.0766
2786,-38.44128913761998,-23.0766
2787,-41.13455697534451,-23.0766
2788,-39.05790773930992,-23.0766
2789,-40.35594098829335,-23.0766
2790,-41.04341033235906,-23.0766
2791,-38.86183042681686,-23.0766
2792,-40.568220336108865,-23.0766
2793,-40.0249926271706,-23.0766
2794,-39.628661521045046,-23.0766
2795,-41.59143730846015,-23.0766
2796,-38.10845827207551,-23.0766
2797,-37.153812892259474,-23.0766
2798,-37.02508213358675,-22.1404
2799,-36.046354827415556,-22.1404
2800,-41.93552538275635,-22.1404
2801,-35.46243446350369,-23.0766
2802,-35.89130516207113,-23.0766
2803,-38.82737866088291,-23.0766
2804,-37.793718611566895,-23.0766
2805,-39.43531882141574,-22.1404
2806,-39.867412977468504,-22.1404
2807,-39.402908552804455,-22.1404
2808,-38.76541930590968,-22.1404
2809,-34.93507540892956,-22.1404
2810,-35.73918074032201,-22.1404
2811,-34.64889104062426,-22.1404
2812,-36.594916443717224,-22.1404
2813,-35.244392581444046,-22.1404
2814,-34.21909266977576,-22.1404
2815,-37.05167159431912,-22.1404
2816,-36.31490390290589,-22.1404
2817,-37.20388850950051,-22.1404
2818,-37.330403532132756,-22.1404
2819,-34.93255228789196,-22.1404
2820,-34.16269662515954,-22.1404
2821,-36.28617701649021,-22.1404
2822,-38.236019955286594,-22.1404
2823,-38.307399400580735,-22.1404
2824,-40.75878106540472,-22.1404
2825,-40.531131342431614,-22.1404
2826,-39.65124230645167,-22.1404
2827,-38.83715967193139,-22.1404
2828,-39.66295902144948,-22.1404
2829,-40.25643785087384,-22.1404
2830,-39.12849916621349,-22.1404
2831,-40.10857114717129,-22.1404
2832,-39.07449817420238,-22.1404
2833,-39.477772253062426,-22.1404
2834,-36.12068745454548,-22.1404
2835,-38.048008107307446,-22.1404
2836,-37.82107835863934,-22.1404
2837,-37.16555119098143,-22.1404
2838,-39.96563965494562,-22.1404
2839,-39.51591444167023,-22.1404
2840,-39.197679422935416,-22.1404
2841,-39.31038507453247,-22.1404
2842,-39.3786893908143,-22.1404
2843,-40.09769326414811,-22.1404
2844,-39.43989567904697,-22.1404
2845,-40.05226146512619,-22.1404
2846,-39.389919782807404,-22.1404
2847,-41.275650682852785,-22.1404
2848,-40.11141928382057,-22.1404
2849,-38.404277368247854,-22.1404
2850,-38.32789569808765,-22.0936
2851,-39.38380942131716,-22.0936
2852,-40.879609584928616,-22.0936
2853,-39.816443539356754,-22.0936
2854,-40.59169305842717,-22.0936
2855,-40.15955389215179,-22.0936
2856,-39.616431474269206,-22.0936
2857,-37.03654842238558,-22.0936
2858,-40.549538391457894,-22.0936
2859,-43.89873645696956,-22.1404
2860,-41.37710335199418,-22.1404
2861,-42.21183535114605,-22.1404
2862,-40.3360950819654,-22.1404
2863,-41.91118025647303,-22.2389
2864,-41.68947457172611,-22.6078
2865,-39.899791293540176,-22.6078
2866,-40.73174104146644,-22.2389
2867,-39.89268614794588,-21.4843
2868,-37.06532444596883,-21.4843
2869,-39.81607871335848,-22.4004
2870,-36.49479787145585,-22.4004
2871,-39.07904934989545,-21.8701
2872,-35.60739651188773,-22.7503
2873,-34.89129131014411,-22.7503
2874,-40.985660890782924,-21.6362
2875,-39.5124116091713,-21.6362
2876,-41.2745700418866,-21.6362
2877,-44.7876046748253,-21.3881
2878,-43.42715053439136,-21.3881
2879,-42.46768628555102,-21.56
2880,-43.35661719534742,-21.56
2881,-45.98989438575465,-22.2047
2882,-42.61937585656775,-22.2047
2883,-44.74927193465688,-22.2047
2884,-47.150431793818456,-23.9981
2885,-46.20198095850974,-23.9981
2886,-44.508976081674874,-23.9981
2887,-45.80784447405815,-28.2498
2888,-43.461537625339176,-26.744
2889,-47.15959016740474,-29.9294
2890,-45.24027973466093,-29.9294
2891,-41.352183574592246,-29.9294
2892,-44.69557785258608,-29.9294
2893,-42.536940787260974,-30.8832
2894,-45.783319772423965,-30.8832
2895,-42.12862620105702,-30.8832
2896,-42.63638541180654,-30.8832
2897,-45.16368142245771,-33.4667
2898,-44.90987137095517,-31.4258
2899,-40.78271394982636,-31.4258
2900,-47.09667999259345,-31.4258
2901,-44.28662658617765,-31.4258
2902,-45.6491751852589,-29.6805
2903,-46.685574135735294,-30.0693
2904,-45.466072145447924,-30.0693
2905,-44.866979706246525,-29.3422
2906,-44.50197223568501,-29.3422
2907,-41.91614405002633,-28.6138
2908,-41.380141302728035,-27.8259
2909,-40.461324328283474,-27.8259
2910,-40.61160734549248,-28.3123
2911,-42.38642110947601,-28.3123
2912,-42.167384723510835,-28.3123
2913,-41.9669416397352,-28.0359
2914,-41.60593072763149,-28.0359
2915,-44.56815741180249,-28.0359
2916,-41.923258304982554,-28.5339
2917,-42.04047106226686,-29.2469
2918,-36.43068280762145,-29.2469
2919,-38.610569850032654,-29.2469
2920,-41.8144171997931,-29.2469
2921,-40.08021515079644,-28.7273
2922,-42.99064670598048,-28.7273
2923,-43.44295785811739,-26.7568
2924,-39.73495924401288,-26.7568
2925,-42.93687364008237,-26.7568
2926,-42.45405999556658,-26.7568
2927,-40.03866123871555,-27.3804
2928,-43.72406165625394,-26.1218
2929,-43.45929911917895,-26.1218
2930,-41.703803936109935,-26.1218
2931,-43.12215077962332,-27.335
2932,-44.26990081625796,-27.335
2933,-40.9486722904081,-27.335
2934,-46.480433811978735,-27.335
2935,-43.97867997402904,-28.6587
2936,-46.432990758120276,-27.9158
2937,-47.07407273642502,-27.9158
2938,-46.852073186626704,-27.9158
2939,-47.342378181750306,-28.2014
2940,-46.9186048233136,-28.2014
2941,-46.803894917029716,-28.2014
2942,-46.968458464843685,-28.2014
2943,-43.66667172122921,-28.1486
2944,-41.45438216357707,-28.1486
2945,-48.52443867313532,-28.1486
2946,-43.85630133561569,-28.1486
2947,-46.443448460024605,-29.2607
2948,-50.963542163596344,-29.2607
2949,-45.81031760352506,-30.343
2950,-48.210338608859395,-29.4338
2951,-50.129367766979314,-29.4338
2952,-46.26587730676496,-29.4338
2953,-43.71477961094697,-26.5483
2954,-40.99258869842271,-25.8295
2955,-39.467721386341815,-25.8295
2956,-40.282680707382966,-25.8295
2957,-47.99013363139032,-28.5969
2958,-49.36958242680849,-28.5969
2959,-46.39640515608954,-27.7751
2960,-49.12726763856842,-27.7751
2961,-49.0870912947123,-27.5799
2962,-44.4988457636839,-27.5799
2963,-49.25140669445601,-27.4013
2964,-44.52077650409892,-27.4013
2965,-43.9697606247655,-27.4013
2966,-41.32792503627779,-28.925
2967,-43.87973849722529,-28.925
2968,-46.169597202912804,-28.925
2969,-44.72123372089143,-26.726
2970,-42.59166378290851,-27.4255
2971,-46.017041864738445,-27.4255
2972,-46.846270649298006,-27.4255
2973,-45.73117469543547,-23.4316
2974,-42.65430664944361,-23.4316
2975,-43.62220184720929,-23.4316
2976,-40.540542547744785,-21.8919
2977,-43.15422017045855,-21.8919
2978,-43.38652999737752,-21.8919
2979,-45.237898751786325,-22.2894
2980,-42.73893645978273,-22.2894
2981,-37.675845825706,-20.0915
2982,-41.82173553551781,-21.0558
2983,-41.40254831723279,-20.8209
2984,-43.15758901908312,-20.8209
2985,-41.24533418631259,-20.0921
2986,-40.50133409252646,-20.0921
2987,-41.33788849600763,-20.0921
2988,-41.51046288559762,-20.0921
2989,-37.51710264815734,-20.7322
2990,-38.27628738224745,-20.7322
2991,-35.13642371180446,-20.7322
2992,-34.716630308088625,-20.7322
2993,-39.73300007743888,-20.7322
2994,-38.808760509031195,-20.7322
2995,-39.137529879262345,-19.8887
2996,-39.12841966031086,-20.5897
2997,-37.5173237247176,-20.5897
2998,-33.86368968270429,-20.5897
2999,-33.51414642039732,-21.0468
3000,-35.288455161781094,-21.0468
3001,-29.43211557444434,-21.0468
3002,-36.14789412960849,-20.1677
3003,-32.747764918050954,-20.1677
3004,-35.408862636144406,-20.6346
3005,-35.30994066811531,-20.6346
3006,-29.551418414980052,-20.7959
3007,-30.04597227205558,-20.263
3008,-35.24079278461581,-20.263
3009,-37.41113437228462,-21.7663
3010,-36.939958388785094,-21.6753
3011,-34.718757842569566,-21.9086
3012,-38.23923802326083,-21.6753
3013,-39.02275553543192,-21.9086
3014,-42.10941044900053,-21.9086
3015,-42.65991364456485,-20.5124
3016,-40.75379064120081,-20.5124
3017,-35.920380847107694,-22.1562
3018,-40.907659409994196,-22.1562
3019,-39.15123763965091,-22.1562
3020,-39.31910070127141,-22.1562
3021,-39.48768990513598,-22.1562
3022,-40.68185500645224,-22.1562
3023,-38.58506169771158,-22.1562
3024,-39.93626606338733,-22.1562
3025,-36.088002844539886,-21.1925
3026,-38.17385974197792,-21.1925
3027,-37.422630698439946,-21.1925
3028,-40.45569135712035,-22.1562
3029,-42.13635223500251,-22.1562
3030,-41.11135831370581,-22.1562
3031,-39.35821218353483,-20.4683
3032,-40.08625200229554,-20.4683
3033,-41.138732480428466,-20.4683
3034,-42.28357787868869,-21.2659
3035,-42.136678082872095,-21.2659
3036,-41.67052574919255,-21.2659
3037,-40.99239689658786,-21.2659
3038,-38.07986420422632,-21.2659
3039,-39.02809574633501,-21.2659
3040,-39.779194160606636,-21.2659
3041,-39.90397641478203,-21.2659
3042,-40.37889180126838,-21.2659
3043,-34.33824316389759,-22.1562
3044,-39.70895286794291,-22.1562
3045,-36.992736373127364,-22.1562
3046,-36.138309962237294,-22.1562
3047,-40.59749796285431,-22.1562
3048,-37.939943871385076,-22.1562
3049,-39.05990776693288,-22.1562
3050,-41.84638921062274,-22.1562
3051,-38.953673740860815,-22.1562
3052,-40.26898000360815,-22.1562
3053,-37.951240792415575,-22.1562
3054,-38.10879640292636,-22.1562
3055,-39.57141332426115,-22.1562
3056,-38.51037905452367,-22.1562
3057,-38.163877630697336,-22.1562
3058,-40.38528310606723,-22.1562
3059,-37.134937021058306,-22.1562
3060,-38.06519872912557,-22.1562
3061,-39.46703746514474,-22.1562
3062,-41.067698084386336,-22.1562
3063,-39.53769744847682,-22.1562
3064,-40.8179477677415,-22.1562
3065,-41.48484367273262,-22.1562
3066,-41.16276585780813,-22.1562
3067,-39.33909351072014,-22.1562
3068,-39.556737196112174,-22.1562
3069,-39.151293369802616,-22.1562
3070,-40.00653024251299,-22.1562
3071,-38.799972582173915,-22.1562
3072,-39.36440711542154,-22.1562
3073,-38.19341530375334,-22.1562
3074,-37.730404840032705,-22.1562
3075,-36.8120307765292,-22.1562
3076,-37.44049896237287,-22.1562
3077,-40.626352902856944,-20.4683
3078,-39.79577974412609,-20.4683
3079,-39.59262995811123,-20.4683
3080,-35.88493688736315,-20.4683
3081,-38.92635340979942,-20.4683
3082,-37.98052705171473,-20.4683
3083,-38.82743317482983,-20.4683
3084,-39.20109319200415,-20.4683
3085,-41.57451569474178,-20.4683
3086,-37.31346175779472,-20.4683
3087,-38.07559756849876,-20.4683
3088,-39.14047224341094,-20.4683
3089,-38.22856222985395,-20.4683
3090,-40.286310574075195,-20.4683
3091,-38.13259258818101,-20.4683
3092,-38.33000848673525,-20.4683
3093,-37.9603838689131,-20.4683
3094,-39.65448236532841,-20.4683
3095,-40.407075793964474,-20.4683
3096,-39.80741523722776,-20.4683
3097,-38.801429953968515,-20.4683
3098,-37.98008660576723,-20.4683
3099,-39.511108817867935,-20.4683
3100,-40.16582101825114,-20.4683
3101,-39.43613031104455,-20.4683
3102,-37.6311026406255,-20.4683
3103,-39.253467527560375,-20.4683
3104,-39.778939877172064,-20.4683
3105,-37.13709265420722,-20.4683
3106,-39.40858717993282,-20.4683
3107,-40.2004764794261,-20.4683
3108,-41.43632811793367,-20.4683
3109,-40.76685488080319,-20.4683
3110,-40.226134214801554,-20.4683
3111,-39.938723019128595,-20.4683
3112,-40.72156217884222,-20.4683
3113,-37.59694464786205,-20.4683
3114,-38.2742200175971,-20.4683
3115,-38.041147092388535,-20.4683
3116,-40.495109637683704,-20.4683
3117,-41.28802473735581,-20.4683
3118,-39.79379135534615,-20.4683
3119,-34.800599581365525,-20.4683
3120,-34.3264968492394,-22.1562
3121,-33.97262224649276,-22.5201
3122,-32.3440181926529,-22.5201
3123,-37.730852563266694,-22.5201
3124,-34.873997074490795,-22.5201
3125,-33.56311527419638,-22.5201
3126,-35.23142285068635,-22.5201
3127,-33.83232852518425,-22.5201
3128,-35.383621692049466,-22.5201
3129,-35.28887995062806,-22.0242
3130,-33.13436148760803,-22.0242
3131,-35.84402923334408,-22.0242
3132,-35.49088089867458,-22.0242
3133,-31.258490186847766,-22.0242
3134,-34.11274308404862,-22.0242
3135,-28.206555412991907,-22.0242
3136,-29.09582533683691,-22.0242
3137,-32.50827483179472,-22.0242
3138,-34.57614930921568,-22.0242
3139,-29.73954704850112,-22.0242
3140,-29.473078414281296,-22.0242
3141,-31.671656278673403,-22.2805
3142,-35.89193820449383,-22.2805
3143,-30.795006445123427,-22.2805
3144,-33.62983922879559,-22.2805
3145,-33.79735705452737,-22.2805
3146,-35.68327732822774,-22.2805
3147,-33.32595887382056,-21.1979
3148,-37.02291352005616,-21.1979
3149,-35.78021173503962,-21.1979
3150,-34.076732477629335,-21.1979
3151,-35.67715892705635,-21.1979
3152,-33.06163909999548,-21.1979
3153,-34.06220283068499,-21.9353
3154,-33.63741990420125,-21.1979
3155,-31.082865034385172,-21.1979
3156,-30.502105970880876,-21.3575
3157,-29.868438052823436,-21.3575
3158,-24.981128820750538,-21.3575
3159,-34.290030271147444,-21.1979
3160,-27.90758782391645,-21.1979
3161,-33.821519200313254,-21.1979
3162,-34.50033368940627,-21.1979
3163,-32.323630768757006,-21.1979
3164,-36.69472663476269,-21.1979
3165,-35.87508311390745,-21.1979
3166,-35.45112335292329,-21.1979
3167,-33.240609108288666,-21.1979
3168,-34.75513546857643,-21.1979
3169,-34.27700756941925,-21.1979
3170,-34.619779855046616,-21.1979
3171,-36.25433994265129,-21.1979
3172,-34.368115704735104,-21.1979
3173,-31.506513052177574,-21.3575
3174,-30.541255199252767,-21.3575
3175,-35.836715531006035,-21.3575
3176,-33.79693347060539,-21.3575
3177,-35.24422437873801,-21.3575
3178,-34.00354863054205,-21.3575
3179,-32.26284006416233,-21.3575
3180,-34.53173244459683,-21.3575
3181,-33.459397410041596,-21.3575
3182,-33.263179336998796,-21.3575
3183,-34.655039451762164,-21.3575
3184,-33.71908809085382,-21.3575
3185,-31.34199610859308,-21.3575
3186,-33.882700593005204,-21.3575
3187,-30.536435243413802,-21.3575
3188,-32.34785336231234,-21.3575
3189,-33.2750063872447,-21.3575
3190,-31.993222025021378,-21.3575
3191,-36.120140387806885,-21.3575
3192,-31.700478378503046,-21.3575
3193,-34.52090154811964,-21.3575
3194,-32.80394220219331,-21.3575
3195,-34.59036695302166,-21.3575
3196,-29.862263772627458,-21.3575
3197,-28.980840091636356,-21.3575
3198,-32.96064556551173,-21.3575
3199,-31.95416753288706,-21.3575
3200,-31.226034434688792,-21.3575
3201,-33.00807306857195,-21.3575
3202,-30.042146845548704,-21.3575
3203,-32.720797692690084,-21.3575
3204,-31.457024734568027,-21.3575
3205,-37.34637651788876,-21.3575
3206,-29.206141979919895,-21.3575
3207,-28.960016160293943,-21.3575
3208,-28.743261493454675,-21.3575
3209,-26.167768856605257,-21.3575
3210,-25.38954177347275,-21.3575
3211,-28.37516029500926,-21.3575
3212,-33.825039644985665,-21.3575
3213,-34.838745358247635,-21.3575
3214,-29.034017308231206,-21.3575
3215,-32.3577380752996,-21.3575
3216,-30.12536295274245,-21.3575
3217,-31.398064657884653,-21.3575
3218,-26.550972407076724,-21.3575
3219,-31.1668716519534,-22.5201
3220,-31.49940673992557,-22.5201
3221,-28.35873071478119,-22.5201
3222,-30.168496626725513,-21.3575
3223,-32.227753354099626,-21.3575
3224,-30.49678827127312,-21.3575
3225,-32.00782501916243,-22.5201
3226,-33.694191979455105,-22.5201
3227,-34.63197867252393,-22.2805
3228,-29.565809803234284,-22.2805
3229,-30.69109944974609,-22.2805
3230,-32.80559163743668,-22.2805
3231,-35.34270928324808,-22.2805
3232,-36.91824341424243,-22.2805
3233,-26.901049034481233,-22.0242
3234,-34.303994857028954,-22.0242
3235,-35.59567243608579,-22.0242
3236,-33.90228314748518,-22.2805
3237,-33.535467466938485,-22.2805
3238,-32.5512325070041,-22.2805
3239,-32.40959954738097,-21.3575
3240,-29.413167583713893,-21.3575
3241,-29.773702626911344,-22.0242
3242,-33.801362776299,-22.0242
3243,-37.79411899810197,-22.2805
3244,-40.096336507126836,-22.2805
3245,-36.84075739958384,-22.1531
3246,-37.2992990427717,-22.1531
3247,-39.90299942719539,-22.1531
3248,-40.9045516252087,-22.2848
3249,-42.03621146948686,-22.2848
3250,-34.20249497522131,-21.0544
3251,-39.29433655065633,-21.0544
3252,-34.434940064061536,-21.8151
3253,-38.65156173481328,-21.8151
3254,-37.279490721582235,-21.8151
3255,-41.50997654351173,-22.833
3256,-38.67152953985486,-22.833
3257,-40.21499779059812,-21.7096
3258,-39.93496340869196,-21.7096
3259,-37.94268285134623,-22.7511
3260,-31.029761605676107,-22.7511
3261,-39.494031548766976,-22.7511
3262,-38.74417471509881,-22.7511
3263,-31.584623226411416,-20.8004
3264,-38.704449087522356,-20.8004
3265,-37.152434027238954,-20.8004
3266,-38.13653688773254,-20.8004
3267,-35.458742338578816,-20.8004
3268,-29.447917705476353,-21.9718
3269,-26.04643690915796,-21.9718
3270,-30.456277805084476,-21.9718
3271,-31.822861666990924,-21.9718
3272,-32.840711753565316,-21.9718
3273,-31.825690836733145,-21.9718
3274,-34.567848156023736,-21.9718
3275,-33.68717677851321,-21.9718
3276,-33.294937851244406,-21.9718
3277,-32.79842038219911,-23.4291
3278,-34.21912214055802,-23.4291
3279,-33.80987245999128,-23.4291
3280,-33.94015799264147,-23.4291
3281,-32.501313091132474,-23.4291
3282,-32.773260293086736,-23.4291
3283,-31.707806019149597,-23.4291
3284,-36.49459052570607,-20.2637
3285,-37.40528737242887,-23.4291
3286,-36.15088340193139,-23.4291
3287,-36.59022598633999,-23.4291
3288,-34.90046747612139,-23.4291
3289,-36.857102652223624,-23.4291
3290,-35.571050458710026,-23.4291
3291,-33.453797116851426,-23.4291
3292,-36.47619330027138,-23.4291
3293,-34.195324144847376,-24.8748
3294,-34.578010883661534,-24.8748
3295,-36.2423888075182,-24.8748
3296,-36.48622090706484,-24.8748
3297,-32.66520266362856,-24.8748
3298,-35.01271927434431,-24.8748
3299,-31.44320546580022,-24.8748
3300,-33.696073688090756,-24.8748
3301,-36.285836210010395,-24.8748
3302,-34.46632968723816,-24.8748
3303,-35.341414712616995,-24.8748
3304,-36.91932593177094,-24.8748
3305,-36.064635715406695,-24.8748
3306,-36.04705646656501,-24.8748
3307,-32.012472660296254,-24.8748
3308,-35.43323211256016,-24.8748
3309,-35.86994218464005,-24.8748
3310,-35.29942110921625,-24.8748
3311,-34.43262755204448,-24.8748
3312,-32.172956649603876,-24.8748
3313,-36.36094068122925,-24.8748
3314,-35.17035537956238,-24.8748
3315,-37.02722346617924,-24.8748
3316,-37.197179828917115,-24.8748
3317,-35.8974244511024,-24.8748
3318,-34.42877173660572,-24.8748
3319,-36.933164504332744,-24.8748
3320,-35.766137689957176,-24.8748
3321,-36.40784944536584,-24.8748
3322,-34.95266217142274,-24.8748
3323,-37.07484182768119,-24.8748
3324,-37.47318038357322,-24.8748
3325,-35.863403231204025,-24.8748
3326,-37.08435645898372,-24.8748
3327,-37.99919284426664,-24.8748
3328,-35.50446927419725,-24.8748
3329,-36.99171069600362,-24.8748
3330,-38.11140220456476,-24.8748
3331,-37.28723749275632,-24.8748
3332,-36.61964881726541,-24.8748
3333,-36.596852654349746,-24.8748
3334,-36.897111416081486,-24.8748
3335,-37.83617656921139,-24.8748
3336,-35.60852282001479,-24.8748
3337,-37.02658124992958,-24.8748
3338,-35.08796711348963,-24.8748
3339,-34.20406390131225,-24.8748
3340,-33.47126059712844,-28.0403
3341,-36.40619155728604,-28.0403
3342,-33.10145381259352,-28.0403
3343,-34.13054472598397,-28.0403
3344,-33.500940252276244,-28.0403
3345,-33.94233215214963,-28.0403
3346,-30.255088664490298,-28.0403
3347,-32.64320328384984,-28.0403
3348,-33.404223757279745,-28.0403
3349,-32.28857047411474,-28.0403
3350,-31.839827945074145,-28.0403
3351,-32.77034839950413,-28.0403
3352,-36.39993775954964,-28.0403
3353,-34.78532624606582,-28.0403
3354,-34.540702123748744,-28.0403
3355,-32.85487177573489,-28.0403
3356,-35.62231575036134,-24.8748
3357,-33.73551278237158,-24.8748
3358,-37.139028796792374,-24.8748
3359,-36.19375569800756,-24.8748
3360,-36.220186670321425,-24.8748
3361,-34.923516888676154,-24.8748
3362,-33.29194715724088,-24.8748
3363,-33.857408310456215,-24.8748
3364,-33.40945955451013,-24.8748
3365,-31.06389245970935,-24.8748
3366,-34.11316236302609,-24.8748
3367,-33.39337623199909,-24.8748
3368,-30.87508750517983,-24.8748
3369,-30.348900317052564,-21.9718
3370,-30.703809576484403,-21.9718
3371,-34.06537534043346,-21.9718
3372,-36.22994358413297,-21.9718
3373,-32.605408654128425,-21.9718
3374,-34.92514822017433,-20.2637
3375,-31.2648809076591,-20.2637
3376,-29.59329506211205,-20.2637
3377,-24.52875035209931,-20.2637
3378,-29.107912848187215,-20.2637
3379,-30.529173187286943,-19.8006
3380,-29.09601503051476,-19.8006
3381,-31.316251212397937,-19.8006
3382,-37.08272395157949,-19.9778
3383,-38.20958352357909,-19.9778
3384,-34.26905797843145,-19.9778
3385,-34.90344953577746,-20.5464
3386,-36.82240186847203,-20.5464
3387,-40.24876619953779,-20.5464
3388,-37.18412805087293,-19.0939
3389,-36.92462720253044,-19.0939
3390,-34.9635582453474,-19.675
3391,-34.266472811623764,-19.675
3392,-33.90841993543364,-19.675
3393,-35.150410934921304,-19.9032
3394,-35.329618483190956,-19.9032
3395,-31.19173564561656,-19.9032
3396,-37.445435726458086,-19.3813
3397,-31.4722090284874,-19.3813
3398,-37.02832707162452,-20.32
3399,-33.5033278872753,-20.32
3400,-36.10145512235269,-20.32
3401,-37.50931481413834,-20.32
3402,-32.631629844222644,-20.32
3403,-35.665191503874595,-22.2804
3404,-36.092930756563185,-22.2804
3405,-34.2451250118742,-22.2804
3406,-29.72748103967449,-21.7109
3407,-33.29818779775713,-21.7109
3408,-38.76519833280194,-21.7109
3409,-40.96177074548586,-21.3316
3410,-35.873111415156245,-21.873
3411,-36.953926454633795,-21.873
3412,-38.34012652586394,-21.873
3413,-36.68628144517498,-21.8817
3414,-36.0553558735586,-21.8817
3415,-36.550951563705986,-21.8817
3416,-32.647299605176826,-21.8817
3417,-36.383755544936975,-22.0254
3418,-35.00346374421508,-22.0254
3419,-32.952705228481435,-22.0254
3420,-29.92362306744093,-22.0254
3421,-36.006339516615235,-24.2421
3422,-35.504688129628974,-24.2421
3423,-36.08836380180181,-24.2421
3424,-37.18571320464315,-24.2421
3425,-38.343861013689505,-23.4566
3426,-38.523578621702285,-23.4566
3427,-36.84778225361655,-23.4566
3428,-35.661897912237364,-23.4566
3429,-31.728199701924407,-23.4566
3430,-33.05937235180841,-23.4566
3431,-34.856496827881934,-23.4566
3432,-35.322245620996,-23.4566
3433,-34.253329502180655,-23.4566
3434,-37.64894604097801,-23.4566
3435,-37.55695483731217,-23.4566
3436,-35.41484485705824,-23.4566
3437,-36.96576271699391,-23.4566
3438,-37.09612842856352,-23.4566
3439,-35.69740039713419,-23.4566
3440,-37.30234012832568,-23.4566
3441,-36.59916631613552,-23.4566
3442,-37.33207929924789,-23.4566
3443,-37.22440893123499,-23.4566
3444,-37.91504464496043,-23.4566
3445,-36.49984661035398,-23.4566
3446,-35.50827480851439,-24.2421
3447,-34.37059617999422,-24.2421
3448,-37.838634298493496,-24.2421
3449,-34.38434824006406,-24.2421
3450,-35.6288789310138,-24.2421
3451,-35.669146348384785,-24.2421
3452,-28.87949157939961,-24.2421
3453,-34.02009348231373,-24.2421
3454,-33.45642439991306,-21.8165
3455,-31.839103089562766,-21.8165
3456,-36.83752041487819,-21.8165
3457,-35.711266509521835,-21.8165
3458,-37.18798760694872,-21.8165
3459,-35.173729747974704,-21.8165
3460,-34.121290935608314,-21.8165
3461,-34.21880095394668,-21.8165
3462,-36.892476482562685,-21.8165
3463,-34.17056189523572,-21.8165
3464,-34.125651894331526,-21.8165
3465,-36.01984008778946,-22.0254
3466,-36.31444385839182,-22.0254
3467,-35.80070036700194,-22.0254
3468,-36.29116059551793,-22.0254
3469,-35.39472169953371,-22.0254
3470,-33.63531799194184,-22.0254
3471,-35.48643781989844,-22.0254
3472,-34.14937115770965,-22.0254
3473,-36.08284701421481,-22.0254
3474,-34.614537173509795,-21.8165
3475,-35.30971726947241,-21.8165
3476,-35.218153315478745,-21.8165
3477,-36.42509659246864,-21.8165
3478,-36.17791557186321,-21.8165
3479,-35.18954515788577,-21.8165
3480,-36.51585863589292,-21.8165
3481,-35.07281510409055,-21.8165
3482,-35.26062584834341,-21.8165
3483,-32.475841030976596,-21.8165
3484,-34.55147067077969,-21.8165
3485,-35.66730033886999,-21.8165
3486,-33.73856775217872,-21.8165
3487,-34.77104513871946,-21.8165
3488,-35.52296096118765,-21.8165
3489,-35.80971135577938,-21.8165
3490,-36.48753433753598,-21.8165
3491,-33.59369857752035,-21.8165
3492,-32.40931098965006,-21.8165
3493,-33.12472754769358,-21.8165
3494,-33.67364827767953,-21.8165
3495,-33.708187361347626,-21.8165
3496,-35.20973371797672,-21.8165
3497,-34.3013740574045,-21.8165
3498,-33.15929482848225,-21.8817
3499,-33.55671659100561,-21.8817
3500,-32.8458141889313,-21.8817
3501,-35.6837747523759,-21.8817
3502,-37.61577828900608,-21.8817
3503,-33.499390545058056,-21.8817
3504,-36.744630159769955,-21.8817
3505,-29.356645646302248,-21.8817
3506,-37.052040238761165,-21.8817
3507,-34.59113408073489,-21.8817
3508,-33.13883630475933,-21.8817
3509,-32.94522398632114,-21.8817
3510,-31.70054722690427,-21.8817
3511,-30.869134826511512,-21.8817
3512,-32.09466346426159,-21.8817
3513,-36.635162149544314,-21.8817
3514,-32.02491995679364,-21.8817
3515,-32.662071814074224,-21.8817
3516,-37.78125441310871,-21.8165
3517,-36.43450562520002,-21.8165
3518,-35.42549486173818,-21.8165
3519,-29.89719733857403,-21.8165
3520,-34.49232144854511,-21.8165
3521,-35.669971928051,-21.8165
3522,-35.33730538835934,-21.8165
3523,-31.306951363647823,-21.8165
3524,-33.273548384706416,-21.8165
3525,-30.31898794643009,-21.4346
3526,-33.74251763875609,-21.4346
3527,-32.59387720043692,-21.4346
3528,-30.7771863252255,-21.4346
3529,-29.279094401447857,-21.4346
3530,-33.460839604850456,-21.4346
3531,-36.070501279727914,-21.4346
3532,-31.772037093631088,-21.4346
3533,-31.243688871126864,-21.4346
3534,-36.02358897566843,-21.4346
3535,-30.45845739861697,-21.4346
3536,-34.86229052333192,-21.4346
3537,-36.65438054291506,-21.4346
3538,-34.74120195008435,-22.7418
3539,-32.15914196518114,-22.7418
3540,-33.34808780495278,-22.7418
3541,-35.53584878395874,-22.7418
3542,-34.652838483489916,-22.7418
3543,-37.59477086081591,-22.7418
3544,-32.18911516371661,-22.7418
3545,-33.42390468472315,-22.7418
3546,-37.28480421765474,-22.1119
3547,-34.35268244026385,-22.1119
3548,-29.822096397842014,-22.1119
3549,-38.145276787107115,-22.1119
3550,-31.926595247173054,-25.7457
3551,-30.182556316221607,-25.7457
3552,-28.176350419601768,-25.7457
3553,-34.74075886925978,-25.0326
3554,-33.1586749953222,-25.0326
3555,-33.98525811400278,-25.0326
3556,-34.1700639468512,-25.44
3557,-32.73269248471403,-25.44
3558,-29.483666959105758,-25.44
3559,-28.887041019574685,-26.4606
3560,-27.171845281154766,-26.4606
3561,-32.33159277523699,-26.4606
3562,-32.93007011647782,-27.0951
3563,-32.66018437552565,-26.4568
3564,-32.184615291131294,-26.4568
3565,-31.846252896395328,-25.4922
3566,-31.0486247288084,-25.4922
3567,-31.550152480245586,-25.4922
3568,-28.576666139669662,-25.5069
3569,-32.53393307592958,-25.5069
3570,-32.62565851994922,-25.5069
3571,-30.288297156228452,-25.6679
3572,-30.733442898397392,-25.7395
3573,-32.34440533038039,-25.7395
3574,-29.92881677562718,-25.7395
3575,-29.386600102111487,-28.9909
3576,-24.657699070066847,-30.1756
3577,-31.897980886322934,-30.1756
3578,-29.287400564021343,-30.1756
3579,-26.369452975663975,-30.8125
3580,-27.13867384975419,-30.8125
3581,-24.960961240478955,-27.3934
3582,-19.378147858448735,-27.3934
3583,-23.873258363776454,-35.2913
3584,-24.38242028960786,-35.2913
3585,-27.15021955996375,-35.2913
3586,-25.52849404849367,-35.2913
3587,-28.085987285411896,-35.2913
3588,-24.48634555652514,-33.0027
3589,-27.461732534402255,-33.0027
3590,-29.57572021505505,-26.717
3591,-18.56921939574446,-33.5749
3592,-25.432898993890845,-33.5749
3593,-23.990608615223408,-34.2072
3594,-22.610161489684586,-34.2072
3595,-22.2647964718091,-34.2072
3596,-17.604522722515867,-34.2072
3597,-15.082241705038157,-34.2072
3598,-17.664573944657818,-33.4697
3599,-20.501658003797466,-33.4697
3600,-19.417625162384812,-33.4697
3601,-23.954884965912164,-34.036
3602,-19.21971275724928,-33.147
3603,-20.6847749512739,-33.147
3604,-19.907649650360018,-32.284
3605,-15.546241949371458,-33.3882
3606,-21.326257892360502,-33.3882
3607,-22.89107552664926,-32.9947
3608,-18.301930152901914,-32.9947
3609,-17.145302906139495,-32.9947
3610,-12.195619189148964,-32.9349
3611,-16.218597832983143,-32.9349
3612,-19.368915709479065,-32.548
3613,-16.44714576971554,-32.548
3614,-18.40650372736779,-32.548
3615,-25.533893602492643,-32.548
3616,-23.519198512990982,-32.548
3617,-20.24930979409405,-32.548
3618,-16.137077427819946,-32.548
3619,-19.09475696643655,-32.548
3620,-15.876179087259157,-32.9349
3621,-15.079044077164385,-32.9349
3622,-16.784426005574424,-32.9349
3623,-18.844643387617886,-32.9349
3624,-18.471370364198176,-32.9349
3625,-16.316102559887938,-32.9349
3626,-19.740315012647766,-32.9349
3627,-19.737604592565315,-32.9349
3628,-19.14911546828717,-32.9349
3629,-17.96936920572143,-32.9349
3630,-17.72889063382204,-32.9349
3631,-19.482809153043764,-32.9349
3632,-20.115418117995787,-32.9349
3633,-16.78822245422873,-32.9349
3634,-18.526667108392253,-32.9349
3635,-16.659979580424938,-32.9349
3636,-18.912464714134632,-32.9349
3637,-18.86265336744755,-32.9349
3638,-15.844784651308014,-33.2875
3639,-15.39585932740184,-33.2875
3640,-18.03429567410585,-33.2875
3641,-16.144476270003803,-33.2875
3642,-15.291226488822257,-33.2875
3643,-14.386523501540145,-33.2875
3644,-15.035283190538788,-33.2875
3645,-14.434414931408906,-33.2875
3646,-16.215963826751857,-33.2875
3647,-16.64072355256539,-33.2875
3648,-16.373689489017217,-33.2875
3649,-16.834438870727045,-33.2875
3650,-18.69200217583813,-33.2875
3651,-17.321716073375992,-33.2875
3652,-14.930606222937055,-33.2875
3653,-18.246211026009174,-32.9349
3654,-21.4382325123673,-32.9349
3655,-21.495596925312,-32.9349
3656,-16.10050592514905,-32.9349
3657,-19.086116062268506,-32.9349
3658,-20.74329840138595,-32.9349
3659,-21.525415924831044,-32.9349
3660,-18.910086449114672,-32.9349
3661,-22.0203202362856,-32.9349
3662,-20.83563287326293,-32.9349
3663,-16.106175434230195,-32.9349
3664,-24.052155525263508,-32.9349
3665,-19.764980504416542,-32.9349
3666,-21.39136370620909,-33.4279
3667,-16.130192683326257,-33.4279
3668,-21.488285745701422,-33.4279
3669,-20.230614116749447,-33.4279
3670,-17.54691044303039,-33.4279
3671,-16.28944519654343,-33.4279
3672,-21.673403545440276,-33.4279
3673,-21.865242113270945,-33.4279
3674,-16.038023331305787,-33.4279
3675,-16.177114044371613,-33.4279
3676,-22.272855908872696,-33.4279
3677,-22.93287574296666,-33.4279
3678,-21.764262659708127,-33.4279
3679,-21.0272384431298,-33.4279
3680,-22.729280421472367,-33.4279
3681,-21.057900488076694,-33.4279
3682,-20.86309714630221,-33.4279
3683,-20.637373764826755,-33.4279
3684,-22.944745579175493,-33.4279
3685,-15.12729722989793,-33.4279
3686,-23.71968939131619,-33.4279
3687,-23.44959535833627,-33.4279
3688,-21.922540981175423,-33.4279
3689,-21.915534477104295,-33.4279
3690,-23.20127537077109,-33.4279
3691,-22.195630587747154,-33.4279
3692,-24.41577465839338,-33.4279
3693,-17.841463122114167,-33.4279
3694,-22.840758437695644,-33.4279
3695,-20.16539161320764,-33.4279
3696,-21.30094407547852,-33.4279
3697,-19.12745835426699,-33.4279
3698,-20.42960667845209,-33.4279
3699,-15.55666658221702,-33.4279
3700,-16.78558645688712,-33.4279
3701,-19.438795370783232,-33.4279
3702,-20.62964765644682,-33.4279
3703,-20.678802528594403,-33.4279
3704,-19.861071968683575,-33.4279
3705,-19.001901918054006,-33.4279
3706,-19.098664453299065,-33.4279
3707,-20.500682240188382,-33.4279
3708,-20.370731728854807,-33.4279
3709,-14.772397746235171,-33.4279
3710,-16.0807065270274,-33.4279
3711,-21.30887716614643,-33.2875
3712,-20.32922559433341,-33.2875
3713,-20.545665435672667,-33.2875
3714,-20.574269261165586,-33.2875
3715,-19.59703017936352,-33.2875
3716,-19.73884081790388,-33.2875
3717,-20.062045158109516,-33.2875
3718,-19.25034141246448,-33.2875
3719,-15.934143045468376,-33.2875
3720,-15.252501786697161,-33.2875
3721,-19.165008933007087,-33.2875
3722,-16.110518091620488,-33.2875
3723,-13.306329386246155,-33.2875
3724,-13.384526808373362,-33.2875
3725,-10.720141860620762,-33.2875
3726,-15.378983771049935,-33.2875
3727,-14.010276815440058,-33.2875
3728,-18.202090779034528,-33.2875
3729,-14.824142951658486,-33.2875
3730,-14.409342656556682,-33.2875
3731,-12.74191126303153,-33.2875
3732,-13.558426667128336,-33.2875
3733,-17.093116561046052,-33.2875
3734,-20.893328022527843,-33.2875
3735,-19.970299537409588,-33.2875
3736,-21.06528795080763,-33.2875
3737,-24.80566371741045,-33.2875
3738,-20.576253819952623,-33.2875
3739,-20.24029583490417,-33.2875
3740,-20.581283564983487,-33.2875
3741,-22.08250698538135,-33.2875
3742,-22.060058077535786,-33.1365
3743,-22.18738084158818,-33.1365
3744,-14.415154895241972,-33.1365
3745,-20.29549300726524,-33.1365
3746,-26.42860359964677,-33.1365
3747,-22.07269984694445,-33.1365
3748,-25.97272840067236,-33.2875
3749,-15.975084309785345,-33.2875
3750,-15.953707527012085,-32.9349
3751,-17.84536283441351,-33.1365
3752,-18.37115061720909,-33.36
3753,-16.76421357587293,-35.7185
3754,-17.614408694737637,-35.7185
3755,-16.8673830804981,-35.7185
3756,-19.660354009266186,-35.7185
3757,-19.9164243198925,-35.1029
3758,-19.584813548048267,-35.1029
3759,-16.859157876296027,-34.4231
3760,-19.169634093048447,-34.4231
3761,-13.17855354096811,-34.4231
3762,-15.560737604187212,-34.4231
3763,-19.28958789876355,-34.4231
3764,-18.764671191048436,-34.4231
3765,-15.617517127681126,-34.4231
3766,-19.778743767202684,-34.4231
3767,-20.385161138969828,-34.4231
3768,-19.84490246788392,-34.4231
3769,-15.508803791937723,-34.4231
3770,-21.09252237736255,-34.4231
3771,-19.435392804723964,-34.4231
3772,-20.38261547652878,-33.6521
3773,-17.24709821599363,-33.6521
3774,-21.881350352734344,-33.6521
3775,-17.169835915455348,-33.6521
3776,-19.320926073126564,-33.6521
3777,-18.830113400534817,-33.6521
3778,-16.4868365425201,-33.6521
3779,-15.820144643688232,-33.6521
3780,-17.2341604676252,-33.6521
3781,-20.00581843016,-33.6521
3782,-17.10525422880513,-33.6521
3783,-14.336958157433022,-33.6521
3784,-16.937770376682344,-33.6521
3785,-21.906405840196253,-33.6521
3786,-21.653106743103606,-33.6521
3787,-21.886862233745287,-33.6521
3788,-21.006044794412034,-33.6521
3789,-21.776837294550916,-33.6521
3790,-22.532471715646608,-33.6521
3791,-22.852031585686152,-33.6521
3792,-18.366332236688805,-33.6521
3793,-17.20574766347157,-35.1029
3794,-21.572240418976875,-35.1029
3795,-20.540858776902724,-35.1029
3796,-20.10210699750718,-35.1029
3797,-21.385759627848376,-35.1029
3798,-21.725419150923962,-35.1029
3799,-20.24392824454148,-35.1029
3800,-20.57967173732594,-34.4231
3801,-19.9229764265284,-34.4231
3802,-21.42549104411732,-33.6521
3803,-20.149034633907597,-33.6521
3804,-17.578575468063796,-33.6521
3805,-19.504910671537314,-33.6521
3806,-19.190875938967622,-33.6521
3807,-21.1360674073117,-32.2142
3808,-20.839466840391125,-32.2142
3809,-19.149207409891083,-32.2142
3810,-22.788165721097684,-34.5732
3811,-22.461098418249158,-33.6521
3812,-21.190645817715875,-33.6521
3813,-20.929633388240205,-33.6521
3814,-24.751707587339133,-33.6521
3815,-20.811893976034483,-33.6521
3816,-17.26952557743439,-33.6521
3817,-20.055851730653202,-33.6521
3818,-19.03049170124518,-33.6521
3819,-22.33706124593022,-33.6521
3820,-21.299231035193404,-33.6521
3821,-22.692320116116647,-33.6521
3822,-21.29653725562141,-33.6521
3823,-20.19780935798458,-33.6521
3824,-19.318867004050347,-33.6521
3825,-21.570370244204817,-33.6521
3826,-21.61025387254228,-33.6521
3827,-22.483118132184885,-33.6521
3828,-20.44022403942308,-33.6521
3829,-20.084791708529252,-33.6521
3830,-19.87698571537051,-33.6521
3831,-20.654694390815717,-33.6521
3832,-22.02596290253358,-33.6521
3833,-21.419806164291973,-33.6521
3834,-19.38063967273993,-33.6521
3835,-21.351122319234427,-33.6521
3836,-23.08980847074882,-33.6521
3837,-23.87573904277916,-33.6521
3838,-21.352101033308188,-33.6521
3839,-19.143020303858776,-33.6521
3840,-21.60992562230713,-33.6521
3841,-21.43553734413448,-33.6521
3842,-20.289453719880797,-33.6521
3843,-21.38609608124728,-33.6521
3844,-17.03367165255476,-33.6521
3845,-20.51997367041341,-33.6521
3846,-21.372307357288975,-33.6521
3847,-21.767972791061744,-33.6521
3848,-19.522868411833862,-33.6521
3849,-17.816532124868083,-33.6521
3850,-19.200151074096997,-34.4231
3851,-22.172811233362406,-34.4231
3852,-21.17931141309628,-34.4231
3853,-20.074354624012493,-34.4231
3854,-22.904129505973497,-34.4231
3855,-22.175973452416425,-34.4231
3856,-18.073320208456845,-34.4231
3857,-19.01159388939389,-34.4231
3858,-19.477189310032013,-34.4231
3859,-18.584590214408692,-34.4231
3860,-16.439053241047866,-32.2142
3861,-19.178145026282706,-32.9223
3862,-22.390420734288135,-32.9223
3863,-17.445243398505312,-33.2355
3864,-23.48274971980127,-33.2355
3865,-20.65527210784819,-35.0735
3866,-22.24855472692579,-33.4847
3867,-20.99611365930027,-33.4847
3868,-21.848142925120403,-33.4847
3869,-23.119884548206706,-33.4875
3870,-22.64223811100471,-35.9463
3871,-17.929194497095867,-35.9463
3872,-22.250778089707985,-35.9463
3873,-21.893932917462955,-36.1024
3874,-20.840797398296864,-36.1024
3875,-22.11730858273597,-36.9534
3876,-24.566339896415084,-36.9534
3877,-25.029733232503904,-36.9534
3878,-22.400993560768086,-37.9318
3879,-24.471718214000017,-37.9318
3880,-27.90279122820321,-37.9318
3881,-24.046997296325472,-37.9318
3882,-26.476815061780115,-37.9318
3883,-29.77253591752583,-38.0716
3884,-27.88614861425777,-38.0716
3885,-25.595035639921267,-38.0716
3886,-24.502487873314458,-38.0716
3887,-27.10993130309465,-36.5861
3888,-28.197458056299254,-36.5861
3889,-28.307372377766832,-36.5861
3890,-30.25560093433373,-35.9157
3891,-28.64114188817822,-40.3356
3892,-32.448700808789404,-40.3356
3893,-30.913005503453483,-40.3356
3894,-30.551489517604683,-39.7762
3895,-32.630811228945255,-39.7762
3896,-31.63922719820426,-43.1789
3897,-29.964492335521452,-43.1789
3898,-31.34913104529229,-43.1789
3899,-28.938275807071445,-43.1789
3900,-31.367447195605113,-46.2708
3901,-33.2777778650883,-46.2708
3902,-31.69431115274271,-48.7607
3903,-31.894048727201767,-48.7607
3904,-28.76584889034553,-48.1704
3905,-25.444893075037637,-48.1704
3906,-25.870867346311304,-45.4659
3907,-24.755534842722675,-45.4659
3908,-26.2075925848227,-48.2622
3909,-26.666007642981878,-45.2496
3910,-26.720127194104943,-45.2496
3911,-27.98016578703156,-37.0732
3912,-25.51215217431526,-37.0732
3913,-25.3260892536409,-39.9976
3914,-28.076150194000316,-47.3488
3915,-26.64212083166879,-39.9976
3916,-27.79520962119686,-39.9976
3917,-27.811665807787662,-37.0732
3918,-27.64512693601101,-37.0732
3919,-27.49780156098215,-39.5774
3920,-27.912986570343563,-39.5774
3921,-29.503173495828765,-39.5774
3922,-27.604689534925985,-39.5774
3923,-28.69828849703513,-39.5774
3924,-25.517584621557184,-39.5774
3925,-25.835831087220733,-39.5774
3926,-24.806326207490045,-39.5774
3927,-28.198874899875428,-39.5774
3928,-26.7590093753561,-39.5774
3929,-28.436860475544073,-37.0732
3930,-29.738048843980913,-37.0732
3931,-26.810413596442984,-37.0732
3932,-23.679496520027413,-37.0732
3933,-25.97451696284102,-37.0732
3934,-27.31589794054186,-37.0732
3935,-28.44657109783105,-37.0732
3936,-27.71367650044855,-35.1374
3937,-29.185608570062122,-35.1374
3938,-29.98035791813861,-35.1374
3939,-28.121298384586424,-35.1374
3940,-27.022773525827482,-35.1374
3941,-29.14639041813028,-37.0499
3942,-26.52393909795734,-37.0499
3943,-21.83978029922878,-38.7644
3944,-27.877269616432187,-35.1374
3945,-35.016628812990504,-35.1374
3946,-33.60313163791796,-36.59
3947,-33.27986532156383,-36.59
3948,-33.91461300929878,-36.59
3949,-29.360168797299377,-36.59
3950,-33.52229145849966,-36.59
3951,-31.616293739031896,-47.3488
3952,-26.276890220949014,-47.3488
3953,-28.248397404902047,-46.333
3954,-28.81560826682611,-46.333
3955,-25.99456782049139,-46.333
3956,-31.187423126385234,-46.333
3957,-32.44948056183554,-42.8001
3958,-31.89195391677973,-42.8001
3959,-30.51288430895468,-42.8001
3960,-25.823923534483836,-39.2519
3961,-29.431298559840332,-39.2519
3962,-25.600587987987936,-37.8305
3963,-34.93131371962637,-37.8305
3964,-37.9906235707024,-38.3754
3965,-34.94511849286652,-43.3256
3966,-35.98263324304139,-43.3256
3967,-35.49988841428197,-43.3256
3968,-34.81408598713534,-40.1957
3969,-36.641548401758,-40.1957
3970,-35.19426191985316,-40.9344
3971,-34.45576825828785,-45.5351
3972,-34.84036129055725,-45.5351
3973,-36.18365428681922,-44.598
3974,-34.533916597741545,-44.598
3975,-33.384754153913704,-44.598
3976,-35.653571882003796,-44.598
3977,-33.16315799541319,-44.0215
3978,-33.98412270328922,-44.0215
3979,-37.91528077022282,-44.0215
3980,-39.306171752508924,-40.6791
3981,-37.10840273233997,-40.6791
3982,-38.02145070601903,-44.1769
3983,-37.22937415497497,-46.125
3984,-35.08565993422418,-41.0377
3985,-35.56741844232578,-41.0377
3986,-36.37114406016673,-41.0377
3987,-39.07799930872954,-48.168
3988,-40.39427841385678,-48.168
3989,-40.06811140762558,-42.1011
3990,-39.28012969031956,-42.1011
3991,-42.38657328750702,-39.4983
3992,-35.622789889899465,-46.7998
3993,-34.99165469622463,-46.7998
3994,-32.36568244086846,-42.4212
3995,-32.74512659839441,-35.3159
3996,-34.39704126144769,-35.3159
3997,-38.131442631488454,-43.845
3998,-37.07563531953661,-44.2061
3999,-38.574141465337235,-44.2061
4000,-37.903559294668256,-44.2061
4001,-36.34275807445007,-44.2061
4002,-38.8633709067292,-44.2061
4003,-37.91695139307596,-40.1743
4004,-38.46894435728369,-40.1743
4005,-37.5022626411137,-41.6991
4006,-35.975707568623285,-41.6991
4007,-37.40941097396723,-37.8322
4008,-35.57170516847572,-37.8322
4009,-35.11562040328764,-41.6991
4010,-35.13910548115341,-41.6991
4011,-34.48272131574913,-41.6991
4012,-36.059985887882824,-41.6991
4013,-37.2829663399215,-41.6991
4014,-37.90714784034617,-41.6991
4015,-37.24416318142651,-41.6991
4016,-36.654947592765616,-41.6991
4017,-36.44456601759472,-41.6991
4018,-37.739175902356884,-41.6991
4019,-35.717138212631404,-41.6991
4020,-33.609801275474034,-41.6991
4021,-33.8181441049188,-41.6991
4022,-35.69670193448248,-41.6991
4023,-38.023042079973045,-41.6991
4024,-35.78846736954119,-41.6991
4025,-37.35676899103744,-41.6991
4026,-38.086003022233605,-38.4981
4027,-38.36398567064667,-38.4981
4028,-33.929946375052104,-38.4981
4029,-36.00725824609667,-38.4981
4030,-37.306548859403804,-38.4981
4031,-35.446030341794824,-38.4981
4032,-36.98928682667181,-38.4981
4033,-37.50205663037525,-40.7345
4034,-36.3584213273218,-40.7345
4035,-35.38740621723022,-38.4981
4036,-37.605926066366834,-38.4981
4037,-37.23224817921762,-38.4981
4038,-37.4357755184344,-38.4981
4039,-35.20935390080528,-38.4981
4040,-36.344873211209254,-38.4981
4041,-36.7437106708125,-38.4981
4042,-34.42381069077931,-38.4981
4043,-34.37941483884285,-38.4981
4044,-35.34939562811709,-38.4981
4045,-38.10534151262941,-38.4981
4046,-36.318311018606074,-38.4981
4047,-37.586721871738476,-38.4981
4048,-35.820649105655875,-38.4981
4049,-37.3000696020959,-38.4981
4050,-33.797662566326274,-38.4981
4051,-36.59273840882541,-38.4981
4052,-38.405501089018465,-38.4981
4053,-34.87104983544584,-38.4981
4054,-34.64400695661118,-38.4981
4055,-34.14020469002595,-38.4981
4056,-34.4405942209545,-38.4981
4057,-35.67724407766467,-38.4981
4058,-37.696318811866156,-38.4981
4059,-37.07699681643991,-38.4981
4060,-37.9343991875578,-38.4981
4061,-35.89333864955189,-38.4981
4062,-36.280929707628495,-38.4981
4063,-33.628153089091,-38.4981
4064,-34.199699876422486,-38.4981
4065,-38.281642623067405,-38.4981
4066,-38.19374043063152,-38.4981
4067,-37.08585497352674,-38.4981
4068,-35.0547536874838,-38.4981
4069,-35.23489355838089,-38.4981
4070,-37.69454188728479,-38.4981
4071,-37.27085092492407,-38.4981
4072,-37.69626620506757,-38.4981
4073,-34.44412610501778,-38.4981
4074,-35.144467486728956,-38.4981
4075,-35.047225807555655,-38.4981
4076,-36.43143287201293,-38.4981
4077,-33.835262122879854,-38.4981
4078,-34.42242733134413,-38.4981
4079,-36.22736260780619,-40.7345
4080,-34.74021891574852,-40.7345
4081,-34.15703122572198,-40.7345
4082,-35.18958238655381,-41.6991
4083,-34.70999154194005,-41.6991
4084,-37.74105661260332,-41.6991
4085,-39.21757776550988,-40.1743
4086,-39.398767090323695,-40.1743
4087,-40.31611147242017,-37.6484
4088,-37.07502008257925,-41.6491
4089,-33.55662324673617,-39.3489
4090,-37.58063971049802,-39.3489
4091,-35.964646386965015,-39.3489
4092,-35.44333922778878,-37.3995
4093,-36.95336857130789,-39.2568
4094,-37.5865856863788,-36.9857
4095,-38.706347614880016,-36.9857
4096,-37.70986048445138,-36.9857
4097,-35.75678441315702,-38.5672
4098,-41.1773959516928,-38.5672
4099,-39.14773601753203,-38.5672
4100,-34.76716094867175,-38.5672
4101,-36.56334414992561,-38.5672
4102,-35.430760353500425,-37.0565
4103,-36.05735328254698,-37.0565
4104,-35.981363951592705,-37.0565
4105,-36.86333852989772,-37.2784
4106,-36.75793394719797,-37.2784
4107,-36.38223607785288,-36.4149
4108,-35.25505576861218,-36.4149
4109,-36.856679963620614,-36.4149
4110,-36.038440267864246,-36.4149
4111,-36.00865121545806,-38.6717
4112,-34.27076285749935,-38.4604
4113,-35.56854483468566,-38.4604
4114,-33.341702996858785,-38.4604
4115,-34.73523836810799,-38.2967
4116,-35.2478005242632,-38.2967
4117,-38.45014571543327,-38.2967
4118,-38.227166849717314,-37.6193
4119,-32.30344900278675,-36.8437
4120,-33.7488276111839,-36.8437
4121,-30.999141880126686,-36.1797
4122,-37.489493172788826,-36.1797
4123,-34.68616596157376,-36.1797
4124,-33.00249850995235,-36.1797
4125,-32.7032994372503,-37.1783
4126,-37.12610698005169,-37.1783
4127,-34.78522330934053,-37.1783
4128,-35.24006611497959,-35.5036
4129,-34.19403245752263,-37.7041
4130,-28.641658359272668,-37.7041
4131,-31.853795875047332,-35.4026
4132,-32.47551220136812,-35.4026
4133,-32.88600999622836,-35.4026
4134,-35.157319009940565,-37.4116
4135,-30.742897241984085,-37.4116
4136,-36.33962614574194,-38.4156
4137,-34.0006835594138,-38.4156
4138,-32.576120792095686,-37.133
4139,-36.02730640748717,-37.133
4140,-31.830838303944535,-37.133
4141,-36.85431204646568,-39.4536
4142,-35.37643826211395,-39.4536
4143,-36.7403391970526,-37.6574
4144,-39.691659063230425,-37.6574
4145,-39.43261361948269,-36.9989
4146,-35.677406170727544,-37.28
4147,-37.08547809411727,-37.28
4148,-33.97811329748538,-36.179
4149,-35.67988528570447,-36.179
4150,-37.076840238401914,-36.179
4151,-38.63324927421893,-35.7559
4152,-36.546163820375924,-35.7559
4153,-33.4190598689169,-35.7559
4154,-36.840761627178736,-36.65
4155,-36.1064854632451,-36.65
4156,-41.125332225560115,-36.65
4157,-39.898401539089456,-36.65
4158,-42.022483329376485,-36.65
4159,-35.5210088093048,-36.8349
4160,-39.2063414458264,-37.9317
4161,-35.77696087152659,-37.9317
4162,-38.2885727934202,-37.9317
4163,-39.36586082372003,-39.2777
4164,-42.7679998239241,-39.2777
4165,-39.472538266081166,-39.2777
4166,-42.09754521101062,-39.2777
4167,-43.57619818053937,-40.7736
4168,-41.793262084415744,-40.7736
4169,-40.83209949148282,-45.4387
4170,-41.605868520029645,-45.4387
4171,-40.12914395699174,-45.0296
4172,-41.33164472527455,-45.0296
4173,-41.091032507511486,-45.0296
4174,-39.883482052761494,-41.6254
4175,-42.182957975251504,-41.6254
4176,-40.33386148409139,-41.6254
4177,-41.64225092568732,-41.6254
4178,-39.39542413932567,-41.6254
4179,-40.48574189150657,-41.6254
4180,-36.62532000953186,-41.6254
4181,-38.73337169122435,-41.6254
4182,-40.26927751181377,-41.6254
4183,-39.7285968803909,-42.9731
4184,-42.1529194937508,-42.9731
4185,-39.60729213698603,-42.9731
4186,-38.6560182026029,-42.9731
4187,-39.800185092902346,-42.9731
4188,-43.130162796958416,-42.9731
4189,-42.82206017432137,-42.9731
4190,-40.77097463402956,-42.9731
4191,-41.63414446776844,-42.9731
4192,-43.96053770707721,-42.6441
4193,-42.584388465216314,-42.6441
4194,-43.11879073696163,-42.6441
4195,-40.999756034571035,-42.6441
4196,-40.74272621480392,-42.6441
4197,-42.98577299647957,-42.6441
4198,-41.79127081814684,-45.0886
4199,-42.19552597915574,-45.0886
4200,-35.27185970260744,-45.0886
4201,-40.18691501886077,-45.0886
4202,-42.36987276999602,-45.0886
4203,-42.04674394034977,-45.0886
4204,-39.713639996436974,-45.0886
4205,-40.73743379644581,-45.0886
4206,-43.25914881284394,-45.0886
4207,-40.684175105217705,-45.0886
4208,-41.921924748428985,-42.9731
4209,-40.47360148956673,-42.9731
4210,-39.93850764506093,-42.9731
4211,-41.62303492138374,-42.9731
4212,-40.5957251204584,-42.9731
4213,-41.55414477137434,-42.9731
4214,-42.573734032358956,-42.9731
4215,-42.06264267755678,-42.9731
4216,-41.283674870864445,-42.9731
4217,-43.380377209932426,-42.9731
4218,-43.147668058748735,-42.9731
4219,-41.19578705416256,-42.9731
4220,-42.734207466168705,-42.9731
4221,-42.28283744538808,-42.9731
4222,-43.52701149974926,-42.9731
4223,-41.84940347410637,-42.9731
4224,-42.121836143584645,-42.9731
4225,-42.690889899394755,-42.9731
4226,-40.78918138060136,-42.9731
4227,-40.0779535423506,-42.9731
4228,-40.428711865564125,-42.9731
4229,-42.17630199275927,-42.9731
4230,-40.72476327435684,-42.9731
4231,-41.45276968373922,-42.9731
4232,-43.653853966398906,-42.9731
4233,-41.23622969800796,-42.9731
4234,-42.7096410052874,-42.9731
4235,-41.57713277360472,-42.9731
4236,-42.02616779994428,-42.9731
4237,-41.98432694316218,-42.9731
4238,-42.9244844930437,-42.9731
4239,-40.80639541601581,-42.9731
4240,-42.84988885749886,-42.9731
4241,-42.79390009685307,-42.9731
4242,-41.435557337630826,-42.9731
4243,-41.1686878652299,-42.9731
4244,-41.451871940016176,-42.9731
4245,-40.57041514603219,-42.9731
4246,-42.32054085961337,-41.8053
4247,-43.31989982351237,-41.8053
4248,-39.656304936234285,-41.8053
4249,-41.20000738567669,-41.8053
4250,-40.21227762742309,-41.8053
4251,-42.287499524067385,-41.8053
4252,-39.55413366611043,-41.8053
4253,-40.794903064025775,-41.8053
4254,-42.002965616827304,-41.8053
4255,-39.1479115576994,-41.8053
4256,-41.59837105781138,-41.8053
4257,-40.475513106644556,-41.8053
4258,-40.45987949020088,-41.8053
4259,-40.079800719154015,-41.8053
4260,-40.96097901584297,-41.8053
4261,-40.90574696826158,-42.9731
4262,-40.65185155071292,-42.9731
4263,-39.722768030024596,-42.9731
4264,-41.18976148618426,-42.9731
4265,-38.91474840914391,-42.9731
4266,-39.68792018190181,-42.9731
4267,-42.44001220092133,-42.9731
4268,-41.80579507495438,-44.534
4269,-40.72389294570485,-42.9731
4270,-39.03461733286028,-42.9731
4271,-40.92080898289162,-42.8671
4272,-35.86093346861652,-42.4039
4273,-38.948524403035115,-42.4039
4274,-35.71941334505018,-45.6501
4275,-36.14498708047354,-45.6501
4276,-32.99201943782306,-45.6501
4277,-36.581484542410806,-44.9726
4278,-37.242584596179505,-44.9726
4279,-38.39454811402119,-44.9726
4280,-35.99382976843567,-44.9726
4281,-33.42365194734635,-37.9067
4282,-37.614318531207765,-37.9067
4283,-39.58776495338091,-43.1642
4284,-39.8003772771648,-43.6334
4285,-40.699429875525716,-43.6334
4286,-40.81605609998906,-44.4544
4287,-41.48793054985977,-44.4544
4288,-38.3345890590908,-44.4544
4289,-39.64204100955665,-44.4544
4290,-37.316189718042956,-44.4544
4291,-39.62538669045802,-44.4544
4292,-41.67656031723055,-42.7613
4293,-39.49502032160237,-42.7613
4294,-38.6413635396344,-42.7613
4295,-38.71426497987821,-42.7613
4296,-40.144052785379934,-43.7774
4297,-40.51563149670193,-43.7774
4298,-41.474075638042066,-43.7774
4299,-42.50464394264844,-43.7774
4300,-41.68915387297355,-43.1369
4301,-41.17412899344106,-43.1369
4302,-41.27969295490408,-42.7613
4303,-42.26592414299972,-42.7613
4304,-41.88637465977473,-42.7613
4305,-41.895574623998,-42.7613
4306,-41.359677508439496,-42.7613
4307,-41.12096403062846,-42.7613
4308,-42.99596697849157,-42.7613
4309,-39.39680331239052,-42.7613
4310,-41.02270849520452,-42.7613
4311,-42.8492981307876,-42.7613
4312,-40.209420511482705,-42.7613
4313,-40.9973268247804,-42.7613
4314,-40.74134684688666,-42.8344
4315,-41.017924935013426,-42.8344
4316,-41.80684749336272,-42.8344
4317,-40.30056676551945,-42.8344
4318,-41.05328684669055,-42.8344
4319,-39.39348918118079,-43.9681
4320,-40.82145263579918,-43.9681
4321,-41.0844510807881,-43.9681
4322,-41.3363792565406,-43.9681
4323,-40.69840658883872,-43.9681
4324,-42.282022416568886,-43.9681
4325,-40.76705648072409,-43.9681
4326,-41.17957642975901,-43.9681
4327,-39.25027563891233,-43.9681
4328,-39.55161736819733,-43.9681
4329,-40.86315016036136,-43.9681
4330,-42.00117318644303,-43.9681
4331,-42.46250923328623,-43.9681
4332,-41.62463905595394,-43.9681
4333,-42.855763131612655,-43.9681
4334,-42.147958165613666,-43.9681
4335,-40.40451549075306,-42.8695
4336,-42.12159361548234,-42.8695
4337,-40.832690411149066,-42.8695
4338,-43.534878685185376,-42.8695
4339,-40.798976604711534,-42.8695
4340,-42.68321185867584,-42.8695
4341,-42.37950430106483,-42.8695
4342,-41.93368645019065,-42.8695
4343,-42.00911749463003,-42.8695
24.4239
4341,-42.37950430106483,-24.4239
4342,-41.93368645019065,-24.4239
4343,-42.00911749463003,-24.4239
4344,-42.44155988940026,-24.4239
4345,-41.83109357411715,-24.4239
4346,-40.467670649551295,-24.4239
4347,-44.36822646355256,-24.4239
4348,-41.52906446542868,-24.4239
4349,-40.30770081199562,-24.4239
4350,-42.33177361260466,-24.4239
4351,-40.8177382390972,-24.4239
4352,-40.421868089302826,-24.4239
4353,-39.6262100220639,-24.5211
4354,-40.639792920627265,-24.5211
4355,-42.92714943985027,-24.5211
4356,-42.96381131224945,-24.5211
4357,-41.365708871937194,-24.5211
4358,-42.45610069565731,-24.5211
4359,-42.04975783399323,-24.5211
4360,-41.80663079036974,-24.5211
4361,-40.76138122126703,-24.5211
4362,-39.676889610211234,-24.5211
4363,-41.918828018362305,-24.5211
4364,-42.453665899762896,-24.5211
4365,-41.93769269629478,-24.5211
4366,-43.255168095437085,-24.5211
4367,-41.705999150335096,-24.5211
4368,-40.84886185633968,-24.5211
4369,-38.77480427710802,-24.4239
4370,-39.3624449434637,-24.4239
4371,-40.24346456447035,-24.4239
4372,-40.568247413817915,-24.4239
4373,-42.5925734970431,-24.4239
4374,-39.89512427964843,-24.4239
4375,-43.33828077724203,-24.5211
4376,-39.34321498625572,-24.5211
4377,-41.04755770383931,-24.5211
4378,-39.485266262689684,-24.5211
4379,-39.88110151396515,-24.5211
4380,-41.16050400076682,-24.5211
4381,-39.92088094439608,-27.9016
4382,-42.8868325278641,-27.9016
4383,-41.64293477663928,-27.9016
4384,-39.43464116259327,-27.9016
4385,-39.100641382306385,-27.9016
4386,-40.42124925784211,-27.9016
